,date,price
0,2014-01-02,
1,2014-01-03,
2,2014-01-06,
3,2014-01-07,
4,2014-01-08,
5,2014-01-09,
6,2014-01-10,
7,2014-01-13,
8,2014-01-14,
9,2014-01-15,
10,2014-01-16,34.13108011387811
11,2014-01-17,36.72812567769585
12,2014-01-20,35.08040435864913
13,2014-01-21,35.44041355889032
14,2014-01-22,34.17354896903458
15,2014-01-23,33.5867886671551
16,2014-01-24,32.7445920689285
17,2014-01-27,31.613538415420436
18,2014-01-28,30.63120622987382
19,2014-01-29,29.60085775998229
20,2014-01-30,29.498977122153867
21,2014-01-31,29.392967280203955
22,2014-02-03,29.303266672071622
23,2014-02-04,29.226380461938824
24,2014-02-05,29.15974577020564
25,2014-02-06,29.101440437172123
26,2014-02-07,29.04999457600892
27,2014-02-10,28.077944435344186
28,2014-02-11,27.881966162515855
29,2014-02-12,29.04319641853453
30,2014-02-13,29.22146371140697
31,2014-02-14,28.51759402273911
32,2014-02-17,28.248735600480735
33,2014-02-18,29.28539176476767
34,2014-02-19,28.51167700448385
35,2014-02-20,27.764831149443946
36,2014-02-21,27.165647641294814
37,2014-02-24,26.401897373089348
38,2014-02-25,27.13719502819528
39,2014-02-26,26.623584949949084
40,2014-02-27,26.172983616560735
41,2014-02-28,25.715326496850803
42,2014-03-03,26.011832632208773
43,2014-03-04,25.428757565524723
44,2014-03-05,25.87280212154615
45,2014-03-06,26.14115950744125
46,2014-03-07,25.838661466842424
47,2014-03-10,33.268767973508844
48,2014-03-11,32.617689588786945
49,2014-03-12,31.860013658725897
50,2014-03-13,34.123822691017935
51,2014-03-14,33.39265248484352
52,2014-03-17,32.80850913789993
53,2014-03-18,32.12584169500503
54,2014-03-19,31.63950341591942
55,2014-03-20,32.39008279377488
56,2014-03-21,31.74592310452241
57,2014-03-24,32.344804494061485
58,2014-03-25,38.63653990773571
59,2014-03-26,38.60341242854314
60,2014-03-27,41.42502738377175
61,2014-03-28,40.598834209550716
62,2014-03-31,40.57945960124529
63,2014-04-01,39.81707668354784
64,2014-04-02,39.55827475399205
65,2014-04-03,39.74676225527026
66,2014-04-04,39.11071606077366
67,2014-04-07,39.16451750343366
68,2014-04-08,39.21649509173913
69,2014-04-09,39.6043382288572
70,2014-04-10,40.0552991695647
71,2014-04-11,39.63886411385263
72,2014-04-14,40.56855225220472
73,2014-04-15,39.67047663071045
74,2014-04-16,38.76950902847817
75,2014-04-17,38.16743719513909
76,2014-04-18,37.33307403492924
77,2014-04-21,42.618606900130075
78,2014-04-22,41.93109837881393
79,2014-04-23,41.021215473035426
80,2014-04-24,40.115284943159494
81,2014-04-25,39.8946080450761
82,2014-04-28,39.34414567266159
83,2014-04-29,40.19413436354112
84,2014-04-30,39.32268431045364
85,2014-05-01,39.35030467821935
86,2014-05-02,39.377207581858926
87,2014-05-05,39.403420616146576
88,2014-05-06,39.314928157399265
89,2014-05-07,38.79441412810019
90,2014-05-08,37.88726766785368
91,2014-05-09,37.99992200643307
92,2014-05-12,37.348652264639966
93,2014-05-13,36.46659027500267
94,2014-05-14,36.56226433792641
95,2014-05-15,36.767756999768906
96,2014-05-16,36.67221367930476
97,2014-05-19,36.03825789977192
98,2014-05-20,35.4062686608208
99,2014-05-21,35.03573223477225
100,2014-05-22,36.10391231856227
101,2014-05-23,35.90779070866724
102,2014-05-26,35.255248589423566
103,2014-05-27,36.30889012649462
104,2014-05-28,37.067978935678106
105,2014-05-29,36.74078287289585
106,2014-05-30,36.11760051947656
107,2014-06-02,36.12128872270569
108,2014-06-03,36.124902407776126
109,2014-06-04,36.33514316003926
110,2014-06-05,35.488620551179885
111,2014-06-06,35.29956797927309
112,2014-06-09,36.724199791443525
113,2014-06-10,36.471087464426084
114,2014-06-11,36.0287421500703
115,2014-06-12,35.487327782196964
116,2014-06-13,34.946569700937445
117,2014-06-16,38.69735183226642
118,2014-06-17,37.83008365521913
119,2014-06-18,37.53331969272363
120,2014-06-19,36.824019294440745
121,2014-06-20,36.09359471564832
122,2014-06-23,36.49949791990372
123,2014-06-24,35.79596379848874
124,2014-06-25,35.032314555506545
125,2014-06-26,34.5001123024933
126,2014-06-27,33.81096559161261
127,2014-06-30,33.988287662913635
128,2014-07-01,33.30199793872339
129,2014-07-02,32.63417295430454
130,2014-07-03,32.114137036445015
131,2014-07-04,31.5186034979266
132,2014-07-07,30.893750533687637
133,2014-07-08,30.372642259347494
134,2014-07-09,29.772275379979288
135,2014-07-10,29.45529900257499
136,2014-07-11,28.916926510780222
137,2014-07-14,28.71139255049105
138,2014-07-15,28.85687033206679
139,2014-07-16,30.217969988306283
140,2014-07-17,29.635143194367764
141,2014-07-18,29.633727748665045
142,2014-07-21,29.56910307894342
143,2014-07-22,30.413089956566857
144,2014-07-23,30.333934798936387
145,2014-07-24,30.545081925901748
146,2014-07-25,29.9905716421892
147,2014-07-28,29.447239473069907
148,2014-07-29,29.086580285055952
149,2014-07-30,28.85055094973918
150,2014-07-31,28.316828876114947
151,2014-08-01,27.803794571104564
152,2014-08-04,27.355952364581025
153,2014-08-05,26.937929768083315
154,2014-08-06,28.75811523649339
155,2014-08-07,29.269255911615133
156,2014-08-08,28.798226685458374
157,2014-08-11,28.558445083111692
158,2014-08-12,28.017358516977573
159,2014-08-13,28.645835787451965
160,2014-08-14,28.669932815909558
161,2014-08-15,30.15249954820623
162,2014-08-18,29.71039644561862
163,2014-08-19,29.169755418300042
164,2014-08-20,29.203477680628193
165,2014-08-21,28.65178778439128
166,2014-08-22,28.3308861972407
167,2014-08-25,27.933936243979765
168,2014-08-26,27.448842579394423
169,2014-08-27,26.93916538144571
170,2014-08-28,26.663594935264015
171,2014-08-29,26.647348867248404
172,2014-09-01,29.062035286949012
173,2014-09-02,28.640993315774793
174,2014-09-03,29.1196411985118
175,2014-09-04,28.869331607009368
176,2014-09-05,29.752813183301058
177,2014-09-08,29.744384622570642
178,2014-09-09,29.736055843689073
179,2014-09-10,29.91323062057196
180,2014-09-11,32.750878810259785
181,2014-09-12,32.08692307588693
182,2014-09-15,31.40003533892557
183,2014-09-16,31.09970312732391
184,2014-09-17,33.06630717543351
185,2014-09-18,32.358730196681975
186,2014-09-19,31.809838237023865
187,2014-09-22,32.373173522552435
188,2014-09-23,33.63525061336016
189,2014-09-24,33.223901076810876
190,2014-09-25,32.93878676877527
191,2014-09-26,32.305477481335345
192,2014-09-29,32.58364166502925
193,2014-09-30,32.97467937700269
194,2014-10-01,32.97503581397531
195,2014-10-02,32.97538841663419
196,2014-10-03,32.975737246492365
197,2014-10-06,32.97608236375413
198,2014-10-07,32.9764238273496
199,2014-10-08,32.97676169496823
200,2014-10-09,32.07853879296738
201,2014-10-10,32.24713584838205
202,2014-10-13,32.52739430801186
203,2014-10-14,33.2648486809782
204,2014-10-15,32.75865918869903
205,2014-10-16,32.215784112111876
206,2014-10-17,31.954869873682906
207,2014-10-20,36.165275915640585
208,2014-10-21,35.32694443936057
209,2014-10-22,44.44209293561429
210,2014-10-23,48.290521125920144
211,2014-10-24,61.422221193972995
212,2014-10-27,59.77585644001458
213,2014-10-28,58.416947159396756
214,2014-10-29,57.09072154667525
215,2014-10-30,56.565724109745716
216,2014-10-31,55.31795587539935
217,2014-11-03,53.97491078579973
218,2014-11-04,53.248211075822795
219,2014-11-05,52.24070661696585
220,2014-11-06,51.4579527853692
221,2014-11-07,50.21865511201695
222,2014-11-10,49.04913879152558
223,2014-11-11,48.32968675622933
224,2014-11-12,47.321249120430025
225,2014-11-13,46.23974428504029
226,2014-11-14,45.17607458832893
227,2014-11-17,44.61847590372335
228,2014-11-18,43.62763056646375
229,2014-11-19,44.13651265745142
230,2014-11-20,43.52560359494917
231,2014-11-21,42.62303490744709
232,2014-11-24,42.124534268365196
233,2014-11-25,41.39272949487156
234,2014-11-26,40.609675278458965
235,2014-11-27,39.735663641597725
236,2014-11-28,39.18851846968419
237,2014-12-01,38.908099550448256
238,2014-12-02,38.15340994707975
239,2014-12-03,37.364072971393384
240,2014-12-04,36.631131803607786
241,2014-12-05,36.666244694595534
242,2014-12-08,36.05501467549848
243,2014-12-09,37.53571542472257
244,2014-12-10,36.990857899067684
245,2014-12-11,36.70113729674377
246,2014-12-12,35.957011784436474
247,2014-12-15,37.94641549076646
248,2014-12-16,37.31345109397875
249,2014-12-17,36.551206905666014
250,2014-12-18,36.00313655055511
251,2014-12-19,35.543423582656146
252,2014-12-22,39.06811441061596
253,2014-12-23,38.31744507766004
254,2014-12-24,37.84108245462738
255,2014-12-25,37.349126772479416
256,2014-12-26,36.98988592189472
257,2014-12-29,36.67270316154147
258,2014-12-30,39.69354684573855
259,2014-12-31,42.29262404919774
260,2015-01-01,42.30410839855389
261,2015-01-02,42.31550152959473
262,2015-01-05,42.32680452396089
263,2015-01-06,45.82666286993886
264,2015-01-07,45.20519654618866
265,2015-01-08,44.46690725640234
266,2015-01-09,44.18801171191169
267,2015-01-12,50.133033070598714
268,2015-01-13,49.71686389946897
269,2015-01-14,48.5103639131471
270,2015-01-15,47.646272308083226
271,2015-01-16,49.67118627698068
272,2015-01-19,51.58930083841771
273,2015-01-20,51.07783035865809
274,2015-01-21,50.849138541001366
275,2015-01-22,51.25828240764598
276,2015-01-23,50.11032414233156
277,2015-01-26,49.31997191161417
278,2015-01-27,49.333150699517276
279,2015-01-28,48.74819102904851
280,2015-01-29,47.681614057866526
281,2015-01-30,48.00996874177509
282,2015-02-02,46.94488203732571
283,2015-02-03,47.14487753812966
284,2015-02-04,54.92587107996057
285,2015-02-05,56.304785599838226
286,2015-02-06,56.94009848438651
287,2015-02-09,55.99565411979486
288,2015-02-10,55.284289027309306
289,2015-02-11,54.67520113526001
290,2015-02-12,54.69219348076421
291,2015-02-13,53.94598977391054
292,2015-02-16,52.82482740384663
293,2015-02-17,51.729063032356166
294,2015-02-18,51.7503732995914
295,2015-02-19,51.771534390695834
296,2015-02-20,51.79254786500316
297,2015-02-23,51.81341526018967
298,2015-02-24,51.83413809264897
299,2015-02-25,51.85471785785887
300,2015-02-26,50.71207035124691
301,2015-02-27,49.2240402576886
302,2015-03-02,47.95981579678188
303,2015-03-03,52.76596235768416
304,2015-03-04,51.280735038899564
305,2015-03-05,50.19654029880249
306,2015-03-06,49.02686793107751
307,2015-03-09,50.46519363177606
308,2015-03-10,49.19345857531041
309,2015-03-11,48.183570266696044
310,2015-03-12,50.26136017545259
311,2015-03-13,49.01326514040118
312,2015-03-16,47.79302727880266
313,2015-03-17,47.23378763049862
314,2015-03-18,46.79429551358125
315,2015-03-19,46.66487680178624
316,2015-03-20,45.565683597950766
317,2015-03-23,47.24372647322677
318,2015-03-24,56.276243409564906
319,2015-03-25,57.64452915678765
320,2015-03-26,56.276272665363514
321,2015-03-27,54.99532894699387
322,2015-03-30,57.957226670620535
323,2015-03-31,59.00633229510645
324,2015-04-01,58.041574145252056
325,2015-04-02,58.690534158261684
326,2015-04-03,58.39404840387695
327,2015-04-06,58.41986207425179
328,2015-04-07,58.44551369611779
329,2015-04-08,60.91070806644232
330,2015-04-09,66.04146614086773
331,2015-04-10,66.81561384935772
332,2015-04-13,65.07628882656317
333,2015-04-14,64.91964110015783
334,2015-04-15,65.00653596705666
335,2015-04-16,63.66716951908669
336,2015-04-17,62.34881541157574
337,2015-04-20,60.821583931305945
338,2015-04-21,59.742790825421835
339,2015-04-22,58.6633377671066
340,2015-04-23,57.61295894703409
341,2015-04-24,56.435698517704644
342,2015-04-27,56.84742256505028
343,2015-04-28,58.31018004049638
344,2015-04-29,57.10907198728667
345,2015-04-30,55.82683813487258
346,2015-05-01,55.845469663602515
347,2015-05-04,55.86399078797484
348,2015-05-05,55.53150219745177
349,2015-05-06,54.35120578869893
350,2015-05-07,54.45489980048835
351,2015-05-08,54.375328934281306
352,2015-05-11,53.494681928323274
353,2015-05-12,52.20785634464443
354,2015-05-13,54.51285933008421
355,2015-05-14,54.238018280757984
356,2015-05-15,53.10006435972798
357,2015-05-18,52.023928563000446
358,2015-05-19,51.580532447973226
359,2015-05-20,57.55306020126695
360,2015-05-21,56.266870902585424
361,2015-05-22,57.434473023237764
362,2015-05-25,56.867823322686746
363,2015-05-26,55.63544702307354
364,2015-05-27,57.315085102093335
365,2015-05-28,56.038197620729356
366,2015-05-29,54.89497856570936
367,2015-06-01,54.55632673572782
368,2015-06-02,53.337607146965546
369,2015-06-03,52.81013579531924
370,2015-06-04,53.57779930796715
371,2015-06-05,52.53414673682987
372,2015-06-08,53.41531043502047
373,2015-06-09,52.84990650819585
374,2015-06-10,53.67897206036821
375,2015-06-11,52.53072749584893
376,2015-06-12,51.44049382912524
377,2015-06-15,50.7518833398089
378,2015-06-16,49.77293929681767
379,2015-06-17,48.747497784855675
380,2015-06-18,48.39056292349446
381,2015-06-19,48.38621925201958
382,2015-06-22,48.391938199113895
383,2015-06-23,48.397626509684684
384,2015-06-24,48.07631630481655
385,2015-06-25,47.35756390711615
386,2015-06-26,46.49867444185891
387,2015-06-29,45.462631691817116
388,2015-06-30,44.54672162558318
389,2015-07-01,47.76742683605867
390,2015-07-02,47.60087415823839
391,2015-07-03,46.55074002837108
392,2015-07-06,45.98324176836865
393,2015-07-07,53.33035558472495
394,2015-07-08,76.53030743109096
395,2015-07-09,74.95813440075715
396,2015-07-10,80.64971712893718
397,2015-07-13,78.73289618261579
398,2015-07-14,77.15672523582472
399,2015-07-15,75.5236122544245
400,2015-07-16,73.85827755032335
401,2015-07-17,72.5088397102968
402,2015-07-20,70.79729419308985
403,2015-07-21,69.16847576196199
404,2015-07-22,67.71723299557411
405,2015-07-23,66.17315761219282
406,2015-07-24,64.65957987960185
407,2015-07-27,63.67649788051186
408,2015-07-28,64.95411635485875
409,2015-07-29,65.95221862890112
410,2015-07-30,65.96835886695331
411,2015-07-31,65.55252401345238
412,2015-08-03,64.50250011377705
413,2015-08-04,65.34996588626197
414,2015-08-05,69.48364948943575
415,2015-08-06,67.92705039189569
416,2015-08-07,66.44356451025986
417,2015-08-10,65.24309916857199
418,2015-08-11,63.79191969677697
419,2015-08-12,62.39074061331401
420,2015-08-13,63.09223544185571
421,2015-08-14,61.7026125829897
422,2015-08-17,60.73022424011625
423,2015-08-18,63.21358460197227
424,2015-08-19,61.85680963247931
425,2015-08-20,61.895406348530244
426,2015-08-21,61.37810527206222
427,2015-08-24,61.41000110789536
428,2015-08-25,62.13786034955087
429,2015-08-26,61.965891729376516
430,2015-08-27,60.85986526639595
431,2015-08-28,73.88466691502512
432,2015-08-31,74.7282312089856
433,2015-09-01,73.04140130688103
434,2015-09-02,72.35925776150975
435,2015-09-03,72.38655014060915
436,2015-09-04,72.41371439250966
437,2015-09-07,72.44075141530297
438,2015-09-08,70.59624797037422
439,2015-09-09,69.08236092571492
440,2015-09-10,67.5625801239552
441,2015-09-11,66.09137689309452
442,2015-09-14,64.55768526609108
443,2015-09-15,62.977889901832484
444,2015-09-16,62.17107168233869
445,2015-09-17,61.47705820210985
446,2015-09-18,61.27536752885483
447,2015-09-21,60.451817199001006
448,2015-09-22,59.52353704332977
449,2015-09-23,58.5225166976315
450,2015-09-24,57.80941398811753
451,2015-09-25,56.49859496203595
452,2015-09-28,55.64158753922359
453,2015-09-29,54.58788044424761
454,2015-09-30,53.392006810004006
455,2015-10-01,53.397196465907015
456,2015-10-02,53.40236284332631
457,2015-10-05,53.407506098145376
458,2015-10-06,53.412626384858996
459,2015-10-07,53.41772385658868
460,2015-10-08,53.42279866509785
461,2015-10-09,51.854948682838206
462,2015-10-12,51.06921495082166
463,2015-10-13,50.31320598776391
464,2015-10-14,49.089980303211775
465,2015-10-15,48.10642997489692
466,2015-10-16,46.89255792823473
467,2015-10-19,45.71859358247772
468,2015-10-20,44.63278372412606
469,2015-10-21,43.99100878047516
470,2015-10-22,44.317948340426554
471,2015-10-23,43.395794270488025
472,2015-10-26,42.679003876085794
473,2015-10-27,41.861558111110774
474,2015-10-28,41.18970351021299
475,2015-10-29,40.370176926008725
476,2015-10-30,39.89629884006133
477,2015-11-02,39.400529897740924
478,2015-11-03,38.888689974156975
479,2015-11-04,38.88596898686201
480,2015-11-05,38.78958728722738
481,2015-11-06,38.361745155020195
482,2015-11-09,41.53986900609388
483,2015-11-10,41.686186192585744
484,2015-11-11,42.16191181706411
485,2015-11-12,41.83772662246982
486,2015-11-13,41.04409946995896
487,2015-11-16,41.61017473299899
488,2015-11-17,41.33429715130445
489,2015-11-18,40.73769690016756
490,2015-11-19,40.1757896400477
491,2015-11-20,40.487743877323
492,2015-11-23,40.89175370989693
493,2015-11-24,41.20801431793015
494,2015-11-25,54.5038972255403
495,2015-11-26,53.821660708584666
496,2015-11-27,52.739521060299744
497,2015-11-30,51.97446227710855
498,2015-12-01,51.61169495258483
499,2015-12-02,50.93931293584403
500,2015-12-03,49.94643416296511
501,2015-12-04,50.40380061555099
502,2015-12-07,52.17133088512254
503,2015-12-08,51.07789975695838
504,2015-12-09,50.04389039720215
505,2015-12-10,50.53991709495948
506,2015-12-11,49.6425631589881
507,2015-12-14,48.65352962157341
508,2015-12-15,47.87801293542041
509,2015-12-16,47.141469151167094
510,2015-12-17,46.42034057779955
511,2015-12-18,45.61776449858441
512,2015-12-21,45.44533843789176
513,2015-12-22,49.830197762538084
514,2015-12-23,49.21353017355581
515,2015-12-24,48.256625427777216
516,2015-12-25,50.49340710898767
517,2015-12-28,49.69161897213863
518,2015-12-29,55.02557241772132
519,2015-12-30,59.599245976801896
520,2015-12-31,59.520628564482095
521,2016-01-01,59.53110345694691
522,2016-01-04,59.54153737590859
523,2016-01-05,58.655672980440194
524,2016-01-06,57.52928599234616
525,2016-01-07,56.516605969222674
526,2016-01-08,58.2336525821892
527,2016-01-11,57.0682756516672
528,2016-01-12,57.75820528217906
529,2016-01-13,56.556369677340626
530,2016-01-14,55.642547311732436
531,2016-01-15,55.12314908667019
532,2016-01-18,55.283701332486494
533,2016-01-19,55.83388988887483
534,2016-01-20,56.38159235050511
535,2016-01-21,55.18959097537871
536,2016-01-22,54.37918275152481
537,2016-01-25,55.256507656910685
538,2016-01-26,54.43746818334611
539,2016-01-27,53.27772433887777
540,2016-01-28,52.172976042104246
541,2016-01-29,51.07136533400167
542,2016-02-01,50.223066921481845
543,2016-02-02,49.30320231022517
544,2016-02-03,48.2945387332023
545,2016-02-04,48.08469822135307
546,2016-02-05,47.158164796193724
547,2016-02-08,47.15684325689036
548,2016-02-09,47.15552663925177
549,2016-02-10,47.15421491593505
550,2016-02-11,47.152908059799515
551,2016-02-12,47.151606043904735
552,2016-02-15,47.15030884150876
553,2016-02-16,47.92455395358256
554,2016-02-17,46.9726826651208
555,2016-02-18,47.277659969116236
556,2016-02-19,46.07735174934434
557,2016-02-22,50.1875292163312
558,2016-02-23,49.06749755264299
559,2016-02-24,47.99493120016539
560,2016-02-25,46.823792153664904
561,2016-02-26,45.87288079315527
562,2016-02-29,45.36726739260435
563,2016-03-01,44.42533434033757
564,2016-03-02,43.45528738440409
565,2016-03-03,42.90017026352659
566,2016-03-04,41.97264480769792
567,2016-03-07,58.26860352162133
568,2016-03-08,57.38875075960361
569,2016-03-09,77.84162511171994
570,2016-03-10,81.87219136669182
571,2016-03-11,81.16455335184934
572,2016-03-14,79.14323238039947
573,2016-03-15,77.56288182984758
574,2016-03-16,76.36590935077027
575,2016-03-17,77.48176490289708
576,2016-03-18,77.10476676302801
577,2016-03-21,75.24953965106738
578,2016-03-22,74.02481511751502
579,2016-03-23,74.99353381241818
580,2016-03-24,74.07189222200547
581,2016-03-25,72.34454332042716
582,2016-03-28,70.75205685441621
583,2016-03-29,72.12668519891159
584,2016-03-30,71.77675785152084
585,2016-03-31,71.0352102746729
586,2016-04-01,69.40655128288651
587,2016-04-04,69.42271037261074
588,2016-04-05,69.43881340868734
589,2016-04-06,67.82863621426306
590,2016-04-07,66.52505567253283
591,2016-04-08,65.92850762233485
592,2016-04-11,64.78665406149608
593,2016-04-12,63.78488369445353
594,2016-04-13,62.63464209789059
595,2016-04-14,62.191006361976676
596,2016-04-15,61.55924534334461
597,2016-04-18,60.83407325625369
598,2016-04-19,60.26577266071854
599,2016-04-20,58.890767843893784
600,2016-04-21,60.967651218558586
601,2016-04-22,60.59034558108939
602,2016-04-25,60.43805993899893
603,2016-04-26,62.92424263583618
604,2016-04-27,61.52990146506309
605,2016-04-28,60.15039869038229
606,2016-04-29,59.44681632158489
607,2016-05-02,59.45393399226136
608,2016-05-03,59.461027790017546
609,2016-05-04,62.760322889889714
610,2016-05-05,62.22253255136922
611,2016-05-06,63.7279812579719
612,2016-05-09,66.5395487664199
613,2016-05-10,68.31381799775708
614,2016-05-11,67.62631343728306
615,2016-05-12,66.2490713809652
616,2016-05-13,65.61486697645267
617,2016-05-16,64.2697471094165
618,2016-05-17,62.76311944393875
619,2016-05-18,61.30983540389881
620,2016-05-19,59.90735122143887
621,2016-05-20,61.737562118128665
622,2016-05-23,60.37380210697671
623,2016-05-24,59.31567321834543
624,2016-05-25,58.17945638903302
625,2016-05-26,56.915806211036134
626,2016-05-27,56.27689850699033
627,2016-05-30,55.266935822937455
628,2016-05-31,55.91167836274972
629,2016-06-01,54.82631153594184
630,2016-06-02,54.81503443579288
631,2016-06-03,53.905600051958935
632,2016-06-06,53.10183108959477
633,2016-06-07,52.013554413711205
634,2016-06-08,50.94202878931178
635,2016-06-09,50.941800981783636
636,2016-06-10,50.94157390452437
637,2016-06-13,50.941347554045365
638,2016-06-14,50.60104198172063
639,2016-06-15,49.84597168734427
640,2016-06-16,48.780713392686685
641,2016-06-17,47.69842776878812
642,2016-06-20,50.9284209993583
643,2016-06-21,55.67804736215831
644,2016-06-22,55.25353725426032
645,2016-06-23,55.339279762506486
646,2016-06-24,57.46143131759357
647,2016-06-27,56.21765619781168
648,2016-06-28,60.698401768062745
649,2016-06-29,59.33211163571393
650,2016-06-30,59.59344372160258
651,2016-07-01,58.3145239336743
652,2016-07-04,58.055457174110835
653,2016-07-05,56.7748623406666
654,2016-07-06,67.63510773128303
655,2016-07-07,68.7206337164209
656,2016-07-08,73.87661891003793
657,2016-07-11,72.21356437086902
658,2016-07-12,70.57488299997789
659,2016-07-13,73.04800078179035
660,2016-07-14,76.03562293085756
661,2016-07-15,74.33738634141815
662,2016-07-18,72.65353214836374
663,2016-07-19,71.16527056200046
664,2016-07-20,70.18884797549748
665,2016-07-21,69.60338857304676
666,2016-07-22,70.16398354176745
667,2016-07-25,70.3834469248007
668,2016-07-26,69.85242688776978
669,2016-07-27,68.28662077528044
670,2016-07-28,67.31926333927512
671,2016-07-29,68.3223858709568
672,2016-08-01,68.22501414812017
673,2016-08-02,68.02769006159188
674,2016-08-03,66.61695664459398
675,2016-08-04,70.44748812743717
676,2016-08-05,69.1870999692122
677,2016-08-08,70.57607197783358
678,2016-08-09,76.17218755317315
679,2016-08-10,74.51422387100493
680,2016-08-11,73.9960795306242
681,2016-08-12,72.6996928655527
682,2016-08-15,73.62697771006016
683,2016-08-16,72.32183268865185
684,2016-08-17,71.10527780297545
685,2016-08-18,69.55433974783293
686,2016-08-19,68.07649085122598
687,2016-08-22,66.87076138871295
688,2016-08-23,65.75033114254308
689,2016-08-24,64.4762856641777
690,2016-08-25,67.08291146500977
691,2016-08-26,65.64169807979309
692,2016-08-29,64.55544794535113
693,2016-08-30,63.47178878323269
694,2016-08-31,62.474362477788844
695,2016-09-01,63.868060588424456
696,2016-09-02,62.609686622618604
697,2016-09-05,61.508626228952316
698,2016-09-06,60.231946846401506
699,2016-09-07,60.703502018872925
700,2016-09-08,59.45207874179518
701,2016-09-09,58.360023822608255
702,2016-09-12,57.95056087453112
703,2016-09-13,56.999487769711
704,2016-09-14,56.65476078138063
705,2016-09-15,56.65712671136912
706,2016-09-16,56.65948581077311
707,2016-09-19,56.66183810895129
708,2016-09-20,64.67439711192561
709,2016-09-21,63.13874030768491
710,2016-09-22,61.85006544810737
711,2016-09-23,60.37784485306413
712,2016-09-26,60.00799767969518
713,2016-09-27,58.62901458753521
714,2016-09-28,58.402289042713306
715,2016-09-29,57.57043212981721
716,2016-09-30,57.56209820711969
717,2016-10-03,57.564942113424685
718,2016-10-04,57.56777794645116
719,2016-10-05,57.57060574031266
720,2016-10-06,57.57342552893081
721,2016-10-07,57.57623734603667
722,2016-10-10,57.57904122517206
723,2016-10-11,64.93100887242707
724,2016-10-12,63.33879932279905
725,2016-10-13,61.496878363843365
726,2016-10-14,59.726290698110056
727,2016-10-17,58.09166950912977
728,2016-10-18,61.00017992950494
729,2016-10-19,59.77243146825222
730,2016-10-20,60.63465586702485
731,2016-10-21,59.868102342679975
732,2016-10-24,58.38431308738449
733,2016-10-25,61.296730723399044
734,2016-10-26,59.9719368041913
735,2016-10-27,58.576287886352645
736,2016-10-28,57.178611327786584
737,2016-10-31,72.7650072664139
738,2016-11-01,75.74544214551153
739,2016-11-02,75.26278039257481
740,2016-11-03,75.01987436591969
741,2016-11-04,76.53846373407097
742,2016-11-07,78.9189397045026
743,2016-11-08,77.30748313846485
744,2016-11-09,92.84877888686054
745,2016-11-10,92.86718661567168
746,2016-11-11,95.70928907186209
747,2016-11-14,96.41956828243347
748,2016-11-15,96.49104438139801
749,2016-11-16,94.06559888456637
750,2016-11-17,97.95148528188332
751,2016-11-18,105.5597782095861
752,2016-11-21,128.5792548275973
753,2016-11-22,127.61372260990755
754,2016-11-23,124.34748881477782
755,2016-11-24,122.08777785762884
756,2016-11-25,119.24056100649862
757,2016-11-28,120.69457440688117
758,2016-11-29,117.93467997046342
759,2016-11-30,117.80460248477316
760,2016-12-01,114.92905477665367
761,2016-12-02,112.11779733739368
762,2016-12-05,111.15829454803838
763,2016-12-06,109.2558860740733
764,2016-12-07,106.62817861671547
765,2016-12-08,107.0297446979927
766,2016-12-09,104.59393132449202
767,2016-12-12,102.47031994187745
768,2016-12-13,102.29628782493937
769,2016-12-14,102.874088672332
770,2016-12-15,103.09127002075923
771,2016-12-16,100.69526852868542
772,2016-12-19,111.52336001415921
773,2016-12-20,113.5578033819039
774,2016-12-21,110.82494826261981
775,2016-12-22,109.09866738293596
776,2016-12-23,108.13996146088422
777,2016-12-26,105.58913125079462
778,2016-12-27,103.33760130618356
779,2016-12-28,102.57284910065232
780,2016-12-29,108.24705731842714
781,2016-12-30,105.77609164072166
782,2017-01-02,105.80652745308157
783,2017-01-03,105.83688402430101
784,2017-01-04,109.88319385449405
785,2017-01-05,113.41781697313374
786,2017-01-06,110.5098330064551
787,2017-01-09,107.6636717081464
788,2017-01-10,116.01475756370074
789,2017-01-11,113.57470317627022
790,2017-01-12,110.70135665222251
791,2017-01-13,108.06734869653427
792,2017-01-16,106.9848888988727
793,2017-01-17,104.32383777546316
794,2017-01-18,104.34500353263141
795,2017-01-19,102.01065449947035
796,2017-01-20,101.2247383954659
797,2017-01-23,98.78792583061589
798,2017-01-24,96.45106499119952
799,2017-01-25,95.02048528530872
800,2017-01-26,94.96725784189775
801,2017-01-27,94.98909844525222
802,2017-01-30,95.01088352719611
803,2017-01-31,95.03261329751858
804,2017-02-01,95.05428796495328
805,2017-02-02,95.075907737185
806,2017-02-03,95.09747282085613
807,2017-02-06,100.93847583256105
808,2017-02-07,98.1291047984987
809,2017-02-08,95.09884725849042
810,2017-02-09,92.34454590951526
811,2017-02-10,89.6130060700521
812,2017-02-13,90.14921547128304
813,2017-02-14,88.90859526775273
814,2017-02-15,86.79098725133433
815,2017-02-16,88.24378138888086
816,2017-02-17,85.9171193200052
817,2017-02-20,85.85883576822727
818,2017-02-21,84.45294555061739
819,2017-02-22,93.98739293382691
820,2017-02-23,91.50647461690701
821,2017-02-24,93.46730525686321
822,2017-02-27,94.78628851060787
823,2017-02-28,92.88906084805069
824,2017-03-01,90.800404340862
825,2017-03-02,88.54469622669623
826,2017-03-03,86.61339713112186
827,2017-03-06,95.1192934254537
828,2017-03-07,94.10401322275834
829,2017-03-08,94.43274706468229
830,2017-03-09,104.76169210574713
831,2017-03-10,107.91161283344226
832,2017-03-13,110.68009141586896
833,2017-03-14,111.72121032709177
834,2017-03-15,113.46130869176703
835,2017-03-16,110.72064442414249
836,2017-03-17,108.51845711388653
837,2017-03-20,105.86642732548032
838,2017-03-21,104.77792729101785
839,2017-03-22,108.04316003229991
840,2017-03-23,105.58788663189196
841,2017-03-24,103.31817636187921
842,2017-03-27,102.45631121148787
843,2017-03-28,100.02635726100566
844,2017-03-29,98.58709423426728
845,2017-03-30,96.42244439939316
846,2017-03-31,95.43355591990795
847,2017-04-03,95.45266967835511
848,2017-04-04,95.47173746812726
849,2017-04-05,95.49075945340863
850,2017-04-06,95.78426417421979
851,2017-04-07,94.29587779547623
852,2017-04-10,92.17918965675682
853,2017-04-11,91.48818817979381
854,2017-04-12,89.20061347432093
855,2017-04-13,87.07288553252558
856,2017-04-14,87.26903231472829
857,2017-04-17,86.08962836289714
858,2017-04-18,84.48212478920269
859,2017-04-19,83.38439204950525
860,2017-04-20,81.53235195807292
861,2017-04-21,84.70884897358803
862,2017-04-24,83.36467539084444
863,2017-04-25,81.53358756064108
864,2017-04-26,79.70742925149018
865,2017-04-27,79.17745061959933
866,2017-04-28,89.05679858587399
867,2017-05-01,89.07123430772646
868,2017-05-02,89.08563610550812
869,2017-05-03,87.12527794785676
870,2017-05-04,90.4828112873761
871,2017-05-05,89.14440057593531
872,2017-05-08,91.64199880604137
873,2017-05-09,89.32201443834722
874,2017-05-10,92.7475104241652
875,2017-05-11,92.3878990933959
876,2017-05-12,91.91405089826495
877,2017-05-15,89.93760740733762
878,2017-05-16,97.04117316324391
879,2017-05-17,94.67669753066258
880,2017-05-18,92.66705256660056
881,2017-05-19,99.947786025743
882,2017-05-22,98.40476882764222
883,2017-05-23,96.3839793773908
884,2017-05-24,95.17913919039611
885,2017-05-25,96.19800787072224
886,2017-05-26,94.68621717146544
887,2017-05-29,94.70299719229351
888,2017-05-30,94.71973866038138
889,2017-05-31,94.73644170716882
890,2017-06-01,92.13758095814002
891,2017-06-02,96.76748170952892
892,2017-06-05,103.65665056112167
893,2017-06-06,101.6012940361295
894,2017-06-07,98.93875181000142
895,2017-06-08,96.8286170574637
896,2017-06-09,95.28289189275543
897,2017-06-12,93.34694675171629
898,2017-06-13,95.676458864664
899,2017-06-14,94.21287756821901
900,2017-06-15,93.48613098417421
901,2017-06-16,91.21368639365853
902,2017-06-19,89.09815711871681
903,2017-06-20,88.05017345267537
904,2017-06-21,86.01149346415843
905,2017-06-22,88.50295983808853
906,2017-06-23,86.414906209904
907,2017-06-26,89.8872398358244
908,2017-06-27,88.2159877799682
909,2017-06-28,86.88401887240681
910,2017-06-29,84.96656121514383
911,2017-06-30,85.71724617240557
912,2017-07-03,84.81204351852301
913,2017-07-04,83.33114541320843
914,2017-07-05,82.32536174173055
915,2017-07-06,81.35273673173154
916,2017-07-07,80.6154373704986
917,2017-07-10,79.52005353222417
918,2017-07-11,77.78652767587069
919,2017-07-12,76.50158365455357
920,2017-07-13,80.01391175201766
921,2017-07-14,78.28663747976037
922,2017-07-17,76.85682196596971
923,2017-07-18,75.98122260206318
924,2017-07-19,76.24250842860343
925,2017-07-20,75.9079058323425
926,2017-07-21,75.40762053957297
927,2017-07-24,74.36783532286022
928,2017-07-25,73.20109575038627
929,2017-07-26,71.75055739434455
930,2017-07-27,73.09929689063961
931,2017-07-28,72.5773993388245
932,2017-07-31,73.02040393853048
933,2017-08-01,71.62912534747743
934,2017-08-02,70.18039541872544
935,2017-08-03,82.58933665506834
936,2017-08-04,82.02710990435557
937,2017-08-07,94.28907904990771
938,2017-08-08,93.52562562239834
939,2017-08-09,91.61154231533999
940,2017-08-10,90.72468194168552
941,2017-08-11,89.8853669940873
942,2017-08-14,99.06253595991436
943,2017-08-15,100.3360389874824
944,2017-08-16,104.05742168292979
945,2017-08-17,104.44363348414207
946,2017-08-18,102.9097372497994
947,2017-08-21,110.54428971293183
948,2017-08-22,108.21297219967846
949,2017-08-23,105.74120278550535
950,2017-08-24,104.35827742307147
951,2017-08-25,103.44633107471465
952,2017-08-28,102.93487837396691
953,2017-08-29,103.3855821688697
954,2017-08-30,101.68850222016552
955,2017-08-31,99.59622311293916
956,2017-09-01,101.59524612469653
957,2017-09-04,111.5540742224394
958,2017-09-05,117.35003373191397
959,2017-09-06,114.74304166017176
960,2017-09-07,112.12115738566123
961,2017-09-08,118.78141782049106
962,2017-09-11,121.48372185321172
963,2017-09-12,122.98794046741655
964,2017-09-13,120.15331729983737
965,2017-09-14,129.68244119470043
966,2017-09-15,127.46622446914625
967,2017-09-18,127.7890464011129
968,2017-09-19,125.4595660029676
969,2017-09-20,124.01680228303522
970,2017-09-21,123.55217374761587
971,2017-09-22,123.76558279616272
972,2017-09-25,121.36967033285387
973,2017-09-26,118.99967436752279
974,2017-09-27,118.04031915350481
975,2017-09-28,118.98047039928107
976,2017-09-29,116.24394846821552
977,2017-10-02,116.26836071568852
978,2017-10-03,116.29272197862208
979,2017-10-04,116.31703241471797
980,2017-10-05,116.34129218102834
981,2017-10-06,116.36550143395895
982,2017-10-09,116.38966032927274
983,2017-10-10,121.28220034369241
984,2017-10-11,117.59559687284131
985,2017-10-12,114.93857852867438
986,2017-10-13,111.90962922877003
987,2017-10-16,111.9016497733842
988,2017-10-17,112.2620196645242
989,2017-10-18,111.17617523915582
990,2017-10-19,109.02316236195911
991,2017-10-20,106.69408323842916
992,2017-10-23,106.75704158249341
993,2017-10-24,105.48916389095258
994,2017-10-25,103.0321586318421
995,2017-10-26,101.82930252084799
996,2017-10-27,99.3186895144052
997,2017-10-30,98.24728046911821
998,2017-10-31,98.17776119823786
999,2017-11-01,103.91238483540954
1000,2017-11-02,101.4365164653911
1001,2017-11-03,99.27866407115425
1002,2017-11-06,97.34062067033429
1003,2017-11-07,99.12394493612736
1004,2017-11-08,97.49127017495522
1005,2017-11-09,96.30292329559087
1006,2017-11-10,96.10960097498784
1007,2017-11-13,94.7601184146995
1008,2017-11-14,92.75145126815521
1009,2017-11-15,97.600003018854
1010,2017-11-16,99.95853809296071
1011,2017-11-17,98.26403704585847
1012,2017-11-20,100.64498579342282
1013,2017-11-21,98.31611661655134
1014,2017-11-22,96.23360934713298
1015,2017-11-23,106.33647945831254
1016,2017-11-24,104.4338957880743
1017,2017-11-27,102.02321364878696
1018,2017-11-28,105.79351167653611
1019,2017-11-29,103.42830253605527
1020,2017-11-30,102.1617286820586
1021,2017-12-01,104.17411773336295
1022,2017-12-04,114.60242838417813
1023,2017-12-05,113.1036715848752
1024,2017-12-06,110.81358005778463
1025,2017-12-07,113.2660425475854
1026,2017-12-08,114.21713110439657
1027,2017-12-11,126.7030829337
1028,2017-12-12,123.76072009439221
1029,2017-12-13,121.5862654159605
1030,2017-12-14,119.61584156421654
1031,2017-12-15,117.1189579013616
1032,2017-12-18,115.53575519280214
1033,2017-12-19,113.64421090591904
1034,2017-12-20,111.62368545806622
1035,2017-12-21,109.76211878919186
1036,2017-12-22,109.25614525014606
1037,2017-12-25,107.02294413851361
1038,2017-12-26,105.00045233797101
1039,2017-12-27,105.38771148939824
1040,2017-12-28,105.12375787594719
1041,2017-12-29,102.96221482352657
1042,2018-01-01,102.97668124389428
1043,2018-01-02,102.99111930466316
1044,2018-01-03,103.9055639703531
1045,2018-01-04,101.41511451027986
1046,2018-01-05,99.07078286061463
1047,2018-01-08,96.8499495652843
1048,2018-01-09,94.67794248697592
1049,2018-01-10,92.67997246716226
1050,2018-01-11,91.5708436566369
1051,2018-01-12,89.74891917524218
1052,2018-01-15,90.3428196187415
1053,2018-01-16,88.65069375920898
1054,2018-01-17,94.01096991956616
1055,2018-01-18,92.91451784128162
1056,2018-01-19,91.48422370969915
1057,2018-01-22,91.06095073490307
1058,2018-01-23,89.03915531976429
1059,2018-01-24,87.4888829845847
1060,2018-01-25,88.48183358351807
1061,2018-01-26,86.74097381737089
1062,2018-01-29,87.09040255060731
1063,2018-01-30,87.12547025816434
1064,2018-01-31,86.42450069191163
1065,2018-02-01,86.53433922411054
1066,2018-02-02,90.74214813227401
1067,2018-02-05,88.85044405251148
1068,2018-02-06,87.37143482910852
1069,2018-02-07,85.55843265946213
1070,2018-02-08,83.81948385692858
1071,2018-02-09,82.36280472802592
1072,2018-02-12,80.7312332042577
1073,2018-02-13,80.34296804450082
1074,2018-02-14,78.73207969310918
1075,2018-02-15,78.73385520682614
1076,2018-02-16,78.73562734460889
1077,2018-02-19,78.73739611594195
1078,2018-02-20,78.73916153027434
1079,2018-02-21,78.74092359701979
1080,2018-02-22,78.7426823255568
1081,2018-02-23,76.70577901542174
1082,2018-02-26,75.64415818672468
1083,2018-02-27,73.86685140986451
1084,2018-02-28,74.50797808668807
1085,2018-03-01,76.54926853594162
1086,2018-03-02,77.8467822253941
1087,2018-03-05,75.89437953634501
1088,2018-03-06,78.79547371914786
1089,2018-03-07,78.80700493105397
1090,2018-03-08,76.89867350311953
1091,2018-03-09,84.09513903513742
1092,2018-03-12,83.94865653415624
1093,2018-03-13,91.50002782143682
1094,2018-03-14,89.50053289550647
1095,2018-03-15,88.34867764830199
1096,2018-03-16,86.27278290887119
1097,2018-03-19,84.6811806925201
1098,2018-03-20,82.86432796256283
1099,2018-03-21,80.9658165732366
1100,2018-03-22,79.96033321175068
1101,2018-03-23,78.25974011634877
1102,2018-03-26,76.5741725581603
1103,2018-03-27,75.03479090273544
1104,2018-03-28,73.4331946988089
1105,2018-03-29,73.68768119153764
1106,2018-03-30,76.43323471838568
1107,2018-04-02,80.7751615627529
1108,2018-04-03,79.02731513347312
1109,2018-04-04,77.36973539531456
1110,2018-04-05,77.3706988926487
1111,2018-04-06,77.37166061451347
1112,2018-04-09,77.3726205657388
1113,2018-04-10,81.11131394706388
1114,2018-04-11,79.28415740463295
1115,2018-04-12,79.13135844309433
1116,2018-04-13,77.51132611130775
1117,2018-04-16,76.05067953764578
1118,2018-04-17,75.2884128591723
1119,2018-04-18,75.03244745483612
1120,2018-04-19,73.6140150869012
1121,2018-04-20,72.14336009498648
1122,2018-04-23,71.57723217982284
1123,2018-04-24,72.82489732546414
1124,2018-04-25,71.3604790583707
1125,2018-04-26,69.91024111067128
1126,2018-04-27,68.8165527117866
1127,2018-04-30,68.81346288371756
1128,2018-05-01,68.81037866551029
1129,2018-05-02,68.80730004213541
1130,2018-05-03,67.1385010673033
1131,2018-05-04,65.60862714470807
1132,2018-05-07,64.11958213176314
1133,2018-05-08,65.00764411334463
1134,2018-05-09,64.26421593595856
1135,2018-05-10,63.32665110461595
1136,2018-05-11,62.51627324114271
1137,2018-05-14,62.18441601906943
1138,2018-05-15,61.418479268142434
1139,2018-05-16,60.180525864160316
1140,2018-05-17,59.35028987672149
1141,2018-05-18,64.7630533073234
1142,2018-05-21,63.41410442416101
1143,2018-05-22,64.02558364682758
1144,2018-05-23,64.56868243954048
1145,2018-05-24,65.3529600020172
1146,2018-05-25,64.11937596497268
1147,2018-05-28,63.23726020963177
1148,2018-05-29,62.17361983897476
1149,2018-05-30,61.1289761151336
1150,2018-05-31,61.539552846715104
1151,2018-06-01,60.35324944993614
1152,2018-06-04,66.25098286232563
1153,2018-06-05,64.94448827601022
1154,2018-06-06,64.82413405158312
1155,2018-06-07,63.76141050810117
1156,2018-06-08,65.35214135262758
1157,2018-06-11,66.22790807584428
1158,2018-06-12,65.10614695353074
1159,2018-06-13,64.18336603688846
1160,2018-06-14,66.88831084770331
1161,2018-06-15,69.20057006271486
1162,2018-06-18,69.19800127491989
1163,2018-06-19,69.19543701400582
1164,2018-06-20,68.59055650077761
1165,2018-06-21,71.78052547339512
1166,2018-06-22,70.42506818994578
1167,2018-06-25,68.92900097337359
1168,2018-06-26,73.53902205457833
1169,2018-06-27,73.93476586069038
1170,2018-06-28,72.37052085680921
1171,2018-06-29,70.82384831583707
1172,2018-07-02,70.95683290575549
1173,2018-07-03,69.75811664032
1174,2018-07-04,68.51596212533597
1175,2018-07-05,67.11046594911227
1176,2018-07-06,69.9279186424244
1177,2018-07-09,68.51527424388287
1178,2018-07-10,69.1795892849754
1179,2018-07-11,68.48514408000734
1180,2018-07-12,69.05061150825507
1181,2018-07-13,68.42379463653577
1182,2018-07-16,67.15434850436172
1183,2018-07-17,69.98170891809241
1184,2018-07-18,68.93919981024263
1185,2018-07-19,67.72632307423484
1186,2018-07-20,66.4972284567571
1187,2018-07-23,67.33757373545743
1188,2018-07-24,66.02231377525538
1189,2018-07-25,65.45943804532655
1190,2018-07-26,64.26934252250412
1191,2018-07-27,63.08899482947272
1192,2018-07-30,62.77385016969795
1193,2018-07-31,62.734536002162244
1194,2018-08-01,61.995289599922515
1195,2018-08-02,60.848426665517124
1196,2018-08-03,59.90067502621345
1197,2018-08-06,66.40192863831646
1198,2018-08-07,66.18049659402831
1199,2018-08-08,64.9160527655609
1200,2018-08-09,71.33419043335321
1201,2018-08-10,70.08734775175157
1202,2018-08-13,69.2369705056362
1203,2018-08-14,68.15349232777884
1204,2018-08-15,69.05437182163203
1205,2018-08-16,70.14512789213603
1206,2018-08-17,73.2997840061359
1207,2018-08-20,76.81328671868611
1208,2018-08-21,75.30828006592034
1209,2018-08-22,78.78749770695083
1210,2018-08-23,78.23306665377092
1211,2018-08-24,82.79941578169499
1212,2018-08-27,81.8557229276899
1213,2018-08-28,80.30691268819483
1214,2018-08-29,79.55396876149302
1215,2018-08-30,77.96362094875555
1216,2018-08-31,76.49517944672225
1217,2018-09-03,80.03810876440943
1218,2018-09-04,78.57491442393608
1219,2018-09-05,76.98842236624313
1220,2018-09-06,76.05953043737414
1221,2018-09-07,75.0993918629574
1222,2018-09-10,73.71357444222615
1223,2018-09-11,72.26267007483432
1224,2018-09-12,72.14022181504149
1225,2018-09-13,70.75466269431948
1226,2018-09-14,69.40585609191402
1227,2018-09-17,69.62053067860889
1228,2018-09-18,72.29725000816357
1229,2018-09-19,71.34601011305736
1230,2018-09-20,70.01232933417785
1231,2018-09-21,70.17141597161772
1232,2018-09-24,70.16956892664119
1233,2018-09-25,70.16772495682577
1234,2018-09-26,69.47963770464251
1235,2018-09-27,70.67741647348016
1236,2018-09-28,69.3260104172989
1237,2018-10-01,69.3238120064632
1238,2018-10-02,69.32161724144268
1239,2018-10-03,69.31942611334257
1240,2018-10-04,69.31723861329698
1241,2018-10-05,69.31505473246882
1242,2018-10-08,69.31287446204968
1243,2018-10-09,69.10007351723381
1244,2018-10-10,67.67217959114004
1245,2018-10-11,66.40991477514828
1246,2018-10-12,69.72659154258199
1247,2018-10-15,68.75543417721056
1248,2018-10-16,68.96241198345464
1249,2018-10-17,71.74227815099192
1250,2018-10-18,70.32347520971554
1251,2018-10-19,69.013363103898
1252,2018-10-22,70.10885446899064
1253,2018-10-23,73.09444211382545
1254,2018-10-24,71.36901596335339
1255,2018-10-25,69.8136869081521
1256,2018-10-26,68.98341418569214
1257,2018-10-29,68.26306366483435
1258,2018-10-30,66.78344210101255
1259,2018-10-31,66.75959053207345
1260,2018-11-01,65.52630013920638
1261,2018-11-02,64.60792356845353
1262,2018-11-05,63.28921731349257
1263,2018-11-06,61.990222715087555
1264,2018-11-07,62.071571346817855
1265,2018-11-08,62.112220135041696
1266,2018-11-09,60.90441587418627
1267,2018-11-12,60.641064576420305
1268,2018-11-13,59.96723559306406
1269,2018-11-14,58.84703835677335
1270,2018-11-15,62.689843156068804
1271,2018-11-16,64.1734042595084
1272,2018-11-19,64.70713835644108
1273,2018-11-20,67.81498233030109
1274,2018-11-21,73.03944297527948
1275,2018-11-22,78.25497769978845
1276,2018-11-23,78.20433436330418
1277,2018-11-26,76.95699323560743
1278,2018-11-27,87.40877047567733
1279,2018-11-28,85.7740732504111
1280,2018-11-29,84.03593860985806
1281,2018-11-30,83.57740166891759
1282,2018-12-03,85.16361547486949
1283,2018-12-04,83.45858578750875
1284,2018-12-05,82.08165738567482
1285,2018-12-06,80.62327011079228
1286,2018-12-07,81.88082144323762
1287,2018-12-10,80.28904324743044
1288,2018-12-11,82.10125244693127
1289,2018-12-12,80.5208360600662
1290,2018-12-13,78.84280026406577
1291,2018-12-14,79.93020343405588
1292,2018-12-17,78.86151129033827
1293,2018-12-18,77.36541191400698
1294,2018-12-19,81.3048863504391
1295,2018-12-20,79.73880065918996
1296,2018-12-21,78.76607515164181
1297,2018-12-24,77.30183946990931
1298,2018-12-25,76.01046490295181
1299,2018-12-26,74.65685962132709
1300,2018-12-27,77.7375827303328
1301,2018-12-28,78.03922481468878
1302,2018-12-31,78.04085538312044
1303,2019-01-01,78.04248337806683
1304,2019-01-02,78.04410880549179
1305,2019-01-03,78.88958171164268
1306,2019-01-04,77.21974862883663
1307,2019-01-07,76.63678109171146
1308,2019-01-08,75.06873870176487
1309,2019-01-09,73.37721816470832
1310,2019-01-10,71.93416650250532
1311,2019-01-11,71.40588432352021
1312,2019-01-14,69.92359307882145
1313,2019-01-15,68.46448878216762
1314,2019-01-16,67.02113200869636
1315,2019-01-17,67.22802219366443
1316,2019-01-18,66.84611327355937
1317,2019-01-21,65.81592715402972
1318,2019-01-22,64.88865906973474
1319,2019-01-23,63.69034429170482
1320,2019-01-24,62.43082726824352
1321,2019-01-25,61.754725911795276
1322,2019-01-28,60.56223630923935
1323,2019-01-29,60.803855812367146
1324,2019-01-30,59.66573249480208
1325,2019-01-31,60.21615860148395
1326,2019-02-01,59.1930108588109
1327,2019-02-04,59.18685800293564
1328,2019-02-05,59.18071468157163
1329,2019-02-06,59.174580873041336
1330,2019-02-07,59.16845655573285
1331,2019-02-08,59.16234170809967
1332,2019-02-11,59.1562363086604
1333,2019-02-12,58.347604959840595
1334,2019-02-13,57.49539385018534
1335,2019-02-14,59.019670321344464
1336,2019-02-15,59.36738997233812
1337,2019-02-18,58.38867403302787
1338,2019-02-19,57.555333402596965
1339,2019-02-20,57.25471248019589
1340,2019-02-21,56.34905407105739
1341,2019-02-22,55.446031282779316
1342,2019-02-25,54.63883764902749
1343,2019-02-26,54.133003559810845
1344,2019-02-27,54.9542755572082
1345,2019-02-28,54.50398753991825
1346,2019-03-01,53.71225233173972
1347,2019-03-04,54.53826078910113
1348,2019-03-05,53.50405675016259
1349,2019-03-06,52.55812296398625
1350,2019-03-07,53.750213329323586
1351,2019-03-08,53.234413528228686
1352,2019-03-11,52.354114432208114
1353,2019-03-12,52.15629246924115
1354,2019-03-13,51.27786457243347
1355,2019-03-14,50.64705098648948
1356,2019-03-15,52.7248871146863
1357,2019-03-18,53.09368671573135
1358,2019-03-19,62.45076950593774
1359,2019-03-20,61.93489140090925
1360,2019-03-21,60.98734823943502
1361,2019-03-22,60.743778458323014
1362,2019-03-25,59.63127759942932
1363,2019-03-26,60.49823897397445
1364,2019-03-27,59.34844982129859
1365,2019-03-28,58.95546955238025
1366,2019-03-29,58.11517853817274
1367,2019-04-01,57.50858306343543
1368,2019-04-02,56.4744591703258
1369,2019-04-03,55.470878745338204
1370,2019-04-04,63.74970747029347
1371,2019-04-05,63.74596128336978
1372,2019-04-08,63.74222072232729
1373,2019-04-09,67.80659495134864
1374,2019-04-10,68.63675018763252
1375,2019-04-11,67.1636581045518
1376,2019-04-12,66.63634249342925
1377,2019-04-15,67.40387939388201
1378,2019-04-16,66.53074467928882
1379,2019-04-17,65.15047693965195
1380,2019-04-18,63.83317615407084
1381,2019-04-19,63.93499132745143
1382,2019-04-22,62.966122464169004
1383,2019-04-23,62.110365307884535
1384,2019-04-24,61.28597770377604
1385,2019-04-25,68.01034556237478
1386,2019-04-26,67.13105526568808
1387,2019-04-29,65.93891718341574
1388,2019-04-30,64.7706753337026
1389,2019-05-01,64.76744938553983
1390,2019-05-02,64.76422822174078
1391,2019-05-03,64.76101183191496
1392,2019-05-06,64.75780020570198
1393,2019-05-07,64.6212215320075
1394,2019-05-08,63.885139264602174
1395,2019-05-09,63.08678291429257
1396,2019-05-10,68.87560855392893
1397,2019-05-13,68.5439102271578
1398,2019-05-14,72.83658586806528
1399,2019-05-15,71.24472902831374
1400,2019-05-16,70.54356986253778
1401,2019-05-17,69.60770520363126
1402,2019-05-20,70.7736196142595
1403,2019-05-21,69.25975138714139
1404,2019-05-22,70.58728462129892
1405,2019-05-23,70.0123915566024
1406,2019-05-24,70.35942639838618
1407,2019-05-27,69.51586350722086
1408,2019-05-28,68.99115884192845
1409,2019-05-29,68.09303148620518
1410,2019-05-30,66.66113669357591
1411,2019-05-31,65.79428585600274
1412,2019-06-03,66.1811799817101
1413,2019-06-04,64.82169715024921
1414,2019-06-05,67.33948350046526
1415,2019-06-06,66.983117829161
1416,2019-06-07,66.98088563635388
1417,2019-06-10,66.97865669360282
1418,2019-06-11,67.11118152479884
1419,2019-06-12,70.1246895991881
1420,2019-06-13,68.86154962044682
1421,2019-06-14,68.34289915834631
1422,2019-06-17,66.85872646575103
1423,2019-06-18,65.41322727093132
1424,2019-06-19,64.20044198306795
1425,2019-06-20,66.05574831726712
1426,2019-06-21,65.08364417259261
1427,2019-06-24,63.750260633855504
1428,2019-06-25,65.70498005137472
1429,2019-06-26,64.5303089120933
1430,2019-06-27,63.27133135080808
1431,2019-06-28,63.374177244855275
1432,2019-07-01,62.780632040826504
1433,2019-07-02,64.54209131891102
1434,2019-07-03,64.57794752244766
1435,2019-07-04,63.28663614587663
1436,2019-07-05,62.10948791136666
1437,2019-07-08,62.93428952530843
1438,2019-07-09,61.8166304071903
1439,2019-07-10,61.136407914368306
1440,2019-07-11,59.965785635824716
1441,2019-07-12,58.90714134577328
1442,2019-07-15,59.98258474538788
1443,2019-07-16,59.87262533146216
1444,2019-07-17,58.90056283221449
1445,2019-07-18,57.97341446184147
1446,2019-07-19,57.15604002312237
1447,2019-07-22,56.34114954770588
1448,2019-07-23,56.230267972072916
1449,2019-07-24,55.47009186040626
1450,2019-07-25,54.53966326154202
1451,2019-07-26,54.28522032055028
1452,2019-07-29,53.572643673202435
1453,2019-07-30,52.647640176616946
1454,2019-07-31,51.77242968811437
1455,2019-08-01,51.731186422070294
1456,2019-08-02,52.20015044291904
1457,2019-08-05,53.37004175233011
1458,2019-08-06,53.30838728233652
1459,2019-08-07,52.71160537770814
1460,2019-08-08,52.6772276676667
1461,2019-08-09,53.707859676355675
1462,2019-08-12,55.958328227406724
1463,2019-08-13,54.971417584296944
1464,2019-08-14,54.30457212789305
1465,2019-08-15,53.868854712967746
1466,2019-08-16,53.07599698077448
1467,2019-08-19,52.79964831228789
1468,2019-08-20,52.56313966079061
1469,2019-08-21,51.70260277823658
1470,2019-08-22,50.838913824060704
1471,2019-08-23,52.70750144412652
1472,2019-08-26,56.20798878754501
1473,2019-08-27,55.23733559337029
1474,2019-08-28,54.489866212792826
1475,2019-08-29,53.965050478949024
1476,2019-08-30,54.29049412822192
1477,2019-09-02,53.95097928824148
1478,2019-09-03,55.67073861369536
1479,2019-09-04,54.72498513265425
1480,2019-09-05,54.666869458440786
1481,2019-09-06,53.99168873802863
1482,2019-09-09,53.16651393045417
1483,2019-09-10,55.560246626202925
1484,2019-09-11,54.9516081511029
1485,2019-09-12,54.00166926308458
1486,2019-09-13,53.99503999951209
1487,2019-09-16,53.98841995372868
1488,2019-09-17,55.26753766055295
1489,2019-09-18,54.20744127759728
1490,2019-09-19,53.83292413568512
1491,2019-09-20,56.028626401315066
1492,2019-09-23,55.004349330708024
1493,2019-09-24,54.24862620702788
1494,2019-09-25,53.54783624326723
1495,2019-09-26,53.66852619181734
1496,2019-09-27,52.74752989369104
1497,2019-09-30,51.80271414398253
1498,2019-10-01,51.79538932482105
1499,2019-10-02,51.78807461296839
1500,2019-10-03,51.78076998807548
1501,2019-10-04,51.77347542984782
1502,2019-10-07,51.76619091804525
1503,2019-10-08,51.75891643248181
1504,2019-10-09,51.14025261408227
1505,2019-10-10,49.95438041575083
1506,2019-10-11,49.47602943918006
1507,2019-10-14,49.37377228142684
1508,2019-10-15,48.358275474510705
1509,2019-10-16,47.86397163584191
1510,2019-10-17,48.55401098654496
1511,2019-10-18,47.7590441169664
1512,2019-10-21,47.25177705684983
1513,2019-10-22,46.75071215614813
1514,2019-10-23,46.15157131097499
1515,2019-10-24,45.69221801121256
1516,2019-10-25,44.97038644257388
1517,2019-10-28,44.17166297837959
1518,2019-10-29,46.351341385473184
1519,2019-10-30,45.5194552164107
1520,2019-10-31,45.358609583713886
1521,2019-11-01,45.58299897828518
1522,2019-11-04,46.182270707448886
1523,2019-11-05,46.32048368362722
1524,2019-11-06,45.52153798383284
1525,2019-11-07,45.06089773942077
1526,2019-11-08,44.58513272498647
1527,2019-11-11,43.86334549247185
1528,2019-11-12,44.74659711699673
1529,2019-11-13,44.65443869900645
1530,2019-11-14,44.18283473865435
1531,2019-11-15,44.67256078148804
1532,2019-11-18,44.03050257903981
1533,2019-11-19,48.848041631378365
1534,2019-11-20,48.3737887391133
1535,2019-11-21,48.38352844352298
1536,2019-11-22,47.637814789605144
1537,2019-11-25,46.83934025061802
1538,2019-11-26,47.89493876174667
1539,2019-11-27,47.10601011719684
1540,2019-11-28,46.38067907581757
1541,2019-11-29,52.58225918200735
1542,2019-12-02,52.11509003072867
1543,2019-12-03,51.24723124015061
1544,2019-12-04,57.37936225311351
1545,2019-12-05,62.11768153955249
1546,2019-12-06,60.9494812516094
1547,2019-12-09,59.91291558016079
1548,2019-12-10,58.78081810880457
1549,2019-12-11,57.73288431011447
1550,2019-12-12,57.5577485290074
1551,2019-12-13,60.388720124175336
1552,2019-12-16,59.29821539613009
1553,2019-12-17,58.66326684252087
1554,2019-12-18,58.179414866900096
1555,2019-12-19,57.120595135383155
1556,2019-12-20,56.71917808589944
1557,2019-12-23,55.7882079747288
1558,2019-12-24,59.29714948376228
1559,2019-12-25,58.65693931729257
1560,2019-12-26,58.18365061614624
1561,2019-12-27,57.28052922461971
1562,2019-12-30,56.274155210073495
1563,2019-12-31,55.74944663478193
1564,2020-01-01,55.74438702886575
1565,2020-01-02,55.739334124828446
1566,2020-01-03,54.83175600436766
1567,2020-01-06,53.77045600351431
1568,2020-01-07,53.66209428855489
1569,2020-01-08,52.980986000800186
1570,2020-01-09,52.51857083167874
1571,2020-01-10,52.20390598501426
1572,2020-01-13,55.99466065631639
1573,2020-01-14,58.641418143864655
1574,2020-01-15,58.13747363962526
1575,2020-01-16,57.01003269448252
1576,2020-01-17,55.916056713546524
1577,2020-01-20,54.862349401018335
1578,2020-01-21,53.86730290303403
1579,2020-01-22,52.89783042407464
1580,2020-01-23,51.938610707088316
1581,2020-01-24,51.932311486717325
1582,2020-01-27,51.9260205253684
1583,2020-01-28,51.9197378072882
1584,2020-01-29,51.91346331676335
1585,2020-01-30,51.90719703812038
1586,2020-01-31,51.90093895572555
1587,2020-02-03,51.89468905398476
1588,2020-02-04,51.296317551519095
1589,2020-02-05,52.25480363651873
1590,2020-02-06,51.93053437308505
1591,2020-02-07,50.770660622145435
1592,2020-02-10,50.133942972120906
1593,2020-02-11,49.32874769405509
1594,2020-02-12,49.29133980788684
1595,2020-02-13,48.23497009272351
1596,2020-02-14,47.31784980052623
1597,2020-02-17,46.48590432535508
1598,2020-02-18,45.57526668713221
1599,2020-02-19,45.38409964280716
1600,2020-02-20,44.791054127740054
1601,2020-02-21,44.42769215543687
1602,2020-02-24,43.6827081874071
1603,2020-02-25,43.210905841417485
1604,2020-02-26,42.53272022219078
1605,2020-02-27,41.88369074796949
1606,2020-02-28,42.30335147409082
1607,2020-03-02,45.01632241146507
1608,2020-03-03,47.72512440550737
1609,2020-03-04,47.028323506103014
1610,2020-03-05,46.19633361642258
1611,2020-03-06,45.79795944590375
1612,2020-03-09,65.97161967525803
1613,2020-03-10,66.08787044425979
1614,2020-03-11,69.10992458482575
1615,2020-03-12,67.77716614203862
1616,2020-03-13,66.51771647376393
1617,2020-03-16,65.69288840259651
1618,2020-03-17,65.29506518632755
1619,2020-03-18,64.04003963106818
1620,2020-03-19,66.9725445883516
1621,2020-03-20,65.76428115499434
1622,2020-03-23,67.94647546286329
1623,2020-03-24,68.37117541180586
1624,2020-03-25,73.7096443222692
1625,2020-03-26,72.50496570492982
1626,2020-03-27,75.709367837694
1627,2020-03-30,80.07611638435527
1628,2020-03-31,81.5440461594932
1629,2020-04-01,81.86264748151959
1630,2020-04-02,87.43194745411995
1631,2020-04-03,91.22754768271733
1632,2020-04-06,91.23564384627932
1633,2020-04-07,91.24372970778876
1634,2020-04-08,90.34490933420074
1635,2020-04-09,88.76950894423754
1636,2020-04-10,89.24484556847138
1637,2020-04-13,96.45612178039524
1638,2020-04-14,94.09169130501469
1639,2020-04-15,94.0715414143858
1640,2020-04-16,92.32317798185056
1641,2020-04-17,90.27731909356616
1642,2020-04-20,88.34959771281818
1643,2020-04-21,86.74784098298396
1644,2020-04-22,86.26513801606933
1645,2020-04-23,86.33544250621462
1646,2020-04-24,84.93354228832564
1647,2020-04-27,83.12628546794686
1648,2020-04-28,81.56975991310004
1649,2020-04-29,80.88613557819215
1650,2020-04-30,80.61918081544488
1651,2020-05-01,80.62330462886065
1652,2020-05-04,80.62742325166252
1653,2020-05-05,80.6315366933309
1654,2020-05-06,80.63564496332314
1655,2020-05-07,79.71341062865392
1656,2020-05-08,77.88158805822025
1657,2020-05-11,76.88328241424006
1658,2020-05-12,74.9322450892545
1659,2020-05-13,74.99533023490102
1660,2020-05-14,73.21669340470913
1661,2020-05-15,71.50935664892933
1662,2020-05-18,72.79618465612107
1663,2020-05-19,73.09155631832897
1664,2020-05-20,71.39577913276324
1665,2020-05-21,70.43154410743449
1666,2020-05-22,70.30137107795444
1667,2020-05-25,69.3468242330989
1668,2020-05-26,67.89853351524377
1669,2020-05-27,66.409022665561
1670,2020-05-28,65.24409250529592
1671,2020-05-29,65.12581697979125
1672,2020-06-01,63.763613943400046
1673,2020-06-02,68.85961239649347
1674,2020-06-03,70.24403420956155
1675,2020-06-04,70.50504662442634
1676,2020-06-05,69.9811856702347
1677,2020-06-08,69.09221522688539
1678,2020-06-09,67.78510659414314
1679,2020-06-10,66.6682942094536
1680,2020-06-11,65.29216958399222
1681,2020-06-12,67.66247881251759
1682,2020-06-15,69.0594503437879
1683,2020-06-16,68.99874690412776
1684,2020-06-17,68.17611484728303
1685,2020-06-18,67.19044691590805
1686,2020-06-19,68.50436169455874
1687,2020-06-22,67.28078617051582
1688,2020-06-23,66.7667197830131
1689,2020-06-24,65.49041797403251
1690,2020-06-25,65.48918426319455
1691,2020-06-26,65.48795207159597
1692,2020-06-29,65.48672139652601
1693,2020-06-30,63.995097954017396
1694,2020-07-01,62.79769213513845
1695,2020-07-02,61.3928327457116
1696,2020-07-03,63.76368753181339
1697,2020-07-06,62.641985606415545
1698,2020-07-07,62.66020740423776
1699,2020-07-08,66.52337778046076
1700,2020-07-09,65.36585430979072
1701,2020-07-10,64.18696961099889
1702,2020-07-13,63.371916723203256
1703,2020-07-14,67.03664827312501
1704,2020-07-15,66.94801306845261
1705,2020-07-16,68.12353784882673
1706,2020-07-17,69.16645948387983
1707,2020-07-20,68.16792053478532
1708,2020-07-21,68.53552393735356
1709,2020-07-22,67.08290041209904
1710,2020-07-23,68.2946060546895
1711,2020-07-24,66.94699172169113
1712,2020-07-27,69.92927025488238
1713,2020-07-28,70.12727876193789
1714,2020-07-29,68.69235540565224
1715,2020-07-30,67.32322826115008
1716,2020-07-31,67.49511504271378
1717,2020-08-03,66.12717659512721
1718,2020-08-04,66.89584761330217
1719,2020-08-05,66.06850771250853
1720,2020-08-06,65.69184850032767
1721,2020-08-07,69.57999594082314
1722,2020-08-10,68.86512656525531
1723,2020-08-11,69.87352264548521
1724,2020-08-12,68.44313430673034
1725,2020-08-13,67.07581285567515
1726,2020-08-14,65.87747354333153
1727,2020-08-17,65.03844058685053
1728,2020-08-18,63.80866607349471
1729,2020-08-19,65.24899949109576
1730,2020-08-20,64.20043902384603
1731,2020-08-21,63.00744681500586
1732,2020-08-24,63.22897945081145
1733,2020-08-25,62.02002344196043
1734,2020-08-26,60.922515736968194
1735,2020-08-27,60.474597606157225
1736,2020-08-28,59.938737726906304
1737,2020-08-31,59.66786564135701
1738,2020-09-01,59.72979905975298
1739,2020-09-02,58.61881684376836
1740,2020-09-03,57.964650695011784
1741,2020-09-04,57.55142585241942
1742,2020-09-07,57.8114161625755
1743,2020-09-08,56.92039490632574
1744,2020-09-09,57.466841509388956
1745,2020-09-10,56.418832089300125
1746,2020-09-11,58.58029794516678
1747,2020-09-14,57.516010781043676
1748,2020-09-15,58.866565127071496
1749,2020-09-16,58.05461125075665
1750,2020-09-17,57.608141591057475
1751,2020-09-18,57.822319775697125
1752,2020-09-21,56.79468060485496
1753,2020-09-22,56.40194699297437
1754,2020-09-23,56.78171075888525
1755,2020-09-24,55.77251782265208
1756,2020-09-25,60.22913745748362
1757,2020-09-28,59.61963444897782
1758,2020-09-29,58.558683031292915
1759,2020-09-30,57.52362323207687
1760,2020-10-01,57.51988652953183
1761,2020-10-02,57.51615425748601
1762,2020-10-05,57.51242640834856
1763,2020-10-06,57.5087029745459
1764,2020-10-07,57.504983948521726
1765,2020-10-08,57.50126932273696
1766,2020-10-09,57.49755908966965
1767,2020-10-12,61.968064822488074
1768,2020-10-13,64.42362705599788
1769,2020-10-14,63.4397638741878
1770,2020-10-15,62.55390726011538
1771,2020-10-16,62.090621162463776
1772,2020-10-19,60.62249432108726
1773,2020-10-20,60.09714475286984
1774,2020-10-21,59.02306782309178
1775,2020-10-22,61.54456730637513
1776,2020-10-23,60.1135105128775
1777,2020-10-26,58.74842609737283
1778,2020-10-27,59.235429030782726
1779,2020-10-28,58.21245548406044
1780,2020-10-29,58.67382338479048
1781,2020-10-30,59.39034334300325
1782,2020-11-02,63.52470512840715
1783,2020-11-03,68.89502070551922
1784,2020-11-04,67.5885494253728
1785,2020-11-05,67.60576388013237
1786,2020-11-06,66.75003844876015
1787,2020-11-09,65.77139190925995
1788,2020-11-10,75.67348578827861
1789,2020-11-11,96.39678869981967
1790,2020-11-12,94.11508105821218
1791,2020-11-13,91.85992298110558
1792,2020-11-16,101.96526773994385
1793,2020-11-17,103.662101800715
1794,2020-11-18,101.22495711398267
1795,2020-11-19,99.14872849267404
1796,2020-11-20,99.05399729670589
1797,2020-11-23,97.87739641162997
1798,2020-11-24,96.75832797150129
1799,2020-11-25,95.17214094675667
1800,2020-11-26,96.20778077690042
1801,2020-11-27,93.98014405803772
1802,2020-11-30,100.38923406311301
1803,2020-12-01,102.02735663384018
1804,2020-12-02,115.1356367716215
1805,2020-12-03,115.937390200545
1806,2020-12-04,113.33316055600878
1807,2020-12-07,112.04903740786784
1808,2020-12-08,109.80200336859289
1809,2020-12-09,110.34597078043211
1810,2020-12-10,117.47391314429724
1811,2020-12-11,115.1488206842575
1812,2020-12-14,114.4819713737165
1813,2020-12-15,146.10553688993966
1814,2020-12-16,143.20348186261617
1815,2020-12-17,143.10487453660318
1816,2020-12-18,139.6158166235113
1817,2020-12-21,136.41694247539496
1818,2020-12-22,133.3453872110573
1819,2020-12-23,131.4767888102836
1820,2020-12-24,128.43213950314615
1821,2020-12-25,126.83490212225419
1822,2020-12-28,127.56819565503329
1823,2020-12-29,125.3933847892674
1824,2020-12-30,122.43741936030312
1825,2020-12-31,119.5618122394902
1826,2021-01-01,119.57806867105279
1827,2021-01-04,119.59430647492084
1828,2021-01-05,117.58145320863736
1829,2021-01-06,114.60917305768746
1830,2021-01-07,111.70842745775639
1831,2021-01-08,108.91218127678881
1832,2021-01-11,110.74624692186943
1833,2021-01-12,108.42296553164635
1834,2021-01-13,107.53460589011821
1835,2021-01-14,105.03492176222079
1836,2021-01-15,102.50613847703154
1837,2021-01-18,100.60503246187025
1838,2021-01-19,101.83046636335717
1839,2021-01-20,99.76194937484297
1840,2021-01-21,97.42606873872998
1841,2021-01-22,103.52184271377111
1842,2021-01-25,101.31943442273291
1843,2021-01-26,102.59527308709633
1844,2021-01-27,100.30411981591388
1845,2021-01-28,98.17663887329573
1846,2021-01-29,97.27135229224892
1847,2021-02-01,95.09803362846448
1848,2021-02-02,96.870869860495
1849,2021-02-03,94.82139117282088
1850,2021-02-04,95.46608634145147
1851,2021-02-05,97.71585736314917
1852,2021-02-08,95.52168592808903
1853,2021-02-09,93.37911520390233
1854,2021-02-10,91.55575328378238
1855,2021-02-11,91.5623776721575
1856,2021-02-12,91.5689945795321
1857,2021-02-15,91.57560401806784
1858,2021-02-16,91.58220599990005
1859,2021-02-17,91.58880053713786
1860,2021-02-18,91.5953876418642
1861,2021-02-19,89.37908299689998
1862,2021-02-22,101.09469225655161
1863,2021-02-23,126.41549028865116
1864,2021-02-24,124.6321599937491
1865,2021-02-25,123.43935121114627
1866,2021-02-26,122.38046153758852
1867,2021-03-01,119.2400208388767
1868,2021-03-02,123.64620894792272
1869,2021-03-03,120.42548226248087
1870,2021-03-04,120.50527896956899
1871,2021-03-05,124.16064738010625
1872,2021-03-08,121.38684874277929
1873,2021-03-09,122.87992905511031
1874,2021-03-10,120.15261274438097
1875,2021-03-11,120.82380622995332
1876,2021-03-12,122.20447340875963
1877,2021-03-15,119.78293316695544
1878,2021-03-16,127.24727610009717
1879,2021-03-17,127.99002967774814
1880,2021-03-18,125.25003492566249
1881,2021-03-19,125.68844742433684
1882,2021-03-22,125.26914973414353
1883,2021-03-23,122.09720258986953
1884,2021-03-24,127.93903423126345
1885,2021-03-25,124.9222579951603
1886,2021-03-26,121.94349438973887
1887,2021-03-29,123.52552757668965
1888,2021-03-30,121.52722581389102
1889,2021-03-31,126.64794692223603
1890,2021-04-01,124.55889713385852
1891,2021-04-02,130.80358185851412
1892,2021-04-05,130.82215523953903
1893,2021-04-06,130.840708023388
1894,2021-04-07,127.38530743416916
1895,2021-04-08,124.1842419916673
1896,2021-04-09,121.4629279786549
1897,2021-04-12,121.18365410170342
1898,2021-04-13,119.38780175727298
1899,2021-04-14,116.48411968139959
1900,2021-04-15,113.58135378789993
1901,2021-04-16,113.19114592179474
1902,2021-04-19,110.87170445687636
1903,2021-04-20,108.58857366182212
1904,2021-04-21,106.29985611499937
1905,2021-04-22,110.69162463889222
1906,2021-04-23,120.07640142192916
1907,2021-04-26,118.66537920787329
1908,2021-04-27,121.00736337880235
1909,2021-04-28,118.44557150962781
1910,2021-04-29,115.86331434457782
1911,2021-04-30,115.03363259042266
1912,2021-05-03,115.04673696356204
1913,2021-05-04,115.0598269440901
1914,2021-05-05,115.07290255470842
1915,2021-05-06,115.08596381807095
1916,2021-05-07,117.2562501485336
1917,2021-05-10,116.92919352882797
1918,2021-05-11,113.96877513947365
1919,2021-05-12,115.48060501899279
1920,2021-05-13,112.26823022118855
1921,2021-05-14,112.06601249284365
1922,2021-05-17,109.09312667480873
1923,2021-05-18,106.32394093150178
1924,2021-05-19,105.83701888143216
1925,2021-05-20,113.938591716574
1926,2021-05-21,118.62779360948343
1927,2021-05-24,118.96502295024835
1928,2021-05-25,116.04693721511907
1929,2021-05-26,113.88315313353588
1930,2021-05-27,111.9124864293451
1931,2021-05-28,109.37532817419604
1932,2021-05-31,107.85329578563045
1933,2021-06-01,111.18135304974354
1934,2021-06-02,113.24878612940516
1935,2021-06-03,114.2601973356714
1936,2021-06-04,111.47060754663771
1937,2021-06-07,108.79016770943254
1938,2021-06-08,113.0648036759045
1939,2021-06-09,110.35500315220317
1940,2021-06-10,118.01975898135971
1941,2021-06-11,115.174323851733
1942,2021-06-14,115.18694861006348
1943,2021-06-15,115.19955969889068
1944,2021-06-16,114.1356163492623
1945,2021-06-17,112.56293341352902
1946,2021-06-18,112.54936739165444
1947,2021-06-21,109.78244536409892
1948,2021-06-22,108.93313961681736
1949,2021-06-23,106.28298286998205
1950,2021-06-24,109.07021681397427
1951,2021-06-25,107.79399015193938
1952,2021-06-28,109.55753677770471
1953,2021-06-29,110.67313260861825
1954,2021-06-30,108.08325566014118
1955,2021-07-01,105.47489299964286
1956,2021-07-02,103.38447724178285
1957,2021-07-05,101.00295199246582
1958,2021-07-06,101.84252104986246
1959,2021-07-07,99.93206941671893
1960,2021-07-08,98.4713355319897
1961,2021-07-09,100.19604175659009
1962,2021-07-12,98.5115720374913
1963,2021-07-13,97.20250582205473
1964,2021-07-14,95.00902511085556
1965,2021-07-15,93.45101513085679
1966,2021-07-16,96.3975009656103
1967,2021-07-19,99.39894321962359
1968,2021-07-20,97.36060425118774
1969,2021-07-21,95.43219193872272
1970,2021-07-22,98.98066920193556
1971,2021-07-23,96.98147660727861
1972,2021-07-26,95.82706436031076
1973,2021-07-27,93.79951397444378
1974,2021-07-28,94.77064951160403
1975,2021-07-29,92.74934118895176
1976,2021-07-30,90.74022169938468
1977,2021-08-02,89.02549951359728
1978,2021-08-03,93.43155588543411
1979,2021-08-04,94.5265053965434
1980,2021-08-05,96.4305272008703
1981,2021-08-06,98.01713564297927
1982,2021-08-09,96.07647839280736
1983,2021-08-10,94.62199493392865
1984,2021-08-11,95.7641322387777
1985,2021-08-12,95.85408701896736
1986,2021-08-13,93.87695654902079
1987,2021-08-16,92.05360964727988
1988,2021-08-17,90.13056273456768
1989,2021-08-18,91.13670168831395
1990,2021-08-19,93.65835157840756
1991,2021-08-20,92.81184600147512
1992,2021-08-23,91.02476240317444
1993,2021-08-24,89.21697408424073
1994,2021-08-25,87.72758754915617
1995,2021-08-26,87.26860795424592
1996,2021-08-27,89.69205148984419
1997,2021-08-30,88.13555950776573
1998,2021-08-31,90.67500586296629
1999,2021-09-01,90.80659583782446
2000,2021-09-02,89.14348316792021
2001,2021-09-03,91.84761412268406
2002,2021-09-06,90.45292394028387
2003,2021-09-07,88.67064996393268
2004,2021-09-08,93.8323208561711
2005,2021-09-09,94.46930730891114
2006,2021-09-10,92.53854963848013
2007,2021-09-13,90.69974237702424
2008,2021-09-14,95.116876675967
2009,2021-09-15,97.5595164106986
2010,2021-09-16,108.8619871488213
2011,2021-09-17,106.52022262707091
2012,2021-09-20,106.52939479140261
2013,2021-09-21,106.538557340008
2014,2021-09-22,106.5477102873026
2015,2021-09-23,116.3331668660223
2016,2021-09-24,122.83529742603136
2017,2021-09-27,119.73127692154668
2018,2021-09-28,166.27124399800124
2019,2021-09-29,165.54497496349995
2020,2021-09-30,162.79025711019887
2021,2021-10-01,162.81655282391043
2022,2021-10-04,162.842821081755
2023,2021-10-05,162.8690619247108
2024,2021-10-06,162.89527539367467
2025,2021-10-07,162.9214615294624
2026,2021-10-08,162.94762037280876
2027,2021-10-11,179.51930268420796
2028,2021-10-12,237.58601113204318
2029,2021-10-13,230.24535046373936
2030,2021-10-14,339.79097840594255
2031,2021-10-15,331.5128921633809
2032,2021-10-18,321.83302682506303
2033,2021-10-19,312.85387486678985
2034,2021-10-20,305.0581294556906
2035,2021-10-21,354.35819472325323
2036,2021-10-22,350.4655783659532
2037,2021-10-25,340.81393367086514
2038,2021-10-26,335.09445779178344
2039,2021-10-27,325.15554284969846
2040,2021-10-28,329.4493602487788
2041,2021-10-29,337.9565987372634
2042,2021-11-01,334.7597384507826
2043,2021-11-02,325.1215937317702
2044,2021-11-03,318.74368370552634
2045,2021-11-04,316.0538384251049
2046,2021-11-05,321.86416843522426
2047,2021-11-08,316.8798312102651
2048,2021-11-09,311.08029278054437
2049,2021-11-10,305.01227160364385
2050,2021-11-11,302.50709999607074
2051,2021-11-12,297.8276313275015
2052,2021-11-15,296.6104430212309
2053,2021-11-16,288.45675864474254
2054,2021-11-17,280.9375353941779
2055,2021-11-18,273.23017086309557
2056,2021-11-19,268.6115336511491
2057,2021-11-22,277.5248133406614
2058,2021-11-23,270.37032624088806
2059,2021-11-24,263.5909371353486
2060,2021-11-25,261.2992655635287
2061,2021-11-26,254.33839818169284
2062,2021-11-29,258.43197085177724
2063,2021-11-30,255.12250687943356
2064,2021-12-01,250.52843449804294
2065,2021-12-02,246.21943545227373
2066,2021-12-03,247.8236468887694
2067,2021-12-06,243.9057313814292
2068,2021-12-07,239.34823695270623
2069,2021-12-08,233.17111111989018
2070,2021-12-09,230.07445273983484
2071,2021-12-10,224.25496658445874
2072,2021-12-13,218.7050207420018
2073,2021-12-14,213.55861742764168
2074,2021-12-15,209.0487218924382
2075,2021-12-16,206.15424116487617
2076,2021-12-17,202.04187033143404
2077,2021-12-20,201.87085233089692
2078,2021-12-21,196.96312859756003
2079,2021-12-22,194.5223010694745
2080,2021-12-23,190.0933711019273
2081,2021-12-24,187.95418734344454
2082,2021-12-27,183.35912919432062
2083,2021-12-28,184.46452470483396
2084,2021-12-29,186.8171860308029
2085,2021-12-30,182.28574128424856
2086,2021-12-31,177.89988880367343
2087,2022-01-03,177.9267165074068
2088,2022-01-04,177.95351700237478
2089,2022-01-05,178.84450362077087
2090,2022-01-06,176.70133245286672
2091,2022-01-07,172.11874221816242
2092,2022-01-10,167.7674147305925
2093,2022-01-11,168.98686914689677
2094,2022-01-12,166.90285368247493
2095,2022-01-13,163.90559820413446
2096,2022-01-14,159.76193872183305
2097,2022-01-17,163.60523886334832
2098,2022-01-18,165.0902343199704
2099,2022-01-19,162.4199791836011
2100,2022-01-20,158.42927322384944
2101,2022-01-21,155.20307485903265
2102,2022-01-24,151.4300787695984
2103,2022-01-25,153.28242775016454
2104,2022-01-26,149.68595159457925
2105,2022-01-27,148.196048916794
2106,2022-01-28,144.6490858714386
2107,2022-01-31,144.66535821927334
2108,2022-02-01,144.68161420477904
2109,2022-02-02,144.69785385138465
2110,2022-02-03,144.71407718247445
2111,2022-02-04,144.7302842213884
2112,2022-02-07,144.7464749914219
2113,2022-02-08,167.47131335300804
2114,2022-02-09,164.90871363499392
2115,2022-02-10,161.1492225233497
2116,2022-02-11,169.94423025276944
2117,2022-02-14,190.95698203045944
2118,2022-02-15,189.05497301702962
2119,2022-02-16,189.47621401000214
2120,2022-02-17,185.24516133565612
2121,2022-02-18,188.13975127028652
2122,2022-02-21,184.44429134409717
2123,2022-02-22,179.1135148483631
2124,2022-02-23,174.67144492622015
2125,2022-02-24,170.34037279617874
2126,2022-02-25,166.35170695120613
2127,2022-02-28,163.96911723980122
2128,2022-03-01,160.14664548400114
2129,2022-03-02,161.40746004614596
2130,2022-03-03,161.04806319387933
2131,2022-03-04,157.48655669556354
2132,2022-03-07,154.15370239259946
2133,2022-03-08,154.98651784239476
2134,2022-03-09,151.03781098171956
2135,2022-03-10,148.0703073301474
2136,2022-03-11,144.391588532217
2137,2022-03-14,141.39492358345393
2138,2022-03-15,141.69985558569516
2139,2022-03-16,146.22929382840704
2140,2022-03-17,151.78439272417944
2141,2022-03-18,149.03358681493526
2142,2022-03-21,146.44665560803418
2143,2022-03-22,144.59023557304906
2144,2022-03-23,143.38379512046023
2145,2022-03-24,139.9655293589471
2146,2022-03-25,136.6705836494371
2147,2022-03-28,133.63610825609996
2148,2022-03-29,132.8357175221901
2149,2022-03-30,131.13277176723452
2150,2022-03-31,130.76316711413054
2151,2022-04-01,129.13528737689577
2152,2022-04-04,129.1459196105663
2153,2022-04-05,129.15654135408616
2154,2022-04-06,129.16715262216383
2155,2022-04-07,130.19501823588928
2156,2022-04-08,127.19491828533154
2157,2022-04-11,125.10837509872209
2158,2022-04-12,123.11472696182022
2159,2022-04-13,125.3407787135402
2160,2022-04-14,124.71600533285405
2161,2022-04-15,121.60740506817277
2162,2022-04-18,119.19578877802412
2163,2022-04-19,120.75018882078275
2164,2022-04-20,121.63278843140196
2165,2022-04-21,122.6969724603023
2166,2022-04-22,120.16577455743888
2167,2022-04-25,121.2275307036869
2168,2022-04-26,133.13424967348664
2169,2022-04-27,131.86198171687164
2170,2022-04-28,130.4313405262254
2171,2022-04-29,127.59320504875464
2172,2022-05-02,127.60313635204898
2173,2022-05-03,127.61305793750239
2174,2022-05-04,127.62296981861583
2175,2022-05-05,127.63287200886532
2176,2022-05-06,128.6180777061476
2177,2022-05-09,125.38477316165033
2178,2022-05-10,124.63754333103542
2179,2022-05-11,121.2712450858053
2180,2022-05-12,121.19077773135515
2181,2022-05-13,118.00400957167332
2182,2022-05-16,115.99073551712269
2183,2022-05-17,113.29123848353431
2184,2022-05-18,111.41669479406636
2185,2022-05-19,112.19008621485288
2186,2022-05-20,109.60469225104139
2187,2022-05-23,106.96275327061086
2188,2022-05-24,104.76513850938233
2189,2022-05-25,102.62136712186486
2190,2022-05-26,101.39413669249785
2191,2022-05-27,99.0840480237041
2192,2022-05-30,96.90786298532461
2193,2022-05-31,108.03514674761726
2194,2022-06-01,105.88152314414654
2195,2022-06-02,103.52508289428202
2196,2022-06-03,103.52779459270775
2197,2022-06-06,103.53050366361387
2198,2022-06-07,106.95268354276116
2199,2022-06-08,104.32320949552833
2200,2022-06-09,103.30865108399661
2201,2022-06-10,109.69438370512312
2202,2022-06-13,107.04219606882718
2203,2022-06-14,113.58115185420557
2204,2022-06-15,112.9040560234543
2205,2022-06-16,110.66600416133011
2206,2022-06-17,111.19253281178909
2207,2022-06-20,108.63739794517727
2208,2022-06-21,114.53058091734272
2209,2022-06-22,111.93360621403401
2210,2022-06-23,117.38934287550936
2211,2022-06-24,122.10098225227179
2212,2022-06-27,123.09891746687987
2213,2022-06-28,120.21935910794276
2214,2022-06-29,123.72391622814833
2215,2022-06-30,120.86044171018497
2216,2022-07-01,118.08836630278148
2217,2022-07-04,115.87454309550697
2218,2022-07-05,116.17336748028272
2219,2022-07-06,117.27133145943802
2220,2022-07-07,115.39763523514137
2221,2022-07-08,112.83463255565502
2222,2022-07-11,113.95363636244247
2223,2022-07-12,112.98213369028552
2224,2022-07-13,118.04039488058363
2225,2022-07-14,115.51568918460462
2226,2022-07-15,114.1184353184868
2227,2022-07-18,112.20346022662827
2228,2022-07-19,127.94376149405386
2229,2022-07-20,125.14056474003556
2230,2022-07-21,128.17221343316962
2231,2022-07-22,128.20008485008992
2232,2022-07-25,135.83770641232906
2233,2022-07-26,133.60155438782562
2234,2022-07-27,131.23864275163376
2235,2022-07-28,128.66262070128806
2236,2022-07-29,131.98616045878612
2237,2022-08-01,131.93806591060755
2238,2022-08-02,129.52636216715194
2239,2022-08-03,126.67316016346787
2240,2022-08-04,124.70790640990512
2241,2022-08-05,122.7035665563378
2242,2022-08-08,121.527896644571
2243,2022-08-09,127.92899191776695
2244,2022-08-10,125.1067676098829
2245,2022-08-11,122.67554942736564
2246,2022-08-12,120.0033908970503
2247,2022-08-15,118.29641059063266
2248,2022-08-16,117.88641860186567
2249,2022-08-17,115.84980504803639
2250,2022-08-18,113.51354290945949
2251,2022-08-19,112.37605898729296
2252,2022-08-22,110.61001146601735
2253,2022-08-23,108.32185882212221
2254,2022-08-24,106.46233539958673
2255,2022-08-25,110.28044141321433
2256,2022-08-26,108.1104966471675
2257,2022-08-29,109.29157725159476
2258,2022-08-30,109.09030077377666
2259,2022-08-31,108.71135789603906
