,date,PRICE
0,2014-01-02,6410.0
1,2014-01-03,6380.0
2,2014-01-06,6375.0
3,2014-01-07,6385.0
4,2014-01-08,6320.0
5,2014-01-09,6325.0
6,2014-01-10,6380.0
7,2014-01-13,6380.0
8,2014-01-14,6375.0
9,2014-01-15,6420.0
10,2014-01-16,6405.0
11,2014-01-17,6350.0
12,2014-01-20,6340.0
13,2014-01-21,6375.0
14,2014-01-22,6360.0
15,2014-01-23,6330.0
16,2014-01-24,6345.0
17,2014-01-27,6350.0
18,2014-01-28,6335.0
19,2014-01-29,6325.0
20,2014-01-30,6350.0
21,2014-01-31,6350.0
22,2014-02-03,6350.0
23,2014-02-04,6350.0
24,2014-02-05,6350.0
25,2014-02-06,6350.0
26,2014-02-07,6230.0
27,2014-02-10,6240.0
28,2014-02-11,6265.0
29,2014-02-12,6225.0
30,2014-02-13,6255.0
31,2014-02-14,6240.0
32,2014-02-17,6215.0
33,2014-02-18,6255.0
34,2014-02-19,6245.0
35,2014-02-20,6235.0
36,2014-02-21,6220.0
37,2014-02-24,6215.0
38,2014-02-25,6175.0
39,2014-02-26,6185.0
40,2014-02-27,6165.0
41,2014-02-28,6175.0
42,2014-03-03,6140.0
43,2014-03-04,6125.0
44,2014-03-05,6085.0
45,2014-03-06,6045.0
46,2014-03-07,6015.0
47,2014-03-10,5900.0
48,2014-03-11,5895.0
49,2014-03-12,5875.0
50,2014-03-13,5925.0
51,2014-03-14,5920.0
52,2014-03-17,5890.0
53,2014-03-18,5885.0
54,2014-03-19,5890.0
55,2014-03-20,5830.0
56,2014-03-21,5825.0
57,2014-03-24,5855.0
58,2014-03-25,5955.0
59,2014-03-26,5990.0
60,2014-03-27,6075.0
61,2014-03-28,6170.0
62,2014-03-31,6130.0
63,2014-04-01,6115.0
64,2014-04-02,6150.0
65,2014-04-03,6105.0
66,2014-04-04,6125.0
67,2014-04-07,6125.0
68,2014-04-08,6120.0
69,2014-04-09,6170.0
70,2014-04-10,6225.0
71,2014-04-11,6200.0
72,2014-04-14,6265.0
73,2014-04-15,6265.0
74,2014-04-16,6270.0
75,2014-04-17,6255.0
76,2014-04-18,6255.0
77,2014-04-21,6150.0
78,2014-04-22,6125.0
79,2014-04-23,6130.0
80,2014-04-24,6130.0
81,2014-04-25,6165.0
82,2014-04-28,6140.0
83,2014-04-29,6080.0
84,2014-04-30,6075.0
85,2014-05-01,6075.0
86,2014-05-02,6075.0
87,2014-05-05,6085.0
88,2014-05-06,6120.0
89,2014-05-07,6090.0
90,2014-05-08,6095.0
91,2014-05-09,6050.0
92,2014-05-12,6065.0
93,2014-05-13,6060.0
94,2014-05-14,6095.0
95,2014-05-15,6135.0
96,2014-05-16,6100.0
97,2014-05-19,6080.0
98,2014-05-20,6060.0
99,2014-05-21,6030.0
100,2014-05-22,6080.0
101,2014-05-23,6110.0
102,2014-05-26,6125.0
103,2014-05-27,6070.0
104,2014-05-28,6120.0
105,2014-05-29,6150.0
106,2014-05-30,6135.0
107,2014-06-02,6135.0
108,2014-06-03,6115.0
109,2014-06-04,6075.0
110,2014-06-05,6070.0
111,2014-06-06,6100.0
112,2014-06-09,6040.0
113,2014-06-10,6005.0
114,2014-06-11,6025.0
115,2014-06-12,6000.0
116,2014-06-13,6015.0
117,2014-06-16,6100.0
118,2014-06-17,6100.0
119,2014-06-18,6070.0
120,2014-06-19,6055.0
121,2014-06-20,6065.0
122,2014-06-23,6110.0
123,2014-06-24,6100.0
124,2014-06-25,6100.0
125,2014-06-26,6120.0
126,2014-06-27,6130.0
127,2014-06-30,6095.0
128,2014-07-01,6090.0
129,2014-07-02,6085.0
130,2014-07-03,6070.0
131,2014-07-04,6060.0
132,2014-07-07,6055.0
133,2014-07-08,6065.0
134,2014-07-09,6065.0
135,2014-07-10,6045.0
136,2014-07-11,6050.0
137,2014-07-14,6070.0
138,2014-07-15,6100.0
139,2014-07-16,6050.0
140,2014-07-17,6045.0
141,2014-07-18,6015.0
142,2014-07-21,5985.0
143,2014-07-22,6025.0
144,2014-07-23,6050.0
145,2014-07-24,6015.0
146,2014-07-25,6020.0
147,2014-07-28,6025.0
148,2014-07-29,6040.0
149,2014-07-30,6060.0
150,2014-07-31,6065.0
151,2014-08-01,6060.0
152,2014-08-04,6070.0
153,2014-08-05,5980.0
154,2014-08-06,6035.0
155,2014-08-07,6000.0
156,2014-08-08,5990.0
157,2014-08-11,5970.0
158,2014-08-12,5970.0
159,2014-08-13,5930.0
160,2014-08-14,5955.0
161,2014-08-15,5900.0
162,2014-08-18,5910.0
163,2014-08-19,5900.0
164,2014-08-20,5925.0
165,2014-08-21,5920.0
166,2014-08-22,5935.0
167,2014-08-25,5920.0
168,2014-08-26,5925.0
169,2014-08-27,5925.0
170,2014-08-28,5940.0
171,2014-08-29,5915.0
172,2014-09-01,5975.0
173,2014-09-02,5990.0
174,2014-09-03,6030.0
175,2014-09-04,6055.0
176,2014-09-05,6015.0
177,2014-09-08,6015.0
178,2014-09-09,6035.0
179,2014-09-10,6005.0
180,2014-09-11,5935.0
181,2014-09-12,5940.0
182,2014-09-15,5935.0
183,2014-09-16,5955.0
184,2014-09-17,5890.0
185,2014-09-18,5885.0
186,2014-09-19,5865.0
187,2014-09-22,5815.0
188,2014-09-23,5750.0
189,2014-09-24,5760.0
190,2014-09-25,5775.0
191,2014-09-26,5775.0
192,2014-09-29,5805.0
193,2014-09-30,5840.0
194,2014-10-01,5840.0
195,2014-10-02,5840.0
196,2014-10-03,5840.0
197,2014-10-06,5840.0
198,2014-10-07,5840.0
199,2014-10-08,5740.0
200,2014-10-09,5730.0
201,2014-10-10,5690.0
202,2014-10-13,5645.0
203,2014-10-14,5680.0
204,2014-10-15,5695.0
205,2014-10-16,5670.0
206,2014-10-17,5690.0
207,2014-10-20,5770.0
208,2014-10-21,5760.0
209,2014-10-22,5625.0
210,2014-10-23,5510.0
211,2014-10-24,5695.0
212,2014-10-27,5700.0
213,2014-10-28,5725.0
214,2014-10-29,5750.0
215,2014-10-30,5805.0
216,2014-10-31,5785.0
217,2014-11-03,5580.0
218,2014-11-04,5540.0
219,2014-11-05,5510.0
220,2014-11-06,5545.0
221,2014-11-07,5550.0
222,2014-11-10,5560.0
223,2014-11-11,5595.0
224,2014-11-12,5580.0
225,2014-11-13,5575.0
226,2014-11-14,5575.0
227,2014-11-17,5610.0
228,2014-11-18,5620.0
229,2014-11-19,5565.0
230,2014-11-20,5595.0
231,2014-11-21,5585.0
232,2014-11-24,5555.0
233,2014-11-25,5575.0
234,2014-11-26,5560.0
235,2014-11-27,5560.0
236,2014-11-28,5535.0
237,2014-12-01,5500.0
238,2014-12-02,5485.0
239,2014-12-03,5485.0
240,2014-12-04,5490.0
241,2014-12-05,5525.0
242,2014-12-08,5540.0
243,2014-12-09,5475.0
244,2014-12-10,5450.0
245,2014-12-11,5415.0
246,2014-12-12,5405.0
247,2014-12-15,5470.0
248,2014-12-16,5450.0
249,2014-12-17,5445.0
250,2014-12-18,5460.0
251,2014-12-19,5435.0
252,2014-12-22,5340.0
253,2014-12-23,5320.0
254,2014-12-24,5335.0
255,2014-12-25,5350.0
256,2014-12-26,5315.0
257,2014-12-29,5335.0
258,2014-12-30,5415.0
259,2014-12-31,5500.0
260,2015-01-01,5500.0
261,2015-01-02,5500.0
262,2015-01-05,5445.0
263,2015-01-06,5350.0
264,2015-01-07,5380.0
265,2015-01-08,5350.0
266,2015-01-09,5305.0
267,2015-01-12,5170.0
268,2015-01-13,5110.0
269,2015-01-14,5090.0
270,2015-01-15,5100.0
271,2015-01-16,4995.0
272,2015-01-19,5065.0
273,2015-01-20,5005.0
274,2015-01-21,4935.0
275,2015-01-22,4980.0
276,2015-01-23,4975.0
277,2015-01-26,4990.0
278,2015-01-27,4920.0
279,2015-01-28,4940.0
280,2015-01-29,4935.0
281,2015-01-30,4980.0
282,2015-02-02,4975.0
283,2015-02-03,5020.0
284,2015-02-04,5170.0
285,2015-02-05,5080.0
286,2015-02-06,5155.0
287,2015-02-09,5190.0
288,2015-02-10,5150.0
289,2015-02-11,5105.0
290,2015-02-12,5165.0
291,2015-02-13,5205.0
292,2015-02-16,5225.0
293,2015-02-17,5245.0
294,2015-02-18,5245.0
295,2015-02-19,5245.0
296,2015-02-20,5245.0
297,2015-02-23,5245.0
298,2015-02-24,5245.0
299,2015-02-25,5150.0
300,2015-02-26,5185.0
301,2015-02-27,5195.0
302,2015-03-02,5220.0
303,2015-03-03,5345.0
304,2015-03-04,5360.0
305,2015-03-05,5350.0
306,2015-03-06,5345.0
307,2015-03-09,5280.0
308,2015-03-10,5300.0
309,2015-03-11,5285.0
310,2015-03-12,5205.0
311,2015-03-13,5215.0
312,2015-03-16,5220.0
313,2015-03-17,5260.0
314,2015-03-18,5305.0
315,2015-03-19,5360.0
316,2015-03-20,5375.0
317,2015-03-23,5465.0
318,2015-03-24,5645.0
319,2015-03-25,5580.0
320,2015-03-26,5590.0
321,2015-03-27,5680.0
322,2015-03-30,5585.0
323,2015-03-31,5685.0
324,2015-04-01,5740.0
325,2015-04-02,5840.0
326,2015-04-03,5805.0
327,2015-04-06,5805.0
328,2015-04-07,5765.0
329,2015-04-08,5895.0
330,2015-04-09,5775.0
331,2015-04-10,5700.0
332,2015-04-13,5710.0
333,2015-04-14,5650.0
334,2015-04-15,5580.0
335,2015-04-16,5615.0
336,2015-04-17,5650.0
337,2015-04-20,5650.0
338,2015-04-21,5620.0
339,2015-04-22,5590.0
340,2015-04-23,5625.0
341,2015-04-24,5605.0
342,2015-04-27,5680.0
343,2015-04-28,5780.0
344,2015-04-29,5815.0
345,2015-04-30,5840.0
346,2015-05-01,5840.0
347,2015-05-04,5905.0
348,2015-05-05,5865.0
349,2015-05-06,5900.0
350,2015-05-07,5850.0
351,2015-05-08,5800.0
352,2015-05-11,5770.0
353,2015-05-12,5770.0
354,2015-05-13,5870.0
355,2015-05-14,5825.0
356,2015-05-15,5810.0
357,2015-05-18,5835.0
358,2015-05-19,5885.0
359,2015-05-20,5750.0
360,2015-05-21,5735.0
361,2015-05-22,5820.0
362,2015-05-25,5775.0
363,2015-05-26,5760.0
364,2015-05-27,5665.0
365,2015-05-28,5670.0
366,2015-05-29,5645.0
367,2015-06-01,5690.0
368,2015-06-02,5690.0
369,2015-06-03,5730.0
370,2015-06-04,5655.0
371,2015-06-05,5670.0
372,2015-06-08,5590.0
373,2015-06-09,5540.0
374,2015-06-10,5605.0
375,2015-06-11,5590.0
376,2015-06-12,5595.0
377,2015-06-15,5555.0
378,2015-06-16,5530.0
379,2015-06-17,5530.0
380,2015-06-18,5480.0
381,2015-06-19,5520.0
382,2015-06-22,5520.0
383,2015-06-23,5505.0
384,2015-06-24,5540.0
385,2015-06-25,5505.0
386,2015-06-26,5520.0
387,2015-06-29,5510.0
388,2015-06-30,5490.0
389,2015-07-01,5580.0
390,2015-07-02,5625.0
391,2015-07-03,5630.0
392,2015-07-06,5600.0
393,2015-07-07,5455.0
394,2015-07-08,5150.0
395,2015-07-09,5160.0
396,2015-07-10,5320.0
397,2015-07-13,5290.0
398,2015-07-14,5315.0
399,2015-07-15,5335.0
400,2015-07-16,5300.0
401,2015-07-17,5330.0
402,2015-07-20,5320.0
403,2015-07-21,5300.0
404,2015-07-22,5315.0
405,2015-07-23,5315.0
406,2015-07-24,5305.0
407,2015-07-27,5255.0
408,2015-07-28,5145.0
409,2015-07-29,5225.0
410,2015-07-30,5290.0
411,2015-07-31,5220.0
412,2015-08-03,5250.0
413,2015-08-04,5150.0
414,2015-08-05,5285.0
415,2015-08-06,5290.0
416,2015-08-07,5300.0
417,2015-08-10,5330.0
418,2015-08-11,5325.0
419,2015-08-12,5130.0
420,2015-08-13,5215.0
421,2015-08-14,5220.0
422,2015-08-17,5260.0
423,2015-08-18,5150.0
424,2015-08-19,5160.0
425,2015-08-20,5090.0
426,2015-08-21,5140.0
427,2015-08-24,5070.0
428,2015-08-25,4980.0
429,2015-08-26,5035.0
430,2015-08-27,5000.0
431,2015-08-28,5230.0
432,2015-08-31,5130.0
433,2015-09-01,5125.0
434,2015-09-02,5060.0
435,2015-09-03,5060.0
436,2015-09-04,5060.0
437,2015-09-07,5015.0
438,2015-09-08,5025.0
439,2015-09-09,5055.0
440,2015-09-10,5025.0
441,2015-09-11,5050.0
442,2015-09-14,5030.0
443,2015-09-15,5030.0
444,2015-09-16,4980.0
445,2015-09-17,5025.0
446,2015-09-18,4960.0
447,2015-09-21,4910.0
448,2015-09-22,4940.0
449,2015-09-23,4900.0
450,2015-09-24,4935.0
451,2015-09-25,4930.0
452,2015-09-28,4890.0
453,2015-09-29,4905.0
454,2015-09-30,4895.0
455,2015-10-01,4895.0
456,2015-10-02,4895.0
457,2015-10-05,4895.0
458,2015-10-06,4895.0
459,2015-10-07,4895.0
460,2015-10-08,4955.0
461,2015-10-09,4945.0
462,2015-10-12,4975.0
463,2015-10-13,4935.0
464,2015-10-14,4945.0
465,2015-10-15,4915.0
466,2015-10-16,4915.0
467,2015-10-19,4855.0
468,2015-10-20,4840.0
469,2015-10-21,4860.0
470,2015-10-22,4805.0
471,2015-10-23,4810.0
472,2015-10-26,4780.0
473,2015-10-27,4755.0
474,2015-10-28,4765.0
475,2015-10-29,4745.0
476,2015-10-30,4710.0
477,2015-11-02,4675.0
478,2015-11-03,4640.0
479,2015-11-04,4590.0
480,2015-11-05,4540.0
481,2015-11-06,4545.0
482,2015-11-09,4610.0
483,2015-11-10,4555.0
484,2015-11-11,4590.0
485,2015-11-12,4610.0
486,2015-11-13,4610.0
487,2015-11-16,4550.0
488,2015-11-17,4570.0
489,2015-11-18,4580.0
490,2015-11-19,4550.0
491,2015-11-20,4495.0
492,2015-11-23,4435.0
493,2015-11-24,4465.0
494,2015-11-25,4635.0
495,2015-11-26,4595.0
496,2015-11-27,4605.0
497,2015-11-30,4570.0
498,2015-12-01,4520.0
499,2015-12-02,4545.0
500,2015-12-03,4525.0
501,2015-12-04,4580.0
502,2015-12-07,4490.0
503,2015-12-08,4480.0
504,2015-12-09,4480.0
505,2015-12-10,4535.0
506,2015-12-11,4550.0
507,2015-12-14,4555.0
508,2015-12-15,4575.0
509,2015-12-16,4550.0
510,2015-12-17,4570.0
511,2015-12-18,4585.0
512,2015-12-21,4625.0
513,2015-12-22,4740.0
514,2015-12-23,4780.0
515,2015-12-24,4780.0
516,2015-12-25,4880.0
517,2015-12-28,4870.0
518,2015-12-29,4750.0
519,2015-12-30,4890.0
520,2015-12-31,4840.0
521,2016-01-01,4840.0
522,2016-01-04,4850.0
523,2016-01-05,4820.0
524,2016-01-06,4800.0
525,2016-01-07,4775.0
526,2016-01-08,4685.0
527,2016-01-11,4660.0
528,2016-01-12,4580.0
529,2016-01-13,4590.0
530,2016-01-14,4615.0
531,2016-01-15,4655.0
532,2016-01-18,4590.0
533,2016-01-19,4655.0
534,2016-01-20,4725.0
535,2016-01-21,4715.0
536,2016-01-22,4750.0
537,2016-01-25,4830.0
538,2016-01-26,4805.0
539,2016-01-27,4805.0
540,2016-01-28,4820.0
541,2016-01-29,4825.0
542,2016-02-01,4855.0
543,2016-02-02,4845.0
544,2016-02-03,4855.0
545,2016-02-04,4905.0
546,2016-02-05,4925.0
547,2016-02-08,4925.0
548,2016-02-09,4925.0
549,2016-02-10,4925.0
550,2016-02-11,4925.0
551,2016-02-12,4925.0
552,2016-02-15,4910.0
553,2016-02-16,4980.0
554,2016-02-17,4970.0
555,2016-02-18,4930.0
556,2016-02-19,4945.0
557,2016-02-22,5055.0
558,2016-02-23,5090.0
559,2016-02-24,5090.0
560,2016-02-25,5110.0
561,2016-02-26,5145.0
562,2016-02-29,5130.0
563,2016-03-01,5160.0
564,2016-03-02,5185.0
565,2016-03-03,5175.0
566,2016-03-04,5195.0
567,2016-03-07,5410.0
568,2016-03-08,5400.0
569,2016-03-09,5150.0
570,2016-03-10,5320.0
571,2016-03-11,5260.0
572,2016-03-14,5260.0
573,2016-03-15,5315.0
574,2016-03-16,5275.0
575,2016-03-17,5400.0
576,2016-03-18,5500.0
577,2016-03-21,5535.0
578,2016-03-22,5510.0
579,2016-03-23,5425.0
580,2016-03-24,5380.0
581,2016-03-25,5210.0
582,2016-03-28,5200.0
583,2016-03-29,5100.0
584,2016-03-30,5030.0
585,2016-03-31,5090.0
586,2016-04-01,5100.0
587,2016-04-04,5100.0
588,2016-04-05,5130.0
589,2016-04-06,5110.0
590,2016-04-07,5075.0
591,2016-04-08,5015.0
592,2016-04-11,5050.0
593,2016-04-12,5005.0
594,2016-04-13,5035.0
595,2016-04-14,4975.0
596,2016-04-15,5020.0
597,2016-04-18,4970.0
598,2016-04-19,5015.0
599,2016-04-20,5015.0
600,2016-04-21,5115.0
601,2016-04-22,5175.0
602,2016-04-25,5120.0
603,2016-04-26,5235.0
604,2016-04-27,5255.0
605,2016-04-28,5265.0
606,2016-04-29,5320.0
607,2016-05-02,5320.0
608,2016-05-03,5255.0
609,2016-05-04,5150.0
610,2016-05-05,5100.0
611,2016-05-06,5005.0
612,2016-05-09,5120.0
613,2016-05-10,5015.0
614,2016-05-11,5070.0
615,2016-05-12,5100.0
616,2016-05-13,5045.0
617,2016-05-16,5070.0
618,2016-05-17,5070.0
619,2016-05-18,5070.0
620,2016-05-19,5070.0
621,2016-05-20,5170.0
622,2016-05-23,5165.0
623,2016-05-24,5140.0
624,2016-05-25,5120.0
625,2016-05-26,5115.0
626,2016-05-27,5075.0
627,2016-05-30,5050.0
628,2016-05-31,5120.0
629,2016-06-01,5140.0
630,2016-06-02,5200.0
631,2016-06-03,5180.0
632,2016-06-06,5155.0
633,2016-06-07,5165.0
634,2016-06-08,5170.0
635,2016-06-09,5170.0
636,2016-06-10,5170.0
637,2016-06-13,5090.0
638,2016-06-14,5050.0
639,2016-06-15,5020.0
640,2016-06-16,5005.0
641,2016-06-17,5010.0
642,2016-06-20,5105.0
643,2016-06-21,5230.0
644,2016-06-22,5290.0
645,2016-06-23,5365.0
646,2016-06-24,5480.0
647,2016-06-27,5520.0
648,2016-06-28,5675.0
649,2016-06-29,5720.0
650,2016-06-30,5685.0
651,2016-07-01,5700.0
652,2016-07-04,5785.0
653,2016-07-05,5825.0
654,2016-07-06,5660.0
655,2016-07-07,5780.0
656,2016-07-08,5645.0
657,2016-07-11,5645.0
658,2016-07-12,5675.0
659,2016-07-13,5820.0
660,2016-07-14,5705.0
661,2016-07-15,5740.0
662,2016-07-18,5745.0
663,2016-07-19,5735.0
664,2016-07-20,5700.0
665,2016-07-21,5650.0
666,2016-07-22,5750.0
667,2016-07-25,5680.0
668,2016-07-26,5625.0
669,2016-07-27,5630.0
670,2016-07-28,5590.0
671,2016-07-29,5690.0
672,2016-08-01,5625.0
673,2016-08-02,5700.0
674,2016-08-03,5690.0
675,2016-08-04,5840.0
676,2016-08-05,5890.0
677,2016-08-08,5800.0
678,2016-08-09,5985.0
679,2016-08-10,5990.0
680,2016-08-11,5940.0
681,2016-08-12,5995.0
682,2016-08-15,5910.0
683,2016-08-16,5960.0
684,2016-08-17,5935.0
685,2016-08-18,5665.0
686,2016-08-19,5665.0
687,2016-08-22,5645.0
688,2016-08-23,5690.0
689,2016-08-24,5680.0
690,2016-08-25,5570.0
691,2016-08-26,5570.0
692,2016-08-29,5540.0
693,2016-08-30,5510.0
694,2016-08-31,5545.0
695,2016-09-01,5450.0
696,2016-09-02,5465.0
697,2016-09-05,5490.0
698,2016-09-06,5495.0
699,2016-09-07,5570.0
700,2016-09-08,5580.0
701,2016-09-09,5605.0
702,2016-09-12,5660.0
703,2016-09-13,5695.0
704,2016-09-14,5655.0
705,2016-09-15,5655.0
706,2016-09-16,5655.0
707,2016-09-19,5750.0
708,2016-09-20,5920.0
709,2016-09-21,5950.0
710,2016-09-22,5995.0
711,2016-09-23,6015.0
712,2016-09-26,5980.0
713,2016-09-27,5990.0
714,2016-09-28,5950.0
715,2016-09-29,6000.0
716,2016-09-30,5955.0
717,2016-10-03,5955.0
718,2016-10-04,5955.0
719,2016-10-05,5955.0
720,2016-10-06,5955.0
721,2016-10-07,5955.0
722,2016-10-10,6090.0
723,2016-10-11,6245.0
724,2016-10-12,6300.0
725,2016-10-13,6315.0
726,2016-10-14,6335.0
727,2016-10-17,6370.0
728,2016-10-18,6500.0
729,2016-10-19,6500.0
730,2016-10-20,6610.0
731,2016-10-21,6600.0
732,2016-10-24,6620.0
733,2016-10-25,6760.0
734,2016-10-26,6825.0
735,2016-10-27,6850.0
736,2016-10-28,6900.0
737,2016-10-31,7170.0
738,2016-11-01,7360.0
739,2016-11-02,7350.0
740,2016-11-03,7330.0
741,2016-11-04,7500.0
742,2016-11-07,7430.0
743,2016-11-08,7445.0
744,2016-11-09,7780.0
745,2016-11-10,7960.0
746,2016-11-11,7870.0
747,2016-11-14,7805.0
748,2016-11-15,7980.0
749,2016-11-16,8050.0
750,2016-11-17,7930.0
751,2016-11-18,7740.0
752,2016-11-21,7355.0
753,2016-11-22,7505.0
754,2016-11-23,7540.0
755,2016-11-24,7480.0
756,2016-11-25,7455.0
757,2016-11-28,7290.0
758,2016-11-29,7250.0
759,2016-11-30,7110.0
760,2016-12-01,7125.0
761,2016-12-02,6645.0
762,2016-12-05,6750.0
763,2016-12-06,6825.0
764,2016-12-07,6845.0
765,2016-12-08,6990.0
766,2016-12-09,7035.0
767,2016-12-12,7100.0
768,2016-12-13,7000.0
769,2016-12-14,6875.0
770,2016-12-15,6750.0
771,2016-12-16,6765.0
772,2016-12-19,6470.0
773,2016-12-20,6270.0
774,2016-12-21,6240.0
775,2016-12-22,6290.0
776,2016-12-23,6370.0
777,2016-12-26,6340.0
778,2016-12-27,6360.0
779,2016-12-28,6445.0
780,2016-12-29,6205.0
781,2016-12-30,6205.0
782,2017-01-02,6205.0
783,2017-01-03,6215.0
784,2017-01-04,5990.0
785,2017-01-05,6155.0
786,2017-01-06,6150.0
787,2017-01-09,6135.0
788,2017-01-10,6380.0
789,2017-01-11,6435.0
790,2017-01-12,6420.0
791,2017-01-13,6450.0
792,2017-01-16,6550.0
793,2017-01-17,6550.0
794,2017-01-18,6430.0
795,2017-01-19,6465.0
796,2017-01-20,6565.0
797,2017-01-23,6560.0
798,2017-01-24,6550.0
799,2017-01-25,6485.0
800,2017-01-26,6595.0
801,2017-01-27,6595.0
802,2017-01-30,6595.0
803,2017-01-31,6595.0
804,2017-02-01,6595.0
805,2017-02-02,6595.0
806,2017-02-03,6620.0
807,2017-02-06,6820.0
808,2017-02-07,6800.0
809,2017-02-08,6810.0
810,2017-02-09,6805.0
811,2017-02-10,6820.0
812,2017-02-13,6950.0
813,2017-02-14,6900.0
814,2017-02-15,6880.0
815,2017-02-16,6770.0
816,2017-02-17,6760.0
817,2017-02-20,6670.0
818,2017-02-21,6730.0
819,2017-02-22,6505.0
820,2017-02-23,6490.0
821,2017-02-24,6335.0
822,2017-02-27,6450.0
823,2017-02-28,6490.0
824,2017-03-01,6445.0
825,2017-03-02,6445.0
826,2017-03-03,6400.0
827,2017-03-06,6615.0
828,2017-03-07,6700.0
829,2017-03-08,6590.0
830,2017-03-09,6325.0
831,2017-03-10,6495.0
832,2017-03-13,6305.0
833,2017-03-14,6445.0
834,2017-03-15,6610.0
835,2017-03-16,6590.0
836,2017-03-17,6650.0
837,2017-03-20,6650.0
838,2017-03-21,6560.0
839,2017-03-22,6370.0
840,2017-03-23,6390.0
841,2017-03-24,6340.0
842,2017-03-27,6230.0
843,2017-03-28,6215.0
844,2017-03-29,6270.0
845,2017-03-30,6285.0
846,2017-03-31,6190.0
847,2017-04-03,6190.0
848,2017-04-04,6190.0
849,2017-04-05,6135.0
850,2017-04-06,6235.0
851,2017-04-07,6130.0
852,2017-04-10,6075.0
853,2017-04-11,5970.0
854,2017-04-12,5965.0
855,2017-04-13,5920.0
856,2017-04-14,5795.0
857,2017-04-17,5700.0
858,2017-04-18,5620.0
859,2017-04-19,5520.0
860,2017-04-20,5505.0
861,2017-04-21,5615.0
862,2017-04-24,5640.0
863,2017-04-25,5590.0
864,2017-04-26,5545.0
865,2017-04-27,5590.0
866,2017-04-28,5795.0
867,2017-05-01,5795.0
868,2017-05-02,5880.0
869,2017-05-03,5830.0
870,2017-05-04,5660.0
871,2017-05-05,5570.0
872,2017-05-08,5690.0
873,2017-05-09,5675.0
874,2017-05-10,5820.0
875,2017-05-11,5715.0
876,2017-05-12,5795.0
877,2017-05-15,5750.0
878,2017-05-16,5955.0
879,2017-05-17,5970.0
880,2017-05-18,5935.0
881,2017-05-19,6160.0
882,2017-05-22,6245.0
883,2017-05-23,6220.0
884,2017-05-24,6160.0
885,2017-05-25,6040.0
886,2017-05-26,5980.0
887,2017-05-29,5980.0
888,2017-05-30,5980.0
889,2017-05-31,5955.0
890,2017-06-01,5950.0
891,2017-06-02,6130.0
892,2017-06-05,5925.0
893,2017-06-06,5860.0
894,2017-06-07,5870.0
895,2017-06-08,5815.0
896,2017-06-09,5875.0
897,2017-06-12,5920.0
898,2017-06-13,6070.0
899,2017-06-14,6010.0
900,2017-06-15,5925.0
901,2017-06-16,5910.0
902,2017-06-19,5885.0
903,2017-06-20,5810.0
904,2017-06-21,5785.0
905,2017-06-22,5920.0
906,2017-06-23,5915.0
907,2017-06-26,6075.0
908,2017-06-27,6130.0
909,2017-06-28,6200.0
910,2017-06-29,6195.0
911,2017-06-30,6320.0
912,2017-07-03,6410.0
913,2017-07-04,6390.0
914,2017-07-05,6350.0
915,2017-07-06,6430.0
916,2017-07-07,6520.0
917,2017-07-10,6600.0
918,2017-07-11,6635.0
919,2017-07-12,6705.0
920,2017-07-13,6590.0
921,2017-07-14,6605.0
922,2017-07-17,6595.0
923,2017-07-18,6560.0
924,2017-07-19,6665.0
925,2017-07-20,6760.0
926,2017-07-21,6720.0
927,2017-07-24,6790.0
928,2017-07-25,6855.0
929,2017-07-26,6900.0
930,2017-07-27,6825.0
931,2017-07-28,6910.0
932,2017-07-31,6850.0
933,2017-08-01,6850.0
934,2017-08-02,6880.0
935,2017-08-03,7140.0
936,2017-08-04,7100.0
937,2017-08-07,7395.0
938,2017-08-08,7355.0
939,2017-08-09,7420.0
940,2017-08-10,7385.0
941,2017-08-11,7500.0
942,2017-08-14,7295.0
943,2017-08-15,7180.0
944,2017-08-16,7010.0
945,2017-08-17,7150.0
946,2017-08-18,7095.0
947,2017-08-21,7360.0
948,2017-08-22,7350.0
949,2017-08-23,7375.0
950,2017-08-24,7320.0
951,2017-08-25,7435.0
952,2017-08-28,7355.0
953,2017-08-29,7505.0
954,2017-08-30,7470.0
955,2017-08-31,7460.0
956,2017-09-01,7640.0
957,2017-09-04,7950.0
958,2017-09-05,7755.0
959,2017-09-06,7815.0
960,2017-09-07,7860.0
961,2017-09-08,7640.0
962,2017-09-11,7460.0
963,2017-09-12,7650.0
964,2017-09-13,7655.0
965,2017-09-14,7365.0
966,2017-09-15,7285.0
967,2017-09-18,7120.0
968,2017-09-19,7180.0
969,2017-09-20,7065.0
970,2017-09-21,6915.0
971,2017-09-22,6740.0
972,2017-09-25,6770.0
973,2017-09-26,6800.0
974,2017-09-27,6890.0
975,2017-09-28,6710.0
976,2017-09-29,6680.0
977,2017-10-02,6680.0
978,2017-10-03,6680.0
979,2017-10-04,6680.0
980,2017-10-05,6680.0
981,2017-10-06,6680.0
982,2017-10-09,6705.0
983,2017-10-10,6465.0
984,2017-10-11,6405.0
985,2017-10-12,6430.0
986,2017-10-13,6435.0
987,2017-10-16,6530.0
988,2017-10-17,6365.0
989,2017-10-18,6435.0
990,2017-10-19,6335.0
991,2017-10-20,6360.0
992,2017-10-23,6455.0
993,2017-10-24,6525.0
994,2017-10-25,6550.0
995,2017-10-26,6450.0
996,2017-10-27,6410.0
997,2017-10-30,6475.0
998,2017-10-31,6570.0
999,2017-11-01,6355.0
1000,2017-11-02,6310.0
1001,2017-11-03,6330.0
1002,2017-11-06,6360.0
1003,2017-11-07,6490.0
1004,2017-11-08,6420.0
1005,2017-11-09,6485.0
1006,2017-11-10,6375.0
1007,2017-11-13,6430.0
1008,2017-11-14,6390.0
1009,2017-11-15,6190.0
1010,2017-11-16,6010.0
1011,2017-11-17,5920.0
1012,2017-11-20,6045.0
1013,2017-11-21,6015.0
1014,2017-11-22,6020.0
1015,2017-11-23,6260.0
1016,2017-11-24,6310.0
1017,2017-11-27,6300.0
1018,2017-11-28,6105.0
1019,2017-11-29,6225.0
1020,2017-11-30,6290.0
1021,2017-12-01,6120.0
1022,2017-12-04,6385.0
1023,2017-12-05,6470.0
1024,2017-12-06,6425.0
1025,2017-12-07,6605.0
1026,2017-12-08,6460.0
1027,2017-12-11,6790.0
1028,2017-12-12,6790.0
1029,2017-12-13,6735.0
1030,2017-12-14,6670.0
1031,2017-12-15,6635.0
1032,2017-12-18,6730.0
1033,2017-12-19,6670.0
1034,2017-12-20,6740.0
1035,2017-12-21,6685.0
1036,2017-12-22,6580.0
1037,2017-12-25,6620.0
1038,2017-12-26,6575.0
1039,2017-12-27,6705.0
1040,2017-12-28,6600.0
1041,2017-12-29,6635.0
1042,2018-01-01,6635.0
1043,2018-01-02,6650.0
1044,2018-01-03,6790.0
1045,2018-01-04,6785.0
1046,2018-01-05,6820.0
1047,2018-01-08,6805.0
1048,2018-01-09,6840.0
1049,2018-01-10,6820.0
1050,2018-01-11,6760.0
1051,2018-01-12,6730.0
1052,2018-01-15,6845.0
1053,2018-01-16,6815.0
1054,2018-01-17,6635.0
1055,2018-01-18,6560.0
1056,2018-01-19,6610.0
1057,2018-01-22,6695.0
1058,2018-01-23,6690.0
1059,2018-01-24,6735.0
1060,2018-01-25,6855.0
1061,2018-01-26,6835.0
1062,2018-01-29,6945.0
1063,2018-01-30,6865.0
1064,2018-01-31,6800.0
1065,2018-02-01,6900.0
1066,2018-02-02,6740.0
1067,2018-02-05,6720.0
1068,2018-02-06,6765.0
1069,2018-02-07,6750.0
1070,2018-02-08,6770.0
1071,2018-02-09,6735.0
1072,2018-02-12,6715.0
1073,2018-02-13,6640.0
1074,2018-02-14,6620.0
1075,2018-02-15,6620.0
1076,2018-02-16,6620.0
1077,2018-02-19,6620.0
1078,2018-02-20,6620.0
1079,2018-02-21,6620.0
1080,2018-02-22,6565.0
1081,2018-02-23,6580.0
1082,2018-02-26,6630.0
1083,2018-02-27,6655.0
1084,2018-02-28,6570.0
1085,2018-03-01,6675.0
1086,2018-03-02,6780.0
1087,2018-03-05,6795.0
1088,2018-03-06,6680.0
1089,2018-03-07,6600.0
1090,2018-03-08,6590.0
1091,2018-03-09,6405.0
1092,2018-03-12,6475.0
1093,2018-03-13,6265.0
1094,2018-03-14,6275.0
1095,2018-03-15,6320.0
1096,2018-03-16,6290.0
1097,2018-03-19,6315.0
1098,2018-03-20,6275.0
1099,2018-03-21,6260.0
1100,2018-03-22,6300.0
1101,2018-03-23,6305.0
1102,2018-03-26,6305.0
1103,2018-03-27,6315.0
1104,2018-03-28,6300.0
1105,2018-03-29,6210.0
1106,2018-03-30,6320.0
1107,2018-04-02,6465.0
1108,2018-04-03,6470.0
1109,2018-04-04,6460.0
1110,2018-04-05,6460.0
1111,2018-04-06,6460.0
1112,2018-04-09,6545.0
1113,2018-04-10,6685.0
1114,2018-04-11,6670.0
1115,2018-04-12,6600.0
1116,2018-04-13,6635.0
1117,2018-04-16,6605.0
1118,2018-04-17,6550.0
1119,2018-04-18,6620.0
1120,2018-04-19,6655.0
1121,2018-04-20,6685.0
1122,2018-04-23,6635.0
1123,2018-04-24,6735.0
1124,2018-04-25,6765.0
1125,2018-04-26,6760.0
1126,2018-04-27,6805.0
1127,2018-04-30,6805.0
1128,2018-05-01,6805.0
1129,2018-05-02,6860.0
1130,2018-05-03,6875.0
1131,2018-05-04,6900.0
1132,2018-05-07,6905.0
1133,2018-05-08,6995.0
1134,2018-05-09,6970.0
1135,2018-05-10,6950.0
1136,2018-05-11,6925.0
1137,2018-05-14,6885.0
1138,2018-05-15,6855.0
1139,2018-05-16,6850.0
1140,2018-05-17,6885.0
1141,2018-05-18,6760.0
1142,2018-05-21,6755.0
1143,2018-05-22,6825.0
1144,2018-05-23,6755.0
1145,2018-05-24,6675.0
1146,2018-05-25,6685.0
1147,2018-05-28,6645.0
1148,2018-05-29,6660.0
1149,2018-05-30,6675.0
1150,2018-05-31,6735.0
1151,2018-06-01,6730.0
1152,2018-06-04,6870.0
1153,2018-06-05,6870.0
1154,2018-06-06,6935.0
1155,2018-06-07,6920.0
1156,2018-06-08,7020.0
1157,2018-06-11,7115.0
1158,2018-06-12,7110.0
1159,2018-06-13,7095.0
1160,2018-06-14,7000.0
1161,2018-06-15,6900.0
1162,2018-06-18,6900.0
1163,2018-06-19,6810.0
1164,2018-06-20,6760.0
1165,2018-06-21,6880.0
1166,2018-06-22,6860.0
1167,2018-06-25,6875.0
1168,2018-06-26,6740.0
1169,2018-06-27,6820.0
1170,2018-06-28,6810.0
1171,2018-06-29,6815.0
1172,2018-07-02,6890.0
1173,2018-07-03,6865.0
1174,2018-07-04,6895.0
1175,2018-07-05,6900.0
1176,2018-07-06,6790.0
1177,2018-07-09,6780.0
1178,2018-07-10,6860.0
1179,2018-07-11,6815.0
1180,2018-07-12,6895.0
1181,2018-07-13,6950.0
1182,2018-07-16,6940.0
1183,2018-07-17,6830.0
1184,2018-07-18,6865.0
1185,2018-07-19,6890.0
1186,2018-07-20,6875.0
1187,2018-07-23,6960.0
1188,2018-07-24,6970.0
1189,2018-07-25,6930.0
1190,2018-07-26,6920.0
1191,2018-07-27,6935.0
1192,2018-07-30,6990.0
1193,2018-07-31,7055.0
1194,2018-08-01,7030.0
1195,2018-08-02,7035.0
1196,2018-08-03,7065.0
1197,2018-08-06,7225.0
1198,2018-08-07,7185.0
1199,2018-08-08,7205.0
1200,2018-08-09,7380.0
1201,2018-08-10,7380.0
1202,2018-08-13,7360.0
1203,2018-08-14,7410.0
1204,2018-08-15,7345.0
1205,2018-08-16,7270.0
1206,2018-08-17,7410.0
1207,2018-08-20,7290.0
1208,2018-08-21,7315.0
1209,2018-08-22,7185.0
1210,2018-08-23,7255.0
1211,2018-08-24,7100.0
1212,2018-08-27,7040.0
1213,2018-08-28,7060.0
1214,2018-08-29,6995.0
1215,2018-08-30,7000.0
1216,2018-08-31,7015.0
1217,2018-09-03,6865.0
1218,2018-09-04,6825.0
1219,2018-09-05,6805.0
1220,2018-09-06,6840.0
1221,2018-09-07,6875.0
1222,2018-09-10,6845.0
1223,2018-09-11,6830.0
1224,2018-09-12,6750.0
1225,2018-09-13,6745.0
1226,2018-09-14,6740.0
1227,2018-09-17,6800.0
1228,2018-09-18,6670.0
1229,2018-09-19,6695.0
1230,2018-09-20,6695.0
1231,2018-09-21,6755.0
1232,2018-09-24,6755.0
1233,2018-09-25,6805.0
1234,2018-09-26,6745.0
1235,2018-09-27,6640.0
1236,2018-09-28,6600.0
1237,2018-10-01,6600.0
1238,2018-10-02,6600.0
1239,2018-10-03,6600.0
1240,2018-10-04,6600.0
1241,2018-10-05,6600.0
1242,2018-10-08,6740.0
1243,2018-10-09,6785.0
1244,2018-10-10,6805.0
1245,2018-10-11,6830.0
1246,2018-10-12,6710.0
1247,2018-10-15,6740.0
1248,2018-10-16,6655.0
1249,2018-10-17,6525.0
1250,2018-10-18,6465.0
1251,2018-10-19,6470.0
1252,2018-10-22,6355.0
1253,2018-10-23,6440.0
1254,2018-10-24,6425.0
1255,2018-10-25,6420.0
1256,2018-10-26,6445.0
1257,2018-10-29,6475.0
1258,2018-10-30,6470.0
1259,2018-10-31,6390.0
1260,2018-11-01,6395.0
1261,2018-11-02,6340.0
1262,2018-11-05,6330.0
1263,2018-11-06,6305.0
1264,2018-11-07,6225.0
1265,2018-11-08,6260.0
1266,2018-11-09,6250.0
1267,2018-11-12,6280.0
1268,2018-11-13,6300.0
1269,2018-11-14,6275.0
1270,2018-11-15,6375.0
1271,2018-11-16,6455.0
1272,2018-11-19,6525.0
1273,2018-11-20,6410.0
1274,2018-11-21,6255.0
1275,2018-11-22,6400.0
1276,2018-11-23,6315.0
1277,2018-11-26,6265.0
1278,2018-11-27,6480.0
1279,2018-11-28,6445.0
1280,2018-11-29,6420.0
1281,2018-11-30,6495.0
1282,2018-12-03,6370.0
1283,2018-12-04,6355.0
1284,2018-12-05,6405.0
1285,2018-12-06,6450.0
1286,2018-12-07,6350.0
1287,2018-12-10,6380.0
1288,2018-12-11,6265.0
1289,2018-12-12,6240.0
1290,2018-12-13,6235.0
1291,2018-12-14,6340.0
1292,2018-12-17,6295.0
1293,2018-12-18,6320.0
1294,2018-12-19,6475.0
1295,2018-12-20,6510.0
1296,2018-12-21,6470.0
1297,2018-12-24,6455.0
1298,2018-12-25,6430.0
1299,2018-12-26,6410.0
1300,2018-12-27,6550.0
1301,2018-12-28,6475.0
1302,2018-12-31,6475.0
1303,2019-01-01,6475.0
1304,2019-01-02,6450.0
1305,2019-01-03,6360.0
1306,2019-01-04,6335.0
1307,2019-01-07,6400.0
1308,2019-01-08,6430.0
1309,2019-01-09,6430.0
1310,2019-01-10,6410.0
1311,2019-01-11,6355.0
1312,2019-01-14,6370.0
1313,2019-01-15,6360.0
1314,2019-01-16,6360.0
1315,2019-01-17,6430.0
1316,2019-01-18,6490.0
1317,2019-01-21,6530.0
1318,2019-01-22,6505.0
1319,2019-01-23,6530.0
1320,2019-01-24,6540.0
1321,2019-01-25,6510.0
1322,2019-01-28,6515.0
1323,2019-01-29,6460.0
1324,2019-01-30,6470.0
1325,2019-01-31,6540.0
1326,2019-02-01,6530.0
1327,2019-02-04,6530.0
1328,2019-02-05,6530.0
1329,2019-02-06,6530.0
1330,2019-02-07,6530.0
1331,2019-02-08,6530.0
1332,2019-02-11,6545.0
1333,2019-02-12,6515.0
1334,2019-02-13,6485.0
1335,2019-02-14,6410.0
1336,2019-02-15,6465.0
1337,2019-02-18,6435.0
1338,2019-02-19,6400.0
1339,2019-02-20,6440.0
1340,2019-02-21,6465.0
1341,2019-02-22,6440.0
1342,2019-02-25,6465.0
1343,2019-02-26,6430.0
1344,2019-02-27,6490.0
1345,2019-02-28,6455.0
1346,2019-03-01,6430.0
1347,2019-03-04,6490.0
1348,2019-03-05,6500.0
1349,2019-03-06,6515.0
1350,2019-03-07,6585.0
1351,2019-03-08,6560.0
1352,2019-03-11,6550.0
1353,2019-03-12,6515.0
1354,2019-03-13,6505.0
1355,2019-03-14,6530.0
1356,2019-03-15,6455.0
1357,2019-03-18,6400.0
1358,2019-03-19,6235.0
1359,2019-03-20,6265.0
1360,2019-03-21,6280.0
1361,2019-03-22,6320.0
1362,2019-03-25,6385.0
1363,2019-03-26,6450.0
1364,2019-03-27,6450.0
1365,2019-03-28,6490.0
1366,2019-03-29,6515.0
1367,2019-04-01,6550.0
1368,2019-04-02,6545.0
1369,2019-04-03,6540.0
1370,2019-04-04,6700.0
1371,2019-04-05,6700.0
1372,2019-04-08,6750.0
1373,2019-04-09,6885.0
1374,2019-04-10,6820.0
1375,2019-04-11,6825.0
1376,2019-04-12,6890.0
1377,2019-04-15,6825.0
1378,2019-04-16,6795.0
1379,2019-04-17,6810.0
1380,2019-04-18,6810.0
1381,2019-04-19,6755.0
1382,2019-04-22,6790.0
1383,2019-04-23,6830.0
1384,2019-04-24,6805.0
1385,2019-04-25,6965.0
1386,2019-04-26,6940.0
1387,2019-04-29,6930.0
1388,2019-04-30,6920.0
1389,2019-05-01,6920.0
1390,2019-05-02,6920.0
1391,2019-05-03,6920.0
1392,2019-05-06,7045.0
1393,2019-05-07,7115.0
1394,2019-05-08,7085.0
1395,2019-05-09,7055.0
1396,2019-05-10,6925.0
1397,2019-05-13,6985.0
1398,2019-05-14,6855.0
1399,2019-05-15,6870.0
1400,2019-05-16,6920.0
1401,2019-05-17,6965.0
1402,2019-05-20,6875.0
1403,2019-05-21,6855.0
1404,2019-05-22,6945.0
1405,2019-05-23,6890.0
1406,2019-05-24,6810.0
1407,2019-05-27,6850.0
1408,2019-05-28,6790.0
1409,2019-05-29,6825.0
1410,2019-05-30,6825.0
1411,2019-05-31,6860.0
1412,2019-06-03,6785.0
1413,2019-06-04,6780.0
1414,2019-06-05,6665.0
1415,2019-06-06,6595.0
1416,2019-06-07,6595.0
1417,2019-06-10,6685.0
1418,2019-06-11,6600.0
1419,2019-06-12,6695.0
1420,2019-06-13,6650.0
1421,2019-06-14,6690.0
1422,2019-06-17,6670.0
1423,2019-06-18,6655.0
1424,2019-06-19,6665.0
1425,2019-06-20,6750.0
1426,2019-06-21,6780.0
1427,2019-06-24,6785.0
1428,2019-06-25,6880.0
1429,2019-06-26,6860.0
1430,2019-06-27,6875.0
1431,2019-06-28,6815.0
1432,2019-07-01,6770.0
1433,2019-07-02,6860.0
1434,2019-07-03,6925.0
1435,2019-07-04,6930.0
1436,2019-07-05,6950.0
1437,2019-07-08,6880.0
1438,2019-07-09,6900.0
1439,2019-07-10,6865.0
1440,2019-07-11,6865.0
1441,2019-07-12,6880.0
1442,2019-07-15,6805.0
1443,2019-07-16,6855.0
1444,2019-07-17,6835.0
1445,2019-07-18,6855.0
1446,2019-07-19,6830.0
1447,2019-07-22,6805.0
1448,2019-07-23,6850.0
1449,2019-07-24,6875.0
1450,2019-07-25,6865.0
1451,2019-07-26,6825.0
1452,2019-07-29,6800.0
1453,2019-07-30,6800.0
1454,2019-07-31,6805.0
1455,2019-08-01,6760.0
1456,2019-08-02,6810.0
1457,2019-08-05,6740.0
1458,2019-08-06,6690.0
1459,2019-08-07,6655.0
1460,2019-08-08,6690.0
1461,2019-08-09,6750.0
1462,2019-08-12,6835.0
1463,2019-08-13,6635.0
1464,2019-08-14,6610.0
1465,2019-08-15,6645.0
1466,2019-08-16,6665.0
1467,2019-08-19,6630.0
1468,2019-08-20,6670.0
1469,2019-08-21,6665.0
1470,2019-08-22,6670.0
1471,2019-08-23,6595.0
1472,2019-08-26,6490.0
1473,2019-08-27,6490.0
1474,2019-08-28,6460.0
1475,2019-08-29,6420.0
1476,2019-08-30,6355.0
1477,2019-09-02,6380.0
1478,2019-09-03,6450.0
1479,2019-09-04,6435.0
1480,2019-09-05,6475.0
1481,2019-09-06,6445.0
1482,2019-09-09,6455.0
1483,2019-09-10,6540.0
1484,2019-09-11,6510.0
1485,2019-09-12,6505.0
1486,2019-09-13,6505.0
1487,2019-09-16,6565.0
1488,2019-09-17,6635.0
1489,2019-09-18,6640.0
1490,2019-09-19,6605.0
1491,2019-09-20,6520.0
1492,2019-09-23,6505.0
1493,2019-09-24,6525.0
1494,2019-09-25,6495.0
1495,2019-09-26,6440.0
1496,2019-09-27,6420.0
1497,2019-09-30,6415.0
1498,2019-10-01,6415.0
1499,2019-10-02,6415.0
1500,2019-10-03,6415.0
1501,2019-10-04,6415.0
1502,2019-10-07,6415.0
1503,2019-10-08,6450.0
1504,2019-10-09,6410.0
1505,2019-10-10,6395.0
1506,2019-10-11,6415.0
1507,2019-10-14,6445.0
1508,2019-10-15,6430.0
1509,2019-10-16,6395.0
1510,2019-10-17,6335.0
1511,2019-10-18,6340.0
1512,2019-10-21,6355.0
1513,2019-10-22,6320.0
1514,2019-10-23,6330.0
1515,2019-10-24,6345.0
1516,2019-10-25,6350.0
1517,2019-10-28,6340.0
1518,2019-10-29,6400.0
1519,2019-10-30,6395.0
1520,2019-10-31,6360.0
1521,2019-11-01,6395.0
1522,2019-11-04,6440.0
1523,2019-11-05,6480.0
1524,2019-11-06,6480.0
1525,2019-11-07,6460.0
1526,2019-11-08,6440.0
1527,2019-11-11,6435.0
1528,2019-11-12,6485.0
1529,2019-11-13,6520.0
1530,2019-11-14,6545.0
1531,2019-11-15,6595.0
1532,2019-11-18,6615.0
1533,2019-11-19,6525.0
1534,2019-11-20,6555.0
1535,2019-11-21,6600.0
1536,2019-11-22,6595.0
1537,2019-11-25,6600.0
1538,2019-11-26,6665.0
1539,2019-11-27,6680.0
1540,2019-11-28,6700.0
1541,2019-11-29,6830.0
1542,2019-12-02,6880.0
1543,2019-12-03,6910.0
1544,2019-12-04,6800.0
1545,2019-12-05,6685.0
1546,2019-12-06,6700.0
1547,2019-12-09,6725.0
1548,2019-12-10,6585.0
1549,2019-12-11,6580.0
1550,2019-12-12,6635.0
1551,2019-12-13,6540.0
1552,2019-12-16,6555.0
1553,2019-12-17,6595.0
1554,2019-12-18,6560.0
1555,2019-12-19,6570.0
1556,2019-12-20,6615.0
1557,2019-12-23,6605.0
1558,2019-12-24,6500.0
1559,2019-12-25,6535.0
1560,2019-12-26,6495.0
1561,2019-12-27,6515.0
1562,2019-12-30,6505.0
1563,2019-12-31,6540.0
1564,2020-01-01,6540.0
1565,2020-01-02,6520.0
1566,2020-01-03,6500.0
1567,2020-01-06,6495.0
1568,2020-01-07,6540.0
1569,2020-01-08,6515.0
1570,2020-01-09,6550.0
1571,2020-01-10,6515.0
1572,2020-01-13,6620.0
1573,2020-01-14,6530.0
1574,2020-01-15,6490.0
1575,2020-01-16,6485.0
1576,2020-01-17,6485.0
1577,2020-01-20,6480.0
1578,2020-01-21,6470.0
1579,2020-01-22,6475.0
1580,2020-01-23,6475.0
1581,2020-01-24,6475.0
1582,2020-01-27,6475.0
1583,2020-01-28,6475.0
1584,2020-01-29,6475.0
1585,2020-01-30,6475.0
1586,2020-01-31,6475.0
1587,2020-02-03,6165.0
1588,2020-02-04,6130.0
1589,2020-02-05,6185.0
1590,2020-02-06,6225.0
1591,2020-02-07,6240.0
1592,2020-02-10,6215.0
1593,2020-02-11,6240.0
1594,2020-02-12,6285.0
1595,2020-02-13,6290.0
1596,2020-02-14,6285.0
1597,2020-02-17,6305.0
1598,2020-02-18,6315.0
1599,2020-02-19,6290.0
1600,2020-02-20,6275.0
1601,2020-02-21,6305.0
1602,2020-02-24,6320.0
1603,2020-02-25,6305.0
1604,2020-02-26,6320.0
1605,2020-02-27,6315.0
1606,2020-02-28,6280.0
1607,2020-03-02,6210.0
1608,2020-03-03,6285.0
1609,2020-03-04,6270.0
1610,2020-03-05,6275.0
1611,2020-03-06,6250.0
1612,2020-03-09,6025.0
1613,2020-03-10,6080.0
1614,2020-03-11,6190.0
1615,2020-03-12,6210.0
1616,2020-03-13,6185.0
1617,2020-03-16,6225.0
1618,2020-03-17,6170.0
1619,2020-03-18,6150.0
1620,2020-03-19,6030.0
1621,2020-03-20,5995.0
1622,2020-03-23,5875.0
1623,2020-03-24,5890.0
1624,2020-03-25,5720.0
1625,2020-03-26,5660.0
1626,2020-03-27,5500.0
1627,2020-03-30,5310.0
1628,2020-03-31,5150.0
1629,2020-04-01,5005.0
1630,2020-04-02,5135.0
1631,2020-04-03,5260.0
1632,2020-04-06,5260.0
1633,2020-04-07,5405.0
1634,2020-04-08,5450.0
1635,2020-04-09,5475.0
1636,2020-04-10,5340.0
1637,2020-04-13,5520.0
1638,2020-04-14,5505.0
1639,2020-04-15,5380.0
1640,2020-04-16,5405.0
1641,2020-04-17,5410.0
1642,2020-04-20,5420.0
1643,2020-04-21,5355.0
1644,2020-04-22,5250.0
1645,2020-04-23,5320.0
1646,2020-04-24,5350.0
1647,2020-04-27,5355.0
1648,2020-04-28,5375.0
1649,2020-04-29,5430.0
1650,2020-04-30,5500.0
1651,2020-05-01,5500.0
1652,2020-05-04,5500.0
1653,2020-05-05,5500.0
1654,2020-05-06,5615.0
1655,2020-05-07,5675.0
1656,2020-05-08,5705.0
1657,2020-05-11,5765.0
1658,2020-05-12,5765.0
1659,2020-05-13,5690.0
1660,2020-05-14,5705.0
1661,2020-05-15,5720.0
1662,2020-05-18,5820.0
1663,2020-05-19,5910.0
1664,2020-05-20,5915.0
1665,2020-05-21,5975.0
1666,2020-05-22,6060.0
1667,2020-05-25,6035.0
1668,2020-05-26,6070.0
1669,2020-05-27,6090.0
1670,2020-05-28,6080.0
1671,2020-05-29,6035.0
1672,2020-06-01,6055.0
1673,2020-06-02,6210.0
1674,2020-06-03,6330.0
1675,2020-06-04,6280.0
1676,2020-06-05,6245.0
1677,2020-06-08,6310.0
1678,2020-06-09,6310.0
1679,2020-06-10,6300.0
1680,2020-06-11,6320.0
1681,2020-06-12,6230.0
1682,2020-06-15,6340.0
1683,2020-06-16,6290.0
1684,2020-06-17,6350.0
1685,2020-06-18,6330.0
1686,2020-06-19,6250.0
1687,2020-06-22,6235.0
1688,2020-06-23,6190.0
1689,2020-06-24,6180.0
1690,2020-06-25,6180.0
1691,2020-06-26,6180.0
1692,2020-06-29,6140.0
1693,2020-06-30,6135.0
1694,2020-07-01,6165.0
1695,2020-07-02,6170.0
1696,2020-07-03,6275.0
1697,2020-07-06,6315.0
1698,2020-07-07,6390.0
1699,2020-07-08,6530.0
1700,2020-07-09,6525.0
1701,2020-07-10,6575.0
1702,2020-07-13,6560.0
1703,2020-07-14,6705.0
1704,2020-07-15,6670.0
1705,2020-07-16,6605.0
1706,2020-07-17,6535.0
1707,2020-07-20,6510.0
1708,2020-07-21,6600.0
1709,2020-07-22,6620.0
1710,2020-07-23,6545.0
1711,2020-07-24,6540.0
1712,2020-07-27,6430.0
1713,2020-07-28,6510.0
1714,2020-07-29,6530.0
1715,2020-07-30,6525.0
1716,2020-07-31,6605.0
1717,2020-08-03,6610.0
1718,2020-08-04,6705.0
1719,2020-08-05,6680.0
1720,2020-08-06,6750.0
1721,2020-08-07,6635.0
1722,2020-08-10,6595.0
1723,2020-08-11,6510.0
1724,2020-08-12,6510.0
1725,2020-08-13,6520.0
1726,2020-08-14,6500.0
1727,2020-08-17,6540.0
1728,2020-08-18,6565.0
1729,2020-08-19,6660.0
1730,2020-08-20,6640.0
1731,2020-08-21,6660.0
1732,2020-08-24,6600.0
1733,2020-08-25,6610.0
1734,2020-08-26,6630.0
1735,2020-08-27,6680.0
1736,2020-08-28,6645.0
1737,2020-08-31,6600.0
1738,2020-09-01,6660.0
1739,2020-09-02,6670.0
1740,2020-09-03,6710.0
1741,2020-09-04,6675.0
1742,2020-09-07,6620.0
1743,2020-09-08,6600.0
1744,2020-09-09,6535.0
1745,2020-09-10,6535.0
1746,2020-09-11,6625.0
1747,2020-09-14,6620.0
1748,2020-09-15,6540.0
1749,2020-09-16,6565.0
1750,2020-09-17,6605.0
1751,2020-09-18,6665.0
1752,2020-09-21,6660.0
1753,2020-09-22,6705.0
1754,2020-09-23,6650.0
1755,2020-09-24,6660.0
1756,2020-09-25,6540.0
1757,2020-09-28,6575.0
1758,2020-09-29,6585.0
1759,2020-09-30,6595.0
1760,2020-10-01,6595.0
1761,2020-10-02,6595.0
1762,2020-10-05,6595.0
1763,2020-10-06,6595.0
1764,2020-10-07,6595.0
1765,2020-10-08,6595.0
1766,2020-10-09,6650.0
1767,2020-10-12,6760.0
1768,2020-10-13,6865.0
1769,2020-10-14,6840.0
1770,2020-10-15,6895.0
1771,2020-10-16,6860.0
1772,2020-10-19,6860.0
1773,2020-10-20,6825.0
1774,2020-10-21,6805.0
1775,2020-10-22,6715.0
1776,2020-10-23,6715.0
1777,2020-10-26,6715.0
1778,2020-10-27,6780.0
1779,2020-10-28,6810.0
1780,2020-10-29,6880.0
1781,2020-10-30,6820.0
1782,2020-11-02,6945.0
1783,2020-11-03,7100.0
1784,2020-11-04,7150.0
1785,2020-11-05,7105.0
1786,2020-11-06,7080.0
1787,2020-11-09,7135.0
1788,2020-11-10,7350.0
1789,2020-11-11,7065.0
1790,2020-11-12,7060.0
1791,2020-11-13,7070.0
1792,2020-11-16,7335.0
1793,2020-11-17,7515.0
1794,2020-11-18,7530.0
1795,2020-11-19,7520.0
1796,2020-11-20,7440.0
1797,2020-11-23,7385.0
1798,2020-11-24,7485.0
1799,2020-11-25,7450.0
1800,2020-11-26,7340.0
1801,2020-11-27,7355.0
1802,2020-11-30,7585.0
1803,2020-12-01,7460.0
1804,2020-12-02,7790.0
1805,2020-12-03,7670.0
1806,2020-12-04,7730.0
1807,2020-12-07,7855.0
1808,2020-12-08,7940.0
1809,2020-12-09,7835.0
1810,2020-12-10,8120.0
1811,2020-12-11,8220.0
1812,2020-12-14,8385.0
1813,2020-12-15,7915.0
1814,2020-12-16,7860.0
1815,2020-12-17,7705.0
1816,2020-12-18,7485.0
1817,2020-12-21,7535.0
1818,2020-12-22,7590.0
1819,2020-12-23,7500.0
1820,2020-12-24,7480.0
1821,2020-12-25,7380.0
1822,2020-12-28,7210.0
1823,2020-12-29,7120.0
1824,2020-12-30,7100.0
1825,2020-12-31,7085.0
1826,2021-01-01,7085.0
1827,2021-01-04,7150.0
1828,2021-01-05,7220.0
1829,2021-01-06,7195.0
1830,2021-01-07,7180.0
1831,2021-01-08,7175.0
1832,2021-01-11,7000.0
1833,2021-01-12,6930.0
1834,2021-01-13,7010.0
1835,2021-01-14,7020.0
1836,2021-01-15,7000.0
1837,2021-01-18,7040.0
1838,2021-01-19,7170.0
1839,2021-01-20,7210.0
1840,2021-01-21,7205.0
1841,2021-01-22,7420.0
1842,2021-01-25,7395.0
1843,2021-01-26,7260.0
1844,2021-01-27,7285.0
1845,2021-01-28,7320.0
1846,2021-01-29,7410.0
1847,2021-02-01,7435.0
1848,2021-02-02,7300.0
1849,2021-02-03,7330.0
1850,2021-02-04,7455.0
1851,2021-02-05,7620.0
1852,2021-02-08,7630.0
1853,2021-02-09,7650.0
1854,2021-02-10,7705.0
1855,2021-02-11,7705.0
1856,2021-02-12,7705.0
1857,2021-02-15,7705.0
1858,2021-02-16,7705.0
1859,2021-02-17,7705.0
1860,2021-02-18,7895.0
1861,2021-02-19,7960.0
1862,2021-02-22,8225.0
1863,2021-02-23,8650.0
1864,2021-02-24,8610.0
1865,2021-02-25,8550.0
1866,2021-02-26,8480.0
1867,2021-03-01,8475.0
1868,2021-03-02,8300.0
1869,2021-03-03,8370.0
1870,2021-03-04,8545.0
1871,2021-03-05,8375.0
1872,2021-03-08,8465.0
1873,2021-03-09,8670.0
1874,2021-03-10,8650.0
1875,2021-03-11,8530.0
1876,2021-03-12,8730.0
1877,2021-03-15,8840.0
1878,2021-03-16,9150.0
1879,2021-03-17,9040.0
1880,2021-03-18,9025.0
1881,2021-03-19,8910.0
1882,2021-03-22,8805.0
1883,2021-03-23,8825.0
1884,2021-03-24,8600.0
1885,2021-03-25,8650.0
1886,2021-03-26,8695.0
1887,2021-03-29,8890.0
1888,2021-03-30,8830.0
1889,2021-03-31,8610.0
1890,2021-04-01,8530.0
1891,2021-04-02,8795.0
1892,2021-04-05,8795.0
1893,2021-04-06,8880.0
1894,2021-04-07,8925.0
1895,2021-04-08,8905.0
1896,2021-04-09,8860.0
1897,2021-04-12,8735.0
1898,2021-04-13,8645.0
1899,2021-04-14,8610.0
1900,2021-04-15,8640.0
1901,2021-04-16,8760.0
1902,2021-04-19,8820.0
1903,2021-04-20,8880.0
1904,2021-04-21,8845.0
1905,2021-04-22,8650.0
1906,2021-04-23,8925.0
1907,2021-04-26,9040.0
1908,2021-04-27,8870.0
1909,2021-04-28,8930.0
1910,2021-04-29,8985.0
1911,2021-04-30,8885.0
1912,2021-05-03,8885.0
1913,2021-05-04,8885.0
1914,2021-05-05,8885.0
1915,2021-05-06,8940.0
1916,2021-05-07,9120.0
1917,2021-05-10,9270.0
1918,2021-05-11,9345.0
1919,2021-05-12,9215.0
1920,2021-05-13,9240.0
1921,2021-05-14,9135.0
1922,2021-05-17,9130.0
1923,2021-05-18,9115.0
1924,2021-05-19,9235.0
1925,2021-05-20,9005.0
1926,2021-05-21,8790.0
1927,2021-05-24,8630.0
1928,2021-05-25,8640.0
1929,2021-05-26,8690.0
1930,2021-05-27,8600.0
1931,2021-05-28,8540.0
1932,2021-05-31,8600.0
1933,2021-06-01,8770.0
1934,2021-06-02,8935.0
1935,2021-06-03,8785.0
1936,2021-06-04,8785.0
1937,2021-06-07,8790.0
1938,2021-06-08,8580.0
1939,2021-06-09,8555.0
1940,2021-06-10,8795.0
1941,2021-06-11,8790.0
1942,2021-06-14,8790.0
1943,2021-06-15,8915.0
1944,2021-06-16,8805.0
1945,2021-06-17,8705.0
1946,2021-06-18,8560.0
1947,2021-06-21,8510.0
1948,2021-06-22,8380.0
1949,2021-06-23,8370.0
1950,2021-06-24,8515.0
1951,2021-06-25,8405.0
1952,2021-06-28,8540.0
1953,2021-06-29,8675.0
1954,2021-06-30,8695.0
1955,2021-07-01,8695.0
1956,2021-07-02,8740.0
1957,2021-07-05,8720.0
1958,2021-07-06,8850.0
1959,2021-07-07,8805.0
1960,2021-07-08,8740.0
1961,2021-07-09,8885.0
1962,2021-07-12,8950.0
1963,2021-07-13,8890.0
1964,2021-07-14,8890.0
1965,2021-07-15,8950.0
1966,2021-07-16,9120.0
1967,2021-07-19,9305.0
1968,2021-07-20,9300.0
1969,2021-07-21,9290.0
1970,2021-07-22,9140.0
1971,2021-07-23,9120.0
1972,2021-07-26,9205.0
1973,2021-07-27,9200.0
1974,2021-07-28,9090.0
1975,2021-07-29,9115.0
1976,2021-07-30,9130.0
1977,2021-08-02,9105.0
1978,2021-08-03,8935.0
1979,2021-08-04,8805.0
1980,2021-08-05,8940.0
1981,2021-08-06,9080.0
1982,2021-08-09,9120.0
1983,2021-08-10,9070.0
1984,2021-08-11,9205.0
1985,2021-08-12,9325.0
1986,2021-08-13,9320.0
1987,2021-08-16,9305.0
1988,2021-08-17,9305.0
1989,2021-08-18,9440.0
1990,2021-08-19,9310.0
1991,2021-08-20,9075.0
1992,2021-08-23,9115.0
1993,2021-08-24,9150.0
1994,2021-08-25,9205.0
1995,2021-08-26,9300.0
1996,2021-08-27,9175.0
1997,2021-08-30,9145.0
1998,2021-08-31,9300.0
1999,2021-09-01,9215.0
2000,2021-09-02,9190.0
2001,2021-09-03,9350.0
2002,2021-09-06,9420.0
2003,2021-09-07,9465.0
2004,2021-09-08,9675.0
2005,2021-09-09,9825.0
2006,2021-09-10,9885.0
2007,2021-09-13,9950.0
2008,2021-09-14,9810.0
2009,2021-09-15,9685.0
2010,2021-09-16,9990.0
2011,2021-09-17,10050.0
2012,2021-09-20,10050.0
2013,2021-09-21,10050.0
2014,2021-09-22,9995.0
2015,2021-09-23,10300.0
2016,2021-09-24,10600.0
2017,2021-09-27,10645.0
2018,2021-09-28,11340.0
2019,2021-09-29,11640.0
2020,2021-09-30,11890.0
2021,2021-10-01,11890.0
2022,2021-10-04,11890.0
2023,2021-10-05,11890.0
2024,2021-10-06,11890.0
2025,2021-10-07,11890.0
2026,2021-10-08,12500.0
2027,2021-10-11,12225.0
2028,2021-10-12,13100.0
2029,2021-10-13,13140.0
2030,2021-10-14,12010.0
2031,2021-10-15,11800.0
2032,2021-10-18,11645.0
2033,2021-10-19,11850.0
2034,2021-10-20,11665.0
2035,2021-10-21,10650.0
2036,2021-10-22,10200.0
2037,2021-10-25,10300.0
2038,2021-10-26,9910.0
2039,2021-10-27,9700.0
2040,2021-10-28,9075.0
2041,2021-10-29,9540.0
2042,2021-11-01,9065.0
2043,2021-11-02,9044.0
2044,2021-11-03,8673.0
2045,2021-11-04,8900.0
2046,2021-11-05,8250.0
2047,2021-11-08,8400.0
2048,2021-11-09,8530.0
2049,2021-11-10,8654.0
2050,2021-11-11,8900.0
2051,2021-11-12,9095.0
2052,2021-11-15,8673.0
2053,2021-11-16,8544.0
2054,2021-11-17,8369.0
2055,2021-11-18,8300.0
2056,2021-11-19,8433.0
2057,2021-11-22,8888.0
2058,2021-11-23,8765.0
2059,2021-11-24,8810.0
2060,2021-11-25,9050.0
2061,2021-11-26,9031.0
2062,2021-11-29,8585.0
2063,2021-11-30,8776.0
2064,2021-12-01,8555.0
2065,2021-12-02,8698.0
2066,2021-12-03,8306.0
2067,2021-12-06,8450.0
2068,2021-12-07,8571.0
2069,2021-12-08,8537.0
2070,2021-12-09,8295.0
2071,2021-12-10,8155.0
2072,2021-12-13,8157.0
2073,2021-12-14,8188.0
2074,2021-12-15,8258.0
2075,2021-12-16,8050.0
2076,2021-12-17,8124.0
2077,2021-12-20,8338.0
2078,2021-12-21,8280.0
2079,2021-12-22,8430.0
2080,2021-12-23,8350.0
2081,2021-12-24,8506.0
2082,2021-12-27,8500.0
2083,2021-12-28,8239.0
2084,2021-12-29,8500.0
2085,2021-12-30,8480.0
2086,2021-12-31,8492.0
2087,2022-01-03,8492.0
2088,2022-01-04,8345.0
2089,2022-01-05,8578.0
2090,2022-01-06,8425.0
2091,2022-01-07,8452.0
2092,2022-01-10,8490.0
2093,2022-01-11,8262.0
2094,2022-01-12,8399.0
2095,2022-01-13,8507.0
2096,2022-01-14,8501.0
2097,2022-01-17,8776.0
2098,2022-01-18,8565.0
2099,2022-01-19,8690.0
2100,2022-01-20,8726.0
2101,2022-01-21,8820.0
2102,2022-01-24,8856.0
2103,2022-01-25,8655.0
2104,2022-01-26,8696.0
2105,2022-01-27,8841.0
2106,2022-01-28,8866.0
2107,2022-01-31,8866.0
2108,2022-02-01,8866.0
2109,2022-02-02,8866.0
2110,2022-02-03,8866.0
2111,2022-02-04,8866.0
2112,2022-02-07,8850.0
2113,2022-02-08,9300.0
2114,2022-02-09,9205.0
2115,2022-02-10,9140.0
2116,2022-02-11,9500.0
2117,2022-02-14,9078.0
2118,2022-02-15,8905.0
2119,2022-02-16,8670.0
2120,2022-02-17,8780.0
2121,2022-02-18,8495.0
2122,2022-02-21,8608.0
2123,2022-02-22,8590.0
2124,2022-02-23,8500.0
2125,2022-02-24,8555.0
2126,2022-02-25,8623.0
2127,2022-02-28,8478.0
2128,2022-03-01,8534.0
2129,2022-03-02,8742.0
2130,2022-03-03,8930.0
2131,2022-03-04,9020.0
2132,2022-03-07,8959.0
2133,2022-03-08,9175.0
2134,2022-03-09,9200.0
2135,2022-03-10,9143.0
2136,2022-03-11,9175.0
2137,2022-03-14,9130.0
2138,2022-03-15,8976.0
2139,2022-03-16,8730.0
2140,2022-03-17,9000.0
2141,2022-03-18,9100.0
2142,2022-03-21,9021.0
2143,2022-03-22,8912.0
2144,2022-03-23,9050.0
2145,2022-03-24,9060.0
2146,2022-03-25,9060.0
2147,2022-03-28,9105.0
2148,2022-03-29,9248.0
2149,2022-03-30,9166.0
2150,2022-03-31,9319.0
2151,2022-04-01,9240.0
2152,2022-04-04,9240.0
2153,2022-04-05,9240.0
2154,2022-04-06,9452.0
2155,2022-04-07,9300.0
2156,2022-04-08,9252.0
2157,2022-04-11,9166.0
2158,2022-04-12,9075.0
2159,2022-04-13,9246.0
2160,2022-04-14,9121.0
2161,2022-04-15,9116.0
2162,2022-04-18,9050.0
2163,2022-04-19,9204.0
2164,2022-04-20,9050.0
2165,2022-04-21,9199.0
2166,2022-04-22,8988.0
2167,2022-04-25,8828.0
2168,2022-04-26,8499.0
2169,2022-04-27,8585.0
2170,2022-04-28,8671.0
2171,2022-04-29,8610.0
2172,2022-05-02,8610.0
2173,2022-05-03,8610.0
2174,2022-05-04,8610.0
2175,2022-05-05,8603.0
2176,2022-05-06,8745.0
2177,2022-05-09,8687.0
2178,2022-05-10,8550.0
2179,2022-05-11,8512.0
2180,2022-05-12,8623.0
2181,2022-05-13,8598.0
2182,2022-05-16,8660.0
2183,2022-05-17,8689.0
2184,2022-05-18,8611.0
2185,2022-05-19,8463.0
2186,2022-05-20,8473.0
2187,2022-05-23,8450.0
2188,2022-05-24,8390.0
2189,2022-05-25,8330.0
2190,2022-05-26,8232.0
2191,2022-05-27,8203.0
2192,2022-05-30,8160.0
2193,2022-05-31,8389.0
2194,2022-06-01,8417.0
2195,2022-06-02,8420.0
2196,2022-06-03,8420.0
2197,2022-06-06,8562.0
2198,2022-06-07,8721.0
2199,2022-06-08,8714.0
2200,2022-06-09,8800.0
2201,2022-06-10,8596.0
2202,2022-06-13,8595.0
2203,2022-06-14,8368.0
2204,2022-06-15,8240.0
2205,2022-06-16,8162.0
2206,2022-06-17,8000.0
2207,2022-06-20,7978.0
2208,2022-06-21,7723.0
2209,2022-06-22,7650.0
2210,2022-06-23,7380.0
2211,2022-06-24,7530.0
2212,2022-06-27,7319.0
2213,2022-06-28,7261.0
2214,2022-06-29,7401.0
2215,2022-06-30,7360.0
2216,2022-07-01,7304.0
2217,2022-07-04,7200.0
2218,2022-07-05,7013.0
2219,2022-07-06,6800.0
2220,2022-07-07,6799.0
2221,2022-07-08,6726.0
2222,2022-07-11,6512.0
2223,2022-07-12,6534.0
2224,2022-07-13,6248.0
2225,2022-07-14,6191.0
2226,2022-07-15,6195.0
2227,2022-07-18,6060.0
2228,2022-07-19,6328.0
2229,2022-07-20,6293.0
2230,2022-07-21,6439.0
2231,2022-07-22,6248.0
2232,2022-07-25,6475.0
2233,2022-07-26,6518.0
2234,2022-07-27,6555.0
2235,2022-07-28,6578.0
2236,2022-07-29,6766.0
2237,2022-08-01,6900.0
2238,2022-08-02,6830.0
2239,2022-08-03,6836.0
2240,2022-08-04,6750.0
2241,2022-08-05,6665.0
2242,2022-08-08,6546.0
2243,2022-08-09,6776.0
2244,2022-08-10,6761.0
2245,2022-08-11,6705.0
2246,2022-08-12,6689.0
2247,2022-08-15,6600.0
2248,2022-08-16,6465.0
2249,2022-08-17,6499.0
2250,2022-08-18,6509.0
2251,2022-08-19,6402.0
2252,2022-08-22,6440.0
2253,2022-08-23,6270.0
2254,2022-08-24,6203.0
2255,2022-08-25,6370.0
2256,2022-08-26,6330.0
2257,2022-08-29,6460.0
2258,2022-08-30,6344.0
2259,2022-08-31,6227.0
