,date,0
0,2014-01-02,0.0
1,2014-01-03,0.0
2,2014-01-06,0.0
3,2014-01-07,0.0
4,2014-01-08,0.0
5,2014-01-09,0.0
6,2014-01-10,0.0
7,2014-01-13,0.0
8,2014-01-14,0.0
9,2014-01-15,0.0
10,2014-01-16,0.0
11,2014-01-17,0.0
12,2014-01-20,0.0
13,2014-01-21,0.0
14,2014-01-22,0.0
15,2014-01-23,0.0
16,2014-01-24,0.0
17,2014-01-27,0.0
18,2014-01-28,0.0
19,2014-01-29,0.0
20,2014-01-30,0.0
21,2014-01-31,0.0
22,2014-02-03,0.0
23,2014-02-04,0.0
24,2014-02-05,0.0
25,2014-02-06,0.0
26,2014-02-07,0.0
27,2014-02-10,0.0
28,2014-02-11,0.0
29,2014-02-12,0.0
30,2014-02-13,0.0
31,2014-02-14,0.0
32,2014-02-17,0.0
33,2014-02-18,0.0
34,2014-02-19,0.0
35,2014-02-20,0.0
36,2014-02-21,0.0
37,2014-02-24,0.0
38,2014-02-25,0.0
39,2014-02-26,0.0
40,2014-02-27,0.0
41,2014-02-28,0.0
42,2014-03-03,0.0
43,2014-03-04,0.0
44,2014-03-05,0.0
45,2014-03-06,0.0
46,2014-03-07,0.0
47,2014-03-10,0.0
48,2014-03-11,0.0
49,2014-03-12,0.0
50,2014-03-13,0.0
51,2014-03-14,0.0
52,2014-03-17,0.0
53,2014-03-18,0.0
54,2014-03-19,0.0
55,2014-03-20,0.0
56,2014-03-21,0.0
57,2014-03-24,0.0
58,2014-03-25,0.0
59,2014-03-26,0.0
60,2014-03-27,0.0
61,2014-03-28,0.0
62,2014-03-31,0.0
63,2014-04-01,0.0
64,2014-04-02,0.0
65,2014-04-03,0.0
66,2014-04-04,0.0
67,2014-04-07,0.0
68,2014-04-08,0.0
69,2014-04-09,0.0
70,2014-04-10,0.0
71,2014-04-11,0.0
72,2014-04-14,0.0
73,2014-04-15,0.0
74,2014-04-16,0.0
75,2014-04-17,0.0
76,2014-04-18,0.0
77,2014-04-21,0.0
78,2014-04-22,0.0
79,2014-04-23,0.0
80,2014-04-24,0.0
81,2014-04-25,0.0
82,2014-04-28,0.0
83,2014-04-29,0.0
84,2014-04-30,0.0
85,2014-05-01,0.0
86,2014-05-02,0.0
87,2014-05-05,0.0
88,2014-05-06,0.0
89,2014-05-07,0.0
90,2014-05-08,0.0
91,2014-05-09,0.0
92,2014-05-12,0.0
93,2014-05-13,0.0
94,2014-05-14,0.0
95,2014-05-15,0.0
96,2014-05-16,0.0
97,2014-05-19,0.0
98,2014-05-20,0.0
99,2014-05-21,10000000.0
100,2014-05-22,10000000.0
101,2014-05-23,10000000.0
102,2014-05-26,10000000.0
103,2014-05-27,10000000.0
104,2014-05-28,10000000.0
105,2014-05-29,10000000.0
106,2014-05-30,10000000.0
107,2014-06-02,10000000.0
108,2014-06-03,10000000.0
109,2014-06-04,10000000.0
110,2014-06-05,10000000.0
111,2014-06-06,0.0
112,2014-06-09,0.0
113,2014-06-10,0.0
114,2014-06-11,0.0
115,2014-06-12,0.0
116,2014-06-13,0.0
117,2014-06-16,0.0
118,2014-06-17,0.0
119,2014-06-18,0.0
120,2014-06-19,0.0
121,2014-06-20,0.0
122,2014-06-23,0.0
123,2014-06-24,0.0
124,2014-06-25,0.0
125,2014-06-26,0.0
126,2014-06-27,0.0
127,2014-06-30,0.0
128,2014-07-01,0.0
129,2014-07-02,0.0
130,2014-07-03,0.0
131,2014-07-04,0.0
132,2014-07-07,0.0
133,2014-07-08,0.0
134,2014-07-09,0.0
135,2014-07-10,0.0
136,2014-07-11,0.0
137,2014-07-14,0.0
138,2014-07-15,0.0
139,2014-07-16,0.0
140,2014-07-17,0.0
141,2014-07-18,0.0
142,2014-07-21,0.0
143,2014-07-22,0.0
144,2014-07-23,0.0
145,2014-07-24,0.0
146,2014-07-25,0.0
147,2014-07-28,0.0
148,2014-07-29,10000000.0
149,2014-07-30,10000000.0
150,2014-07-31,10000000.0
151,2014-08-01,10000000.0
152,2014-08-04,10000000.0
153,2014-08-05,10000000.0
154,2014-08-06,0.0
155,2014-08-07,0.0
156,2014-08-08,0.0
157,2014-08-11,0.0
158,2014-08-12,0.0
159,2014-08-13,0.0
160,2014-08-14,0.0
161,2014-08-15,0.0
162,2014-08-18,0.0
163,2014-08-19,0.0
164,2014-08-20,0.0
165,2014-08-21,10000000.0
166,2014-08-22,10000000.0
167,2014-08-25,10000000.0
168,2014-08-26,10000000.0
169,2014-08-27,10000000.0
170,2014-08-28,10000000.0
171,2014-08-29,10000000.0
172,2014-09-01,10000000.0
173,2014-09-02,10000000.0
174,2014-09-03,10000000.0
175,2014-09-04,10000000.0
176,2014-09-05,10000000.0
177,2014-09-08,10000000.0
178,2014-09-09,10000000.0
179,2014-09-10,0.0
180,2014-09-11,0.0
181,2014-09-12,0.0
182,2014-09-15,0.0
183,2014-09-16,0.0
184,2014-09-17,0.0
185,2014-09-18,0.0
186,2014-09-19,0.0
187,2014-09-22,0.0
188,2014-09-23,0.0
189,2014-09-24,0.0
190,2014-09-25,0.0
191,2014-09-26,0.0
192,2014-09-29,0.0
193,2014-09-30,0.0
194,2014-10-01,0.0
195,2014-10-02,0.0
196,2014-10-03,0.0
197,2014-10-06,0.0
198,2014-10-07,0.0
199,2014-10-08,0.0
200,2014-10-09,0.0
201,2014-10-10,0.0
202,2014-10-13,0.0
203,2014-10-14,0.0
204,2014-10-15,0.0
205,2014-10-16,0.0
206,2014-10-17,0.0
207,2014-10-20,0.0
208,2014-10-21,0.0
209,2014-10-22,0.0
210,2014-10-23,0.0
211,2014-10-24,0.0
212,2014-10-27,0.0
213,2014-10-28,0.0
214,2014-10-29,0.0
215,2014-10-30,0.0
216,2014-10-31,0.0
217,2014-11-03,0.0
218,2014-11-04,0.0
219,2014-11-05,0.0
220,2014-11-06,0.0
221,2014-11-07,0.0
222,2014-11-10,0.0
223,2014-11-11,0.0
224,2014-11-12,0.0
225,2014-11-13,0.0
226,2014-11-14,0.0
227,2014-11-17,0.0
228,2014-11-18,0.0
229,2014-11-19,0.0
230,2014-11-20,0.0
231,2014-11-21,0.0
232,2014-11-24,0.0
233,2014-11-25,0.0
234,2014-11-26,0.0
235,2014-11-27,0.0
236,2014-11-28,0.0
237,2014-12-01,0.0
238,2014-12-02,0.0
239,2014-12-03,0.0
240,2014-12-04,0.0
241,2014-12-05,0.0
242,2014-12-08,0.0
243,2014-12-09,0.0
244,2014-12-10,0.0
245,2014-12-11,0.0
246,2014-12-12,0.0
247,2014-12-15,0.0
248,2014-12-16,0.0
249,2014-12-17,0.0
250,2014-12-18,0.0
251,2014-12-19,0.0
252,2014-12-22,0.0
253,2014-12-23,0.0
254,2014-12-24,0.0
255,2014-12-25,0.0
256,2014-12-26,0.0
257,2014-12-29,0.0
258,2014-12-30,10000000.0
259,2014-12-31,10000000.0
260,2015-01-01,10000000.0
261,2015-01-02,10000000.0
262,2015-01-05,10000000.0
263,2015-01-06,10000000.0
264,2015-01-07,10000000.0
265,2015-01-08,0.0
266,2015-01-09,0.0
267,2015-01-12,0.0
268,2015-01-13,0.0
269,2015-01-14,0.0
270,2015-01-15,0.0
271,2015-01-16,0.0
272,2015-01-19,0.0
273,2015-01-20,0.0
274,2015-01-21,0.0
275,2015-01-22,0.0
276,2015-01-23,0.0
277,2015-01-26,0.0
278,2015-01-27,0.0
279,2015-01-28,0.0
280,2015-01-29,0.0
281,2015-01-30,0.0
282,2015-02-02,0.0
283,2015-02-03,0.0
284,2015-02-04,0.0
285,2015-02-05,0.0
286,2015-02-06,0.0
287,2015-02-09,0.0
288,2015-02-10,0.0
289,2015-02-11,0.0
290,2015-02-12,0.0
291,2015-02-13,0.0
292,2015-02-16,0.0
293,2015-02-17,0.0
294,2015-02-18,0.0
295,2015-02-19,0.0
296,2015-02-20,0.0
297,2015-02-23,0.0
298,2015-02-24,0.0
299,2015-02-25,0.0
300,2015-02-26,0.0
301,2015-02-27,0.0
302,2015-03-02,0.0
303,2015-03-03,0.0
304,2015-03-04,0.0
305,2015-03-05,0.0
306,2015-03-06,0.0
307,2015-03-09,0.0
308,2015-03-10,0.0
309,2015-03-11,0.0
310,2015-03-12,0.0
311,2015-03-13,0.0
312,2015-03-16,0.0
313,2015-03-17,0.0
314,2015-03-18,0.0
315,2015-03-19,0.0
316,2015-03-20,0.0
317,2015-03-23,10000000.0
318,2015-03-24,10000000.0
319,2015-03-25,10000000.0
320,2015-03-26,10000000.0
321,2015-03-27,10000000.0
322,2015-03-30,10000000.0
323,2015-03-31,10000000.0
324,2015-04-01,10000000.0
325,2015-04-02,10000000.0
326,2015-04-03,10000000.0
327,2015-04-06,10000000.0
328,2015-04-07,10000000.0
329,2015-04-08,10000000.0
330,2015-04-09,10000000.0
331,2015-04-10,10000000.0
332,2015-04-13,10000000.0
333,2015-04-14,10000000.0
334,2015-04-15,10000000.0
335,2015-04-16,10000000.0
336,2015-04-17,10000000.0
337,2015-04-20,10000000.0
338,2015-04-21,10000000.0
339,2015-04-22,10000000.0
340,2015-04-23,10000000.0
341,2015-04-24,10000000.0
342,2015-04-27,10000000.0
343,2015-04-28,10000000.0
344,2015-04-29,10000000.0
345,2015-04-30,10000000.0
346,2015-05-01,10000000.0
347,2015-05-04,10000000.0
348,2015-05-05,10000000.0
349,2015-05-06,10000000.0
350,2015-05-07,10000000.0
351,2015-05-08,10000000.0
352,2015-05-11,10000000.0
353,2015-05-12,10000000.0
354,2015-05-13,10000000.0
355,2015-05-14,10000000.0
356,2015-05-15,10000000.0
357,2015-05-18,10000000.0
358,2015-05-19,10000000.0
359,2015-05-20,10000000.0
360,2015-05-21,10000000.0
361,2015-05-22,10000000.0
362,2015-05-25,10000000.0
363,2015-05-26,10000000.0
364,2015-05-27,10000000.0
365,2015-05-28,10000000.0
366,2015-05-29,10000000.0
367,2015-06-01,10000000.0
368,2015-06-02,10000000.0
369,2015-06-03,10000000.0
370,2015-06-04,10000000.0
371,2015-06-05,10000000.0
372,2015-06-08,10000000.0
373,2015-06-09,10000000.0
374,2015-06-10,10000000.0
375,2015-06-11,10000000.0
376,2015-06-12,10000000.0
377,2015-06-15,0.0
378,2015-06-16,0.0
379,2015-06-17,0.0
380,2015-06-18,0.0
381,2015-06-19,0.0
382,2015-06-22,0.0
383,2015-06-23,0.0
384,2015-06-24,0.0
385,2015-06-25,0.0
386,2015-06-26,0.0
387,2015-06-29,0.0
388,2015-06-30,0.0
389,2015-07-01,10000000.0
390,2015-07-02,10000000.0
391,2015-07-03,10000000.0
392,2015-07-06,0.0
393,2015-07-07,0.0
394,2015-07-08,0.0
395,2015-07-09,0.0
396,2015-07-10,0.0
397,2015-07-13,0.0
398,2015-07-14,0.0
399,2015-07-15,0.0
400,2015-07-16,0.0
401,2015-07-17,0.0
402,2015-07-20,0.0
403,2015-07-21,0.0
404,2015-07-22,0.0
405,2015-07-23,0.0
406,2015-07-24,0.0
407,2015-07-27,0.0
408,2015-07-28,0.0
409,2015-07-29,0.0
410,2015-07-30,0.0
411,2015-07-31,0.0
412,2015-08-03,0.0
413,2015-08-04,0.0
414,2015-08-05,0.0
415,2015-08-06,0.0
416,2015-08-07,0.0
417,2015-08-10,0.0
418,2015-08-11,0.0
419,2015-08-12,0.0
420,2015-08-13,0.0
421,2015-08-14,0.0
422,2015-08-17,0.0
423,2015-08-18,0.0
424,2015-08-19,0.0
425,2015-08-20,0.0
426,2015-08-21,0.0
427,2015-08-24,0.0
428,2015-08-25,0.0
429,2015-08-26,0.0
430,2015-08-27,0.0
431,2015-08-28,0.0
432,2015-08-31,0.0
433,2015-09-01,0.0
434,2015-09-02,0.0
435,2015-09-03,0.0
436,2015-09-04,0.0
437,2015-09-07,0.0
438,2015-09-08,0.0
439,2015-09-09,0.0
440,2015-09-10,0.0
441,2015-09-11,0.0
442,2015-09-14,0.0
443,2015-09-15,0.0
444,2015-09-16,0.0
445,2015-09-17,0.0
446,2015-09-18,0.0
447,2015-09-21,0.0
448,2015-09-22,0.0
449,2015-09-23,0.0
450,2015-09-24,0.0
451,2015-09-25,0.0
452,2015-09-28,0.0
453,2015-09-29,0.0
454,2015-09-30,0.0
455,2015-10-01,0.0
456,2015-10-02,0.0
457,2015-10-05,0.0
458,2015-10-06,0.0
459,2015-10-07,0.0
460,2015-10-08,0.0
461,2015-10-09,0.0
462,2015-10-12,0.0
463,2015-10-13,0.0
464,2015-10-14,0.0
465,2015-10-15,0.0
466,2015-10-16,0.0
467,2015-10-19,0.0
468,2015-10-20,0.0
469,2015-10-21,0.0
470,2015-10-22,0.0
471,2015-10-23,0.0
472,2015-10-26,0.0
473,2015-10-27,0.0
474,2015-10-28,0.0
475,2015-10-29,0.0
476,2015-10-30,0.0
477,2015-11-02,0.0
478,2015-11-03,0.0
479,2015-11-04,0.0
480,2015-11-05,0.0
481,2015-11-06,0.0
482,2015-11-09,0.0
483,2015-11-10,0.0
484,2015-11-11,0.0
485,2015-11-12,0.0
486,2015-11-13,0.0
487,2015-11-16,0.0
488,2015-11-17,0.0
489,2015-11-18,0.0
490,2015-11-19,0.0
491,2015-11-20,0.0
492,2015-11-23,0.0
493,2015-11-24,0.0
494,2015-11-25,0.0
495,2015-11-26,0.0
496,2015-11-27,0.0
497,2015-11-30,0.0
498,2015-12-01,0.0
499,2015-12-02,0.0
500,2015-12-03,0.0
501,2015-12-04,0.0
502,2015-12-07,0.0
503,2015-12-08,0.0
504,2015-12-09,0.0
505,2015-12-10,0.0
506,2015-12-11,0.0
507,2015-12-14,0.0
508,2015-12-15,0.0
509,2015-12-16,0.0
510,2015-12-17,0.0
511,2015-12-18,10000000.0
512,2015-12-21,10000000.0
513,2015-12-22,10000000.0
514,2015-12-23,10000000.0
515,2015-12-24,10000000.0
516,2015-12-25,0.0
517,2015-12-28,0.0
518,2015-12-29,10000000.0
519,2015-12-30,10000000.0
520,2015-12-31,10000000.0
521,2016-01-01,10000000.0
522,2016-01-04,10000000.0
523,2016-01-05,10000000.0
524,2016-01-06,10000000.0
525,2016-01-07,0.0
526,2016-01-08,0.0
527,2016-01-11,0.0
528,2016-01-12,0.0
529,2016-01-13,0.0
530,2016-01-14,10000000.0
531,2016-01-15,10000000.0
532,2016-01-18,10000000.0
533,2016-01-19,10000000.0
534,2016-01-20,10000000.0
535,2016-01-21,10000000.0
536,2016-01-22,10000000.0
537,2016-01-25,10000000.0
538,2016-01-26,10000000.0
539,2016-01-27,10000000.0
540,2016-01-28,10000000.0
541,2016-01-29,10000000.0
542,2016-02-01,10000000.0
543,2016-02-02,10000000.0
544,2016-02-03,10000000.0
545,2016-02-04,10000000.0
546,2016-02-05,10000000.0
547,2016-02-08,10000000.0
548,2016-02-09,10000000.0
549,2016-02-10,10000000.0
550,2016-02-11,10000000.0
551,2016-02-12,10000000.0
552,2016-02-15,10000000.0
553,2016-02-16,10000000.0
554,2016-02-17,10000000.0
555,2016-02-18,10000000.0
556,2016-02-19,10000000.0
557,2016-02-22,10000000.0
558,2016-02-23,10000000.0
559,2016-02-24,10000000.0
560,2016-02-25,10000000.0
561,2016-02-26,10000000.0
562,2016-02-29,10000000.0
563,2016-03-01,10000000.0
564,2016-03-02,10000000.0
565,2016-03-03,10000000.0
566,2016-03-04,10000000.0
567,2016-03-07,10000000.0
568,2016-03-08,10000000.0
569,2016-03-09,10000000.0
570,2016-03-10,10000000.0
571,2016-03-11,10000000.0
572,2016-03-14,10000000.0
573,2016-03-15,10000000.0
574,2016-03-16,10000000.0
575,2016-03-17,10000000.0
576,2016-03-18,10000000.0
577,2016-03-21,10000000.0
578,2016-03-22,10000000.0
579,2016-03-23,10000000.0
580,2016-03-24,10000000.0
581,2016-03-25,10000000.0
582,2016-03-28,10000000.0
583,2016-03-29,0.0
584,2016-03-30,0.0
585,2016-03-31,0.0
586,2016-04-01,0.0
587,2016-04-04,0.0
588,2016-04-05,0.0
589,2016-04-06,0.0
590,2016-04-07,0.0
591,2016-04-08,0.0
592,2016-04-11,0.0
593,2016-04-12,0.0
594,2016-04-13,0.0
595,2016-04-14,0.0
596,2016-04-15,0.0
597,2016-04-18,0.0
598,2016-04-19,0.0
599,2016-04-20,0.0
600,2016-04-21,0.0
601,2016-04-22,0.0
602,2016-04-25,0.0
603,2016-04-26,0.0
604,2016-04-27,0.0
605,2016-04-28,0.0
606,2016-04-29,0.0
607,2016-05-02,0.0
608,2016-05-03,0.0
609,2016-05-04,0.0
610,2016-05-05,0.0
611,2016-05-06,0.0
612,2016-05-09,0.0
613,2016-05-10,0.0
614,2016-05-11,10000000.0
615,2016-05-12,10000000.0
616,2016-05-13,0.0
617,2016-05-16,0.0
618,2016-05-17,0.0
619,2016-05-18,0.0
620,2016-05-19,10000000.0
621,2016-05-20,10000000.0
622,2016-05-23,10000000.0
623,2016-05-24,10000000.0
624,2016-05-25,10000000.0
625,2016-05-26,10000000.0
626,2016-05-27,10000000.0
627,2016-05-30,10000000.0
628,2016-05-31,10000000.0
629,2016-06-01,10000000.0
630,2016-06-02,10000000.0
631,2016-06-03,10000000.0
632,2016-06-06,10000000.0
633,2016-06-07,10000000.0
634,2016-06-08,10000000.0
635,2016-06-09,10000000.0
636,2016-06-10,10000000.0
637,2016-06-13,10000000.0
638,2016-06-14,0.0
639,2016-06-15,0.0
640,2016-06-16,0.0
641,2016-06-17,0.0
642,2016-06-20,10000000.0
643,2016-06-21,10000000.0
644,2016-06-22,10000000.0
645,2016-06-23,10000000.0
646,2016-06-24,10000000.0
647,2016-06-27,10000000.0
648,2016-06-28,10000000.0
649,2016-06-29,10000000.0
650,2016-06-30,10000000.0
651,2016-07-01,10000000.0
652,2016-07-04,10000000.0
653,2016-07-05,10000000.0
654,2016-07-06,10000000.0
655,2016-07-07,10000000.0
656,2016-07-08,10000000.0
657,2016-07-11,10000000.0
658,2016-07-12,10000000.0
659,2016-07-13,10000000.0
660,2016-07-14,10000000.0
661,2016-07-15,10000000.0
662,2016-07-18,10000000.0
663,2016-07-19,10000000.0
664,2016-07-20,10000000.0
665,2016-07-21,10000000.0
666,2016-07-22,10000000.0
667,2016-07-25,10000000.0
668,2016-07-26,10000000.0
669,2016-07-27,10000000.0
670,2016-07-28,10000000.0
671,2016-07-29,10000000.0
672,2016-08-01,10000000.0
673,2016-08-02,10000000.0
674,2016-08-03,10000000.0
675,2016-08-04,10000000.0
676,2016-08-05,10000000.0
677,2016-08-08,10000000.0
678,2016-08-09,10000000.0
679,2016-08-10,10000000.0
680,2016-08-11,10000000.0
681,2016-08-12,10000000.0
682,2016-08-15,10000000.0
683,2016-08-16,10000000.0
684,2016-08-17,10000000.0
685,2016-08-18,10000000.0
686,2016-08-19,10000000.0
687,2016-08-22,10000000.0
688,2016-08-23,10000000.0
689,2016-08-24,10000000.0
690,2016-08-25,10000000.0
691,2016-08-26,10000000.0
692,2016-08-29,10000000.0
693,2016-08-30,10000000.0
694,2016-08-31,10000000.0
695,2016-09-01,10000000.0
696,2016-09-02,10000000.0
697,2016-09-05,10000000.0
698,2016-09-06,10000000.0
699,2016-09-07,10000000.0
700,2016-09-08,10000000.0
701,2016-09-09,10000000.0
702,2016-09-12,10000000.0
703,2016-09-13,10000000.0
704,2016-09-14,10000000.0
705,2016-09-15,10000000.0
706,2016-09-16,10000000.0
707,2016-09-19,10000000.0
708,2016-09-20,10000000.0
709,2016-09-21,10000000.0
710,2016-09-22,10000000.0
711,2016-09-23,10000000.0
712,2016-09-26,10000000.0
713,2016-09-27,10000000.0
714,2016-09-28,10000000.0
715,2016-09-29,10000000.0
716,2016-09-30,10000000.0
717,2016-10-03,10000000.0
718,2016-10-04,10000000.0
719,2016-10-05,10000000.0
720,2016-10-06,10000000.0
721,2016-10-07,10000000.0
722,2016-10-10,10000000.0
723,2016-10-11,10000000.0
724,2016-10-12,10000000.0
725,2016-10-13,10000000.0
726,2016-10-14,10000000.0
727,2016-10-17,10000000.0
728,2016-10-18,10000000.0
729,2016-10-19,10000000.0
730,2016-10-20,10000000.0
731,2016-10-21,10000000.0
732,2016-10-24,10000000.0
733,2016-10-25,10000000.0
734,2016-10-26,10000000.0
735,2016-10-27,10000000.0
736,2016-10-28,10000000.0
737,2016-10-31,10000000.0
738,2016-11-01,10000000.0
739,2016-11-02,10000000.0
740,2016-11-03,10000000.0
741,2016-11-04,10000000.0
742,2016-11-07,10000000.0
743,2016-11-08,10000000.0
744,2016-11-09,10000000.0
745,2016-11-10,10000000.0
746,2016-11-11,10000000.0
747,2016-11-14,10000000.0
748,2016-11-15,10000000.0
749,2016-11-16,10000000.0
750,2016-11-17,10000000.0
751,2016-11-18,0.0
752,2016-11-21,0.0
753,2016-11-22,0.0
754,2016-11-23,0.0
755,2016-11-24,0.0
756,2016-11-25,0.0
757,2016-11-28,0.0
758,2016-11-29,0.0
759,2016-11-30,0.0
760,2016-12-01,0.0
761,2016-12-02,0.0
762,2016-12-05,0.0
763,2016-12-06,0.0
764,2016-12-07,0.0
765,2016-12-08,0.0
766,2016-12-09,0.0
767,2016-12-12,0.0
768,2016-12-13,0.0
769,2016-12-14,0.0
770,2016-12-15,0.0
771,2016-12-16,0.0
772,2016-12-19,0.0
773,2016-12-20,0.0
774,2016-12-21,0.0
775,2016-12-22,0.0
776,2016-12-23,0.0
777,2016-12-26,0.0
778,2016-12-27,0.0
779,2016-12-28,0.0
780,2016-12-29,0.0
781,2016-12-30,0.0
782,2017-01-02,0.0
783,2017-01-03,0.0
784,2017-01-04,0.0
785,2017-01-05,0.0
786,2017-01-06,0.0
787,2017-01-09,0.0
788,2017-01-10,0.0
789,2017-01-11,0.0
790,2017-01-12,0.0
791,2017-01-13,0.0
792,2017-01-16,0.0
793,2017-01-17,0.0
794,2017-01-18,0.0
795,2017-01-19,0.0
796,2017-01-20,0.0
797,2017-01-23,0.0
798,2017-01-24,0.0
799,2017-01-25,0.0
800,2017-01-26,0.0
801,2017-01-27,0.0
802,2017-01-30,0.0
803,2017-01-31,0.0
804,2017-02-01,0.0
805,2017-02-02,0.0
806,2017-02-03,0.0
807,2017-02-06,0.0
808,2017-02-07,0.0
809,2017-02-08,0.0
810,2017-02-09,0.0
811,2017-02-10,0.0
812,2017-02-13,0.0
813,2017-02-14,10000000.0
814,2017-02-15,0.0
815,2017-02-16,10000000.0
816,2017-02-17,10000000.0
817,2017-02-20,0.0
818,2017-02-21,0.0
819,2017-02-22,0.0
820,2017-02-23,0.0
821,2017-02-24,0.0
822,2017-02-27,0.0
823,2017-02-28,0.0
824,2017-03-01,0.0
825,2017-03-02,0.0
826,2017-03-03,0.0
827,2017-03-06,10000000.0
828,2017-03-07,10000000.0
829,2017-03-08,10000000.0
830,2017-03-09,0.0
831,2017-03-10,0.0
832,2017-03-13,0.0
833,2017-03-14,0.0
834,2017-03-15,0.0
835,2017-03-16,0.0
836,2017-03-17,0.0
837,2017-03-20,0.0
838,2017-03-21,0.0
839,2017-03-22,0.0
840,2017-03-23,0.0
841,2017-03-24,0.0
842,2017-03-27,0.0
843,2017-03-28,0.0
844,2017-03-29,0.0
845,2017-03-30,0.0
846,2017-03-31,0.0
847,2017-04-03,0.0
848,2017-04-04,0.0
849,2017-04-05,0.0
850,2017-04-06,0.0
851,2017-04-07,0.0
852,2017-04-10,0.0
853,2017-04-11,0.0
854,2017-04-12,0.0
855,2017-04-13,0.0
856,2017-04-14,0.0
857,2017-04-17,0.0
858,2017-04-18,0.0
859,2017-04-19,0.0
860,2017-04-20,0.0
861,2017-04-21,0.0
862,2017-04-24,0.0
863,2017-04-25,0.0
864,2017-04-26,0.0
865,2017-04-27,0.0
866,2017-04-28,0.0
867,2017-05-01,0.0
868,2017-05-02,0.0
869,2017-05-03,0.0
870,2017-05-04,0.0
871,2017-05-05,0.0
872,2017-05-08,0.0
873,2017-05-09,0.0
874,2017-05-10,0.0
875,2017-05-11,0.0
876,2017-05-12,0.0
877,2017-05-15,0.0
878,2017-05-16,0.0
879,2017-05-17,0.0
880,2017-05-18,0.0
881,2017-05-19,0.0
882,2017-05-22,0.0
883,2017-05-23,0.0
884,2017-05-24,0.0
885,2017-05-25,0.0
886,2017-05-26,0.0
887,2017-05-29,0.0
888,2017-05-30,0.0
889,2017-05-31,0.0
890,2017-06-01,0.0
891,2017-06-02,0.0
892,2017-06-05,0.0
893,2017-06-06,0.0
894,2017-06-07,0.0
895,2017-06-08,0.0
896,2017-06-09,0.0
897,2017-06-12,0.0
898,2017-06-13,0.0
899,2017-06-14,0.0
900,2017-06-15,0.0
901,2017-06-16,0.0
902,2017-06-19,0.0
903,2017-06-20,0.0
904,2017-06-21,0.0
905,2017-06-22,0.0
906,2017-06-23,10000000.0
907,2017-06-26,10000000.0
908,2017-06-27,10000000.0
909,2017-06-28,10000000.0
910,2017-06-29,10000000.0
911,2017-06-30,10000000.0
912,2017-07-03,10000000.0
913,2017-07-04,10000000.0
914,2017-07-05,10000000.0
915,2017-07-06,10000000.0
916,2017-07-07,10000000.0
917,2017-07-10,10000000.0
918,2017-07-11,10000000.0
919,2017-07-12,10000000.0
920,2017-07-13,10000000.0
921,2017-07-14,10000000.0
922,2017-07-17,10000000.0
923,2017-07-18,10000000.0
924,2017-07-19,10000000.0
925,2017-07-20,10000000.0
926,2017-07-21,10000000.0
927,2017-07-24,10000000.0
928,2017-07-25,10000000.0
929,2017-07-26,10000000.0
930,2017-07-27,10000000.0
931,2017-07-28,9999999.999999998
932,2017-07-31,10000000.0
933,2017-08-01,10000000.0
934,2017-08-02,10000000.0
935,2017-08-03,10000000.000000002
936,2017-08-04,10000000.0
937,2017-08-07,10000000.0
938,2017-08-08,10000000.0
939,2017-08-09,10000000.0
940,2017-08-10,10000000.0
941,2017-08-11,10000000.0
942,2017-08-14,10000000.0
943,2017-08-15,0.0
944,2017-08-16,0.0
945,2017-08-17,0.0
946,2017-08-18,0.0
947,2017-08-21,0.0
948,2017-08-22,0.0
949,2017-08-23,0.0
950,2017-08-24,0.0
951,2017-08-25,0.0
952,2017-08-28,10000000.0
953,2017-08-29,10000000.0
954,2017-08-30,10000000.0
955,2017-08-31,10000000.0
956,2017-09-01,10000000.0
957,2017-09-04,10000000.0
958,2017-09-05,10000000.0
959,2017-09-06,10000000.0
960,2017-09-07,10000000.0
961,2017-09-08,10000000.0
962,2017-09-11,0.0
963,2017-09-12,0.0
964,2017-09-13,0.0
965,2017-09-14,0.0
966,2017-09-15,0.0
967,2017-09-18,0.0
968,2017-09-19,0.0
969,2017-09-20,0.0
970,2017-09-21,0.0
971,2017-09-22,0.0
972,2017-09-25,0.0
973,2017-09-26,0.0
974,2017-09-27,0.0
975,2017-09-28,0.0
976,2017-09-29,0.0
977,2017-10-02,0.0
978,2017-10-03,0.0
979,2017-10-04,0.0
980,2017-10-05,0.0
981,2017-10-06,0.0
982,2017-10-09,0.0
983,2017-10-10,0.0
984,2017-10-11,0.0
985,2017-10-12,0.0
986,2017-10-13,0.0
987,2017-10-16,0.0
988,2017-10-17,0.0
989,2017-10-18,0.0
990,2017-10-19,0.0
991,2017-10-20,0.0
992,2017-10-23,0.0
993,2017-10-24,0.0
994,2017-10-25,0.0
995,2017-10-26,0.0
996,2017-10-27,0.0
997,2017-10-30,0.0
998,2017-10-31,0.0
999,2017-11-01,0.0
1000,2017-11-02,0.0
1001,2017-11-03,0.0
1002,2017-11-06,0.0
1003,2017-11-07,0.0
1004,2017-11-08,0.0
1005,2017-11-09,0.0
1006,2017-11-10,0.0
1007,2017-11-13,0.0
1008,2017-11-14,0.0
1009,2017-11-15,0.0
1010,2017-11-16,0.0
1011,2017-11-17,0.0
1012,2017-11-20,0.0
1013,2017-11-21,0.0
1014,2017-11-22,0.0
1015,2017-11-23,0.0
1016,2017-11-24,0.0
1017,2017-11-27,0.0
1018,2017-11-28,0.0
1019,2017-11-29,0.0
1020,2017-11-30,0.0
1021,2017-12-01,0.0
1022,2017-12-04,0.0
1023,2017-12-05,0.0
1024,2017-12-06,0.0
1025,2017-12-07,0.0
1026,2017-12-08,0.0
1027,2017-12-11,0.0
1028,2017-12-12,0.0
1029,2017-12-13,0.0
1030,2017-12-14,0.0
1031,2017-12-15,0.0
1032,2017-12-18,10000000.0
1033,2017-12-19,10000000.0
1034,2017-12-20,10000000.0
1035,2017-12-21,10000000.0
1036,2017-12-22,10000000.0
1037,2017-12-25,10000000.0
1038,2017-12-26,10000000.0
1039,2017-12-27,10000000.0
1040,2017-12-28,10000000.0
1041,2017-12-29,10000000.0
1042,2018-01-01,10000000.0
1043,2018-01-02,10000000.0
1044,2018-01-03,10000000.0
1045,2018-01-04,10000000.0
1046,2018-01-05,10000000.0
1047,2018-01-08,10000000.0
1048,2018-01-09,10000000.0
1049,2018-01-10,10000000.0
1050,2018-01-11,10000000.0
1051,2018-01-12,10000000.0
1052,2018-01-15,10000000.0
1053,2018-01-16,10000000.0
1054,2018-01-17,10000000.0
1055,2018-01-18,10000000.0
1056,2018-01-19,10000000.0
1057,2018-01-22,10000000.0
1058,2018-01-23,10000000.0
1059,2018-01-24,10000000.0
1060,2018-01-25,10000000.0
1061,2018-01-26,10000000.0
1062,2018-01-29,10000000.0
1063,2018-01-30,10000000.0
1064,2018-01-31,10000000.0
1065,2018-02-01,10000000.0
1066,2018-02-02,10000000.0
1067,2018-02-05,10000000.0
1068,2018-02-06,10000000.0
1069,2018-02-07,10000000.0
1070,2018-02-08,10000000.0
1071,2018-02-09,10000000.0
1072,2018-02-12,10000000.0
1073,2018-02-13,10000000.0
1074,2018-02-14,10000000.0
1075,2018-02-15,10000000.0
1076,2018-02-16,10000000.0
1077,2018-02-19,10000000.0
1078,2018-02-20,10000000.0
1079,2018-02-21,10000000.0
1080,2018-02-22,10000000.0
1081,2018-02-23,10000000.0
1082,2018-02-26,10000000.0
1083,2018-02-27,10000000.0
1084,2018-02-28,10000000.0
1085,2018-03-01,10000000.0
1086,2018-03-02,10000000.0
1087,2018-03-05,10000000.0
1088,2018-03-06,10000000.0
1089,2018-03-07,10000000.0
1090,2018-03-08,0.0
1091,2018-03-09,0.0
1092,2018-03-12,0.0
1093,2018-03-13,0.0
1094,2018-03-14,0.0
1095,2018-03-15,0.0
1096,2018-03-16,0.0
1097,2018-03-19,0.0
1098,2018-03-20,0.0
1099,2018-03-21,0.0
1100,2018-03-22,0.0
1101,2018-03-23,0.0
1102,2018-03-26,0.0
1103,2018-03-27,0.0
1104,2018-03-28,0.0
1105,2018-03-29,0.0
1106,2018-03-30,0.0
1107,2018-04-02,0.0
1108,2018-04-03,0.0
1109,2018-04-04,0.0
1110,2018-04-05,0.0
1111,2018-04-06,0.0
1112,2018-04-09,10000000.0
1113,2018-04-10,0.0
1114,2018-04-11,0.0
1115,2018-04-12,0.0
1116,2018-04-13,0.0
1117,2018-04-16,0.0
1118,2018-04-17,0.0
1119,2018-04-18,0.0
1120,2018-04-19,0.0
1121,2018-04-20,0.0
1122,2018-04-23,0.0
1123,2018-04-24,10000000.0
1124,2018-04-25,0.0
1125,2018-04-26,10000000.0
1126,2018-04-27,10000000.0
1127,2018-04-30,10000000.0
1128,2018-05-01,10000000.0
1129,2018-05-02,10000000.0
1130,2018-05-03,10000000.0
1131,2018-05-04,10000000.0
1132,2018-05-07,10000000.000000002
1133,2018-05-08,10000000.0
1134,2018-05-09,10000000.0
1135,2018-05-10,9999999.999999998
1136,2018-05-11,10000000.0
1137,2018-05-14,10000000.0
1138,2018-05-15,10000000.0
1139,2018-05-16,10000000.0
1140,2018-05-17,0.0
1141,2018-05-18,0.0
1142,2018-05-21,10000000.0
1143,2018-05-22,10000000.0
1144,2018-05-23,10000000.0
1145,2018-05-24,10000000.0
1146,2018-05-25,10000000.0
1147,2018-05-28,10000000.0
1148,2018-05-29,10000000.0
1149,2018-05-30,10000000.0
1150,2018-05-31,10000000.0
1151,2018-06-01,10000000.0
1152,2018-06-04,10000000.0
1153,2018-06-05,10000000.0
1154,2018-06-06,10000000.0
1155,2018-06-07,10000000.0
1156,2018-06-08,9999999.999999998
1157,2018-06-11,10000000.0
1158,2018-06-12,10000000.000000002
1159,2018-06-13,10000000.0
1160,2018-06-14,10000000.0
1161,2018-06-15,10000000.0
1162,2018-06-18,10000000.0
1163,2018-06-19,10000000.0
1164,2018-06-20,10000000.0
1165,2018-06-21,10000000.0
1166,2018-06-22,10000000.0
1167,2018-06-25,10000000.0
1168,2018-06-26,10000000.0
1169,2018-06-27,10000000.0
1170,2018-06-28,10000000.0
1171,2018-06-29,10000000.0
1172,2018-07-02,10000000.0
1173,2018-07-03,10000000.0
1174,2018-07-04,10000000.0
1175,2018-07-05,10000000.0
1176,2018-07-06,10000000.0
1177,2018-07-09,10000000.0
1178,2018-07-10,10000000.0
1179,2018-07-11,10000000.0
1180,2018-07-12,10000000.0
1181,2018-07-13,9999999.999999998
1182,2018-07-16,0.0
1183,2018-07-17,0.0
1184,2018-07-18,0.0
1185,2018-07-19,0.0
1186,2018-07-20,10000000.0
1187,2018-07-23,10000000.0
1188,2018-07-24,0.0
1189,2018-07-25,10000000.0
1190,2018-07-26,10000000.0
1191,2018-07-27,10000000.0
1192,2018-07-30,10000000.0
1193,2018-07-31,10000000.0
1194,2018-08-01,10000000.0
1195,2018-08-02,10000000.0
1196,2018-08-03,10000000.0
1197,2018-08-06,10000000.0
1198,2018-08-07,10000000.0
1199,2018-08-08,10000000.0
1200,2018-08-09,10000000.0
1201,2018-08-10,10000000.0
1202,2018-08-13,10000000.0
1203,2018-08-14,10000000.0
1204,2018-08-15,10000000.0
1205,2018-08-16,10000000.0
1206,2018-08-17,10000000.0
1207,2018-08-20,10000000.0
1208,2018-08-21,10000000.0
1209,2018-08-22,10000000.0
1210,2018-08-23,10000000.0
1211,2018-08-24,10000000.0
1212,2018-08-27,10000000.0
1213,2018-08-28,10000000.0
1214,2018-08-29,10000000.0
1215,2018-08-30,10000000.0
1216,2018-08-31,0.0
1217,2018-09-03,0.0
1218,2018-09-04,0.0
1219,2018-09-05,0.0
1220,2018-09-06,0.0
1221,2018-09-07,0.0
1222,2018-09-10,0.0
1223,2018-09-11,0.0
1224,2018-09-12,0.0
1225,2018-09-13,10000000.0
1226,2018-09-14,10000000.0
1227,2018-09-17,10000000.0
1228,2018-09-18,10000000.0
1229,2018-09-19,10000000.0
1230,2018-09-20,10000000.0
1231,2018-09-21,10000000.0
1232,2018-09-24,10000000.0
1233,2018-09-25,10000000.0
1234,2018-09-26,10000000.0
1235,2018-09-27,10000000.0
1236,2018-09-28,10000000.0
1237,2018-10-01,10000000.0
1238,2018-10-02,10000000.0
1239,2018-10-03,10000000.0
1240,2018-10-04,10000000.0
1241,2018-10-05,10000000.0
1242,2018-10-08,10000000.0
1243,2018-10-09,10000000.0
1244,2018-10-10,10000000.0
1245,2018-10-11,10000000.0
1246,2018-10-12,10000000.0
1247,2018-10-15,10000000.0
1248,2018-10-16,10000000.0
1249,2018-10-17,0.0
1250,2018-10-18,0.0
1251,2018-10-19,0.0
1252,2018-10-22,0.0
1253,2018-10-23,0.0
1254,2018-10-24,0.0
1255,2018-10-25,0.0
1256,2018-10-26,0.0
1257,2018-10-29,0.0
1258,2018-10-30,0.0
1259,2018-10-31,0.0
1260,2018-11-01,0.0
1261,2018-11-02,0.0
1262,2018-11-05,0.0
1263,2018-11-06,0.0
1264,2018-11-07,0.0
1265,2018-11-08,0.0
1266,2018-11-09,0.0
1267,2018-11-12,0.0
1268,2018-11-13,0.0
1269,2018-11-14,0.0
1270,2018-11-15,0.0
1271,2018-11-16,0.0
1272,2018-11-19,0.0
1273,2018-11-20,0.0
1274,2018-11-21,0.0
1275,2018-11-22,0.0
1276,2018-11-23,0.0
1277,2018-11-26,0.0
1278,2018-11-27,0.0
1279,2018-11-28,0.0
1280,2018-11-29,0.0
1281,2018-11-30,0.0
1282,2018-12-03,0.0
1283,2018-12-04,0.0
1284,2018-12-05,0.0
1285,2018-12-06,0.0
1286,2018-12-07,0.0
1287,2018-12-10,0.0
1288,2018-12-11,0.0
1289,2018-12-12,0.0
1290,2018-12-13,0.0
1291,2018-12-14,0.0
1292,2018-12-17,0.0
1293,2018-12-18,0.0
1294,2018-12-19,0.0
1295,2018-12-20,0.0
1296,2018-12-21,0.0
1297,2018-12-24,10000000.0
1298,2018-12-25,10000000.0
1299,2018-12-26,10000000.0
1300,2018-12-27,10000000.0
1301,2018-12-28,10000000.0
1302,2018-12-31,10000000.0
1303,2019-01-01,10000000.0
1304,2019-01-02,10000000.0
1305,2019-01-03,10000000.0
1306,2019-01-04,10000000.0
1307,2019-01-07,10000000.0
1308,2019-01-08,10000000.0
1309,2019-01-09,10000000.0
1310,2019-01-10,10000000.0
1311,2019-01-11,10000000.0
1312,2019-01-14,10000000.0
1313,2019-01-15,10000000.0
1314,2019-01-16,10000000.0
1315,2019-01-17,10000000.0
1316,2019-01-18,10000000.0
1317,2019-01-21,10000000.0
1318,2019-01-22,10000000.0
1319,2019-01-23,10000000.0
1320,2019-01-24,10000000.0
1321,2019-01-25,10000000.0
1322,2019-01-28,10000000.0
1323,2019-01-29,10000000.0
1324,2019-01-30,10000000.0
1325,2019-01-31,10000000.0
1326,2019-02-01,10000000.0
1327,2019-02-04,10000000.0
1328,2019-02-05,10000000.0
1329,2019-02-06,10000000.0
1330,2019-02-07,10000000.0
1331,2019-02-08,10000000.0
1332,2019-02-11,10000000.0
1333,2019-02-12,10000000.0
1334,2019-02-13,10000000.0
1335,2019-02-14,10000000.0
1336,2019-02-15,10000000.0
1337,2019-02-18,10000000.0
1338,2019-02-19,10000000.0
1339,2019-02-20,10000000.0
1340,2019-02-21,10000000.0
1341,2019-02-22,10000000.0
1342,2019-02-25,10000000.0
1343,2019-02-26,10000000.0
1344,2019-02-27,10000000.0
1345,2019-02-28,10000000.0
1346,2019-03-01,10000000.0
1347,2019-03-04,10000000.0
1348,2019-03-05,10000000.0
1349,2019-03-06,10000000.0
1350,2019-03-07,10000000.0
1351,2019-03-08,10000000.0
1352,2019-03-11,10000000.0
1353,2019-03-12,10000000.0
1354,2019-03-13,10000000.0
1355,2019-03-14,10000000.0
1356,2019-03-15,0.0
1357,2019-03-18,0.0
1358,2019-03-19,0.0
1359,2019-03-20,0.0
1360,2019-03-21,0.0
1361,2019-03-22,10000000.0
1362,2019-03-25,10000000.0
1363,2019-03-26,10000000.0
1364,2019-03-27,10000000.0
1365,2019-03-28,10000000.0
1366,2019-03-29,10000000.0
1367,2019-04-01,10000000.0
1368,2019-04-02,10000000.0
1369,2019-04-03,10000000.0
1370,2019-04-04,10000000.0
1371,2019-04-05,10000000.0
1372,2019-04-08,10000000.0
1373,2019-04-09,10000000.0
1374,2019-04-10,10000000.0
1375,2019-04-11,10000000.0
1376,2019-04-12,10000000.0
1377,2019-04-15,10000000.0
1378,2019-04-16,10000000.0
1379,2019-04-17,10000000.0
1380,2019-04-18,10000000.0
1381,2019-04-19,10000000.0
1382,2019-04-22,10000000.0
1383,2019-04-23,10000000.0
1384,2019-04-24,10000000.0
1385,2019-04-25,10000000.0
1386,2019-04-26,10000000.0
1387,2019-04-29,10000000.0
1388,2019-04-30,10000000.0
1389,2019-05-01,10000000.0
1390,2019-05-02,10000000.0
1391,2019-05-03,10000000.0
1392,2019-05-06,10000000.0
1393,2019-05-07,10000000.0
1394,2019-05-08,10000000.0
1395,2019-05-09,10000000.0
1396,2019-05-10,10000000.0
1397,2019-05-13,10000000.0
1398,2019-05-14,10000000.0
1399,2019-05-15,10000000.0
1400,2019-05-16,10000000.0
1401,2019-05-17,10000000.0
1402,2019-05-20,10000000.0
1403,2019-05-21,10000000.0
1404,2019-05-22,10000000.0
1405,2019-05-23,10000000.0
1406,2019-05-24,10000000.0
1407,2019-05-27,10000000.0
1408,2019-05-28,10000000.0
1409,2019-05-29,10000000.0
1410,2019-05-30,10000000.0
1411,2019-05-31,10000000.0
1412,2019-06-03,10000000.0
1413,2019-06-04,0.0
1414,2019-06-05,0.0
1415,2019-06-06,0.0
1416,2019-06-07,0.0
1417,2019-06-10,0.0
1418,2019-06-11,0.0
1419,2019-06-12,0.0
1420,2019-06-13,0.0
1421,2019-06-14,0.0
1422,2019-06-17,0.0
1423,2019-06-18,0.0
1424,2019-06-19,0.0
1425,2019-06-20,0.0
1426,2019-06-21,0.0
1427,2019-06-24,10000000.0
1428,2019-06-25,10000000.0
1429,2019-06-26,0.0
1430,2019-06-27,0.0
1431,2019-06-28,0.0
1432,2019-07-01,10000000.0
1433,2019-07-02,10000000.0
1434,2019-07-03,10000000.0
1435,2019-07-04,10000000.0
1436,2019-07-05,9999999.999999998
1437,2019-07-08,10000000.0
1438,2019-07-09,0.0
1439,2019-07-10,0.0
1440,2019-07-11,0.0
1441,2019-07-12,0.0
1442,2019-07-15,0.0
1443,2019-07-16,0.0
1444,2019-07-17,0.0
1445,2019-07-18,0.0
1446,2019-07-19,0.0
1447,2019-07-22,0.0
1448,2019-07-23,10000000.0
1449,2019-07-24,10000000.0
1450,2019-07-25,0.0
1451,2019-07-26,0.0
1452,2019-07-29,0.0
1453,2019-07-30,0.0
1454,2019-07-31,0.0
1455,2019-08-01,0.0
1456,2019-08-02,0.0
1457,2019-08-05,0.0
1458,2019-08-06,0.0
1459,2019-08-07,0.0
1460,2019-08-08,0.0
1461,2019-08-09,0.0
1462,2019-08-12,0.0
1463,2019-08-13,0.0
1464,2019-08-14,0.0
1465,2019-08-15,10000000.0
1466,2019-08-16,10000000.0
1467,2019-08-19,10000000.0
1468,2019-08-20,10000000.0
1469,2019-08-21,10000000.0
1470,2019-08-22,10000000.0
1471,2019-08-23,0.0
1472,2019-08-26,0.0
1473,2019-08-27,0.0
1474,2019-08-28,0.0
1475,2019-08-29,0.0
1476,2019-08-30,0.0
1477,2019-09-02,0.0
1478,2019-09-03,0.0
1479,2019-09-04,0.0
1480,2019-09-05,0.0
1481,2019-09-06,0.0
1482,2019-09-09,0.0
1483,2019-09-10,0.0
1484,2019-09-11,0.0
1485,2019-09-12,0.0
1486,2019-09-13,0.0
1487,2019-09-16,0.0
1488,2019-09-17,0.0
1489,2019-09-18,0.0
1490,2019-09-19,0.0
1491,2019-09-20,0.0
1492,2019-09-23,0.0
1493,2019-09-24,0.0
1494,2019-09-25,0.0
1495,2019-09-26,0.0
1496,2019-09-27,0.0
1497,2019-09-30,0.0
1498,2019-10-01,0.0
1499,2019-10-02,0.0
1500,2019-10-03,0.0
1501,2019-10-04,0.0
1502,2019-10-07,0.0
1503,2019-10-08,0.0
1504,2019-10-09,0.0
1505,2019-10-10,0.0
1506,2019-10-11,0.0
1507,2019-10-14,0.0
1508,2019-10-15,0.0
1509,2019-10-16,0.0
1510,2019-10-17,0.0
1511,2019-10-18,0.0
1512,2019-10-21,0.0
1513,2019-10-22,0.0
1514,2019-10-23,0.0
1515,2019-10-24,0.0
1516,2019-10-25,0.0
1517,2019-10-28,0.0
1518,2019-10-29,0.0
1519,2019-10-30,0.0
1520,2019-10-31,0.0
1521,2019-11-01,0.0
1522,2019-11-04,0.0
1523,2019-11-05,0.0
1524,2019-11-06,0.0
1525,2019-11-07,0.0
1526,2019-11-08,0.0
1527,2019-11-11,0.0
1528,2019-11-12,10000000.0
1529,2019-11-13,10000000.0
1530,2019-11-14,10000000.0
1531,2019-11-15,10000000.0
1532,2019-11-18,10000000.0
1533,2019-11-19,10000000.0
1534,2019-11-20,10000000.0
1535,2019-11-21,10000000.0
1536,2019-11-22,10000000.0
1537,2019-11-25,10000000.0
1538,2019-11-26,10000000.0
1539,2019-11-27,10000000.0
1540,2019-11-28,10000000.0
1541,2019-11-29,10000000.0
1542,2019-12-02,10000000.0
1543,2019-12-03,9999999.999999998
1544,2019-12-04,10000000.0
1545,2019-12-05,10000000.0
1546,2019-12-06,10000000.0
1547,2019-12-09,10000000.0
1548,2019-12-10,10000000.0
1549,2019-12-11,10000000.0
1550,2019-12-12,10000000.0
1551,2019-12-13,10000000.0
1552,2019-12-16,10000000.0
1553,2019-12-17,10000000.0
1554,2019-12-18,10000000.0
1555,2019-12-19,10000000.0
1556,2019-12-20,10000000.0
1557,2019-12-23,10000000.0
1558,2019-12-24,10000000.0
1559,2019-12-25,10000000.0
1560,2019-12-26,10000000.0
1561,2019-12-27,10000000.0
1562,2019-12-30,10000000.0
1563,2019-12-31,10000000.0
1564,2020-01-01,10000000.0
1565,2020-01-02,10000000.0
1566,2020-01-03,10000000.0
1567,2020-01-06,10000000.0
1568,2020-01-07,10000000.0
1569,2020-01-08,10000000.0
1570,2020-01-09,10000000.0
1571,2020-01-10,10000000.0
1572,2020-01-13,10000000.0
1573,2020-01-14,10000000.0
1574,2020-01-15,10000000.0
1575,2020-01-16,10000000.0
1576,2020-01-17,10000000.0
1577,2020-01-20,10000000.0
1578,2020-01-21,10000000.0
1579,2020-01-22,10000000.0
1580,2020-01-23,10000000.0
1581,2020-01-24,10000000.0
1582,2020-01-27,10000000.0
1583,2020-01-28,10000000.0
1584,2020-01-29,10000000.0
1585,2020-01-30,10000000.0
1586,2020-01-31,10000000.0
1587,2020-02-03,0.0
1588,2020-02-04,0.0
1589,2020-02-05,0.0
1590,2020-02-06,0.0
1591,2020-02-07,0.0
1592,2020-02-10,0.0
1593,2020-02-11,0.0
1594,2020-02-12,0.0
1595,2020-02-13,0.0
1596,2020-02-14,0.0
1597,2020-02-17,0.0
1598,2020-02-18,0.0
1599,2020-02-19,0.0
1600,2020-02-20,0.0
1601,2020-02-21,0.0
1602,2020-02-24,0.0
1603,2020-02-25,0.0
1604,2020-02-26,0.0
1605,2020-02-27,0.0
1606,2020-02-28,0.0
1607,2020-03-02,0.0
1608,2020-03-03,0.0
1609,2020-03-04,0.0
1610,2020-03-05,0.0
1611,2020-03-06,0.0
1612,2020-03-09,0.0
1613,2020-03-10,0.0
1614,2020-03-11,0.0
1615,2020-03-12,0.0
1616,2020-03-13,0.0
1617,2020-03-16,0.0
1618,2020-03-17,0.0
1619,2020-03-18,0.0
1620,2020-03-19,0.0
1621,2020-03-20,0.0
1622,2020-03-23,0.0
1623,2020-03-24,0.0
1624,2020-03-25,0.0
1625,2020-03-26,0.0
1626,2020-03-27,0.0
1627,2020-03-30,0.0
1628,2020-03-31,0.0
1629,2020-04-01,0.0
1630,2020-04-02,0.0
1631,2020-04-03,0.0
1632,2020-04-06,0.0
1633,2020-04-07,0.0
1634,2020-04-08,0.0
1635,2020-04-09,0.0
1636,2020-04-10,0.0
1637,2020-04-13,0.0
1638,2020-04-14,0.0
1639,2020-04-15,0.0
1640,2020-04-16,0.0
1641,2020-04-17,0.0
1642,2020-04-20,0.0
1643,2020-04-21,0.0
1644,2020-04-22,0.0
1645,2020-04-23,0.0
1646,2020-04-24,0.0
1647,2020-04-27,0.0
1648,2020-04-28,0.0
1649,2020-04-29,0.0
1650,2020-04-30,0.0
1651,2020-05-01,0.0
1652,2020-05-04,0.0
1653,2020-05-05,0.0
1654,2020-05-06,0.0
1655,2020-05-07,0.0
1656,2020-05-08,0.0
1657,2020-05-11,0.0
1658,2020-05-12,0.0
1659,2020-05-13,0.0
1660,2020-05-14,0.0
1661,2020-05-15,0.0
1662,2020-05-18,0.0
1663,2020-05-19,0.0
1664,2020-05-20,0.0
1665,2020-05-21,0.0
1666,2020-05-22,0.0
1667,2020-05-25,0.0
1668,2020-05-26,0.0
1669,2020-05-27,0.0
1670,2020-05-28,0.0
1671,2020-05-29,0.0
1672,2020-06-01,0.0
1673,2020-06-02,0.0
1674,2020-06-03,0.0
1675,2020-06-04,0.0
1676,2020-06-05,0.0
1677,2020-06-08,0.0
1678,2020-06-09,0.0
1679,2020-06-10,0.0
1680,2020-06-11,0.0
1681,2020-06-12,0.0
1682,2020-06-15,0.0
1683,2020-06-16,0.0
1684,2020-06-17,0.0
1685,2020-06-18,0.0
1686,2020-06-19,0.0
1687,2020-06-22,0.0
1688,2020-06-23,0.0
1689,2020-06-24,0.0
1690,2020-06-25,0.0
1691,2020-06-26,0.0
1692,2020-06-29,0.0
1693,2020-06-30,0.0
1694,2020-07-01,0.0
1695,2020-07-02,0.0
1696,2020-07-03,0.0
1697,2020-07-06,0.0
1698,2020-07-07,10000000.0
1699,2020-07-08,10000000.0
1700,2020-07-09,10000000.0
1701,2020-07-10,10000000.0
1702,2020-07-13,10000000.0
1703,2020-07-14,10000000.0
1704,2020-07-15,10000000.0
1705,2020-07-16,10000000.0
1706,2020-07-17,10000000.0
1707,2020-07-20,10000000.0
1708,2020-07-21,10000000.0
1709,2020-07-22,10000000.0
1710,2020-07-23,10000000.0
1711,2020-07-24,10000000.0
1712,2020-07-27,10000000.0
1713,2020-07-28,10000000.0
1714,2020-07-29,10000000.0
1715,2020-07-30,10000000.0
1716,2020-07-31,10000000.0
1717,2020-08-03,10000000.0
1718,2020-08-04,10000000.0
1719,2020-08-05,10000000.0
1720,2020-08-06,10000000.0
1721,2020-08-07,10000000.0
1722,2020-08-10,10000000.0
1723,2020-08-11,10000000.0
1724,2020-08-12,10000000.0
1725,2020-08-13,10000000.0
1726,2020-08-14,10000000.0
1727,2020-08-17,10000000.0
1728,2020-08-18,10000000.0
1729,2020-08-19,10000000.0
1730,2020-08-20,10000000.0
1731,2020-08-21,10000000.0
1732,2020-08-24,10000000.0
1733,2020-08-25,10000000.0
1734,2020-08-26,10000000.0
1735,2020-08-27,10000000.0
1736,2020-08-28,10000000.0
1737,2020-08-31,10000000.0
1738,2020-09-01,10000000.0
1739,2020-09-02,10000000.0
1740,2020-09-03,10000000.0
1741,2020-09-04,10000000.0
1742,2020-09-07,10000000.0
1743,2020-09-08,10000000.0
1744,2020-09-09,10000000.0
1745,2020-09-10,10000000.0
1746,2020-09-11,10000000.0
1747,2020-09-14,10000000.0
1748,2020-09-15,10000000.0
1749,2020-09-16,10000000.0
1750,2020-09-17,10000000.0
1751,2020-09-18,10000000.0
1752,2020-09-21,10000000.0
1753,2020-09-22,10000000.0
1754,2020-09-23,10000000.0
1755,2020-09-24,10000000.0
1756,2020-09-25,10000000.0
1757,2020-09-28,10000000.0
1758,2020-09-29,10000000.0
1759,2020-09-30,10000000.0
1760,2020-10-01,10000000.0
1761,2020-10-02,10000000.0
1762,2020-10-05,10000000.0
1763,2020-10-06,10000000.0
1764,2020-10-07,10000000.0
1765,2020-10-08,10000000.0
1766,2020-10-09,10000000.0
1767,2020-10-12,10000000.0
1768,2020-10-13,10000000.0
1769,2020-10-14,10000000.0
1770,2020-10-15,10000000.0
1771,2020-10-16,10000000.0
1772,2020-10-19,10000000.0
1773,2020-10-20,10000000.0
1774,2020-10-21,10000000.0
1775,2020-10-22,10000000.0
1776,2020-10-23,10000000.0
1777,2020-10-26,10000000.0
1778,2020-10-27,10000000.0
1779,2020-10-28,10000000.0
1780,2020-10-29,10000000.0
1781,2020-10-30,10000000.0
1782,2020-11-02,10000000.0
1783,2020-11-03,10000000.0
1784,2020-11-04,10000000.0
1785,2020-11-05,10000000.0
1786,2020-11-06,10000000.0
1787,2020-11-09,10000000.0
1788,2020-11-10,10000000.0
1789,2020-11-11,10000000.0
1790,2020-11-12,10000000.0
1791,2020-11-13,10000000.0
1792,2020-11-16,10000000.0
1793,2020-11-17,10000000.0
1794,2020-11-18,10000000.0
1795,2020-11-19,9999999.999999998
1796,2020-11-20,10000000.0
1797,2020-11-23,10000000.0
1798,2020-11-24,10000000.0
1799,2020-11-25,10000000.0
1800,2020-11-26,10000000.0
1801,2020-11-27,10000000.0
1802,2020-11-30,10000000.000000002
1803,2020-12-01,10000000.0
1804,2020-12-02,10000000.0
1805,2020-12-03,10000000.0
1806,2020-12-04,10000000.0
1807,2020-12-07,10000000.0
1808,2020-12-08,10000000.0
1809,2020-12-09,10000000.0
1810,2020-12-10,10000000.0
1811,2020-12-11,10000000.0
1812,2020-12-14,10000000.0
1813,2020-12-15,0.0
1814,2020-12-16,0.0
1815,2020-12-17,0.0
1816,2020-12-18,0.0
1817,2020-12-21,0.0
1818,2020-12-22,0.0
1819,2020-12-23,0.0
1820,2020-12-24,0.0
1821,2020-12-25,0.0
1822,2020-12-28,0.0
1823,2020-12-29,0.0
1824,2020-12-30,0.0
1825,2020-12-31,0.0
1826,2021-01-01,0.0
1827,2021-01-04,0.0
1828,2021-01-05,0.0
1829,2021-01-06,0.0
1830,2021-01-07,0.0
1831,2021-01-08,0.0
1832,2021-01-11,0.0
1833,2021-01-12,0.0
1834,2021-01-13,0.0
1835,2021-01-14,0.0
1836,2021-01-15,0.0
1837,2021-01-18,0.0
1838,2021-01-19,0.0
1839,2021-01-20,0.0
1840,2021-01-21,0.0
1841,2021-01-22,10000000.0
1842,2021-01-25,10000000.0
1843,2021-01-26,0.0
1844,2021-01-27,10000000.0
1845,2021-01-28,10000000.0
1846,2021-01-29,10000000.0
1847,2021-02-01,10000000.0
1848,2021-02-02,10000000.0
1849,2021-02-03,10000000.0
1850,2021-02-04,10000000.0
1851,2021-02-05,10000000.0
1852,2021-02-08,10000000.000000002
1853,2021-02-09,10000000.0
1854,2021-02-10,10000000.0
1855,2021-02-11,10000000.0
1856,2021-02-12,10000000.0
1857,2021-02-15,10000000.0
1858,2021-02-16,10000000.0
1859,2021-02-17,10000000.0
1860,2021-02-18,10000000.0
1861,2021-02-19,10000000.0
1862,2021-02-22,10000000.0
1863,2021-02-23,10000000.0
1864,2021-02-24,10000000.0
1865,2021-02-25,10000000.0
1866,2021-02-26,10000000.0
1867,2021-03-01,10000000.0
1868,2021-03-02,10000000.0
1869,2021-03-03,10000000.0
1870,2021-03-04,10000000.0
1871,2021-03-05,10000000.0
1872,2021-03-08,10000000.0
1873,2021-03-09,10000000.0
1874,2021-03-10,10000000.0
1875,2021-03-11,10000000.0
1876,2021-03-12,10000000.0
1877,2021-03-15,10000000.0
1878,2021-03-16,10000000.0
1879,2021-03-17,10000000.0
1880,2021-03-18,10000000.0
1881,2021-03-19,10000000.0
1882,2021-03-22,10000000.0
1883,2021-03-23,0.0
1884,2021-03-24,0.0
1885,2021-03-25,0.0
1886,2021-03-26,0.0
1887,2021-03-29,0.0
1888,2021-03-30,0.0
1889,2021-03-31,0.0
1890,2021-04-01,0.0
1891,2021-04-02,0.0
1892,2021-04-05,0.0
1893,2021-04-06,0.0
1894,2021-04-07,0.0
1895,2021-04-08,0.0
1896,2021-04-09,0.0
1897,2021-04-12,0.0
1898,2021-04-13,0.0
1899,2021-04-14,0.0
1900,2021-04-15,0.0
1901,2021-04-16,0.0
1902,2021-04-19,0.0
1903,2021-04-20,0.0
1904,2021-04-21,0.0
1905,2021-04-22,0.0
1906,2021-04-23,10000000.0
1907,2021-04-26,10000000.0
1908,2021-04-27,10000000.0
1909,2021-04-28,10000000.0
1910,2021-04-29,10000000.0
1911,2021-04-30,10000000.0
1912,2021-05-03,10000000.0
1913,2021-05-04,10000000.0
1914,2021-05-05,10000000.0
1915,2021-05-06,10000000.0
1916,2021-05-07,10000000.0
1917,2021-05-10,10000000.0
1918,2021-05-11,10000000.0
1919,2021-05-12,10000000.0
1920,2021-05-13,10000000.0
1921,2021-05-14,10000000.0
1922,2021-05-17,10000000.0
1923,2021-05-18,10000000.0
1924,2021-05-19,10000000.0
1925,2021-05-20,10000000.0
1926,2021-05-21,0.0
1927,2021-05-24,0.0
1928,2021-05-25,0.0
1929,2021-05-26,0.0
1930,2021-05-27,0.0
1931,2021-05-28,0.0
1932,2021-05-31,0.0
1933,2021-06-01,0.0
1934,2021-06-02,0.0
1935,2021-06-03,10000000.0
1936,2021-06-04,10000000.0
1937,2021-06-07,10000000.0
1938,2021-06-08,10000000.0
1939,2021-06-09,10000000.0
1940,2021-06-10,10000000.0
1941,2021-06-11,10000000.0
1942,2021-06-14,10000000.0
1943,2021-06-15,10000000.0
1944,2021-06-16,10000000.0
1945,2021-06-17,10000000.0
1946,2021-06-18,10000000.0
1947,2021-06-21,0.0
1948,2021-06-22,0.0
1949,2021-06-23,0.0
1950,2021-06-24,0.0
1951,2021-06-25,0.0
1952,2021-06-28,10000000.0
1953,2021-06-29,10000000.0
1954,2021-06-30,10000000.0
1955,2021-07-01,10000000.0
1956,2021-07-02,10000000.0
1957,2021-07-05,10000000.0
1958,2021-07-06,10000000.0
1959,2021-07-07,10000000.0
1960,2021-07-08,10000000.0
1961,2021-07-09,10000000.0
1962,2021-07-12,0.0
1963,2021-07-13,0.0
1964,2021-07-14,10000000.0
1965,2021-07-15,10000000.0
1966,2021-07-16,10000000.0
1967,2021-07-19,10000000.0
1968,2021-07-20,0.0
1969,2021-07-21,0.0
1970,2021-07-22,0.0
1971,2021-07-23,10000000.0
1972,2021-07-26,10000000.0
1973,2021-07-27,0.0
1974,2021-07-28,0.0
1975,2021-07-29,10000000.0
1976,2021-07-30,10000000.0
1977,2021-08-02,10000000.0
1978,2021-08-03,10000000.0
1979,2021-08-04,10000000.0
1980,2021-08-05,10000000.0
1981,2021-08-06,10000000.0
1982,2021-08-09,10000000.0
1983,2021-08-10,10000000.0
1984,2021-08-11,10000000.0
1985,2021-08-12,10000000.0
1986,2021-08-13,10000000.0
1987,2021-08-16,10000000.0
1988,2021-08-17,10000000.0
1989,2021-08-18,10000000.0
1990,2021-08-19,10000000.0
1991,2021-08-20,10000000.0
1992,2021-08-23,10000000.0
1993,2021-08-24,10000000.0
1994,2021-08-25,10000000.0
1995,2021-08-26,10000000.0
1996,2021-08-27,10000000.0
1997,2021-08-30,10000000.0
1998,2021-08-31,10000000.0
1999,2021-09-01,10000000.0
2000,2021-09-02,10000000.0
2001,2021-09-03,10000000.0
2002,2021-09-06,10000000.0
2003,2021-09-07,10000000.0
2004,2021-09-08,10000000.0
2005,2021-09-09,10000000.0
2006,2021-09-10,10000000.0
2007,2021-09-13,10000000.0
2008,2021-09-14,10000000.0
2009,2021-09-15,10000000.0
2010,2021-09-16,10000000.0
2011,2021-09-17,10000000.0
2012,2021-09-20,10000000.0
2013,2021-09-21,10000000.0
2014,2021-09-22,10000000.0
2015,2021-09-23,10000000.0
2016,2021-09-24,10000000.0
2017,2021-09-27,10000000.0
2018,2021-09-28,10000000.0
2019,2021-09-29,10000000.0
2020,2021-09-30,10000000.0
2021,2021-10-01,10000000.0
2022,2021-10-04,10000000.0
2023,2021-10-05,10000000.0
2024,2021-10-06,10000000.0
2025,2021-10-07,10000000.0
2026,2021-10-08,10000000.0
2027,2021-10-11,10000000.0
2028,2021-10-12,10000000.0
2029,2021-10-13,0.0
2030,2021-10-14,0.0
2031,2021-10-15,0.0
2032,2021-10-18,0.0
2033,2021-10-19,0.0
2034,2021-10-20,0.0
2035,2021-10-21,0.0
2036,2021-10-22,0.0
2037,2021-10-25,0.0
2038,2021-10-26,0.0
2039,2021-10-27,0.0
2040,2021-10-28,0.0
2041,2021-10-29,0.0
2042,2021-11-01,0.0
2043,2021-11-02,0.0
2044,2021-11-03,0.0
2045,2021-11-04,0.0
2046,2021-11-05,0.0
2047,2021-11-08,0.0
2048,2021-11-09,0.0
2049,2021-11-10,0.0
2050,2021-11-11,0.0
2051,2021-11-12,0.0
2052,2021-11-15,0.0
2053,2021-11-16,0.0
2054,2021-11-17,0.0
2055,2021-11-18,0.0
2056,2021-11-19,0.0
2057,2021-11-22,0.0
2058,2021-11-23,0.0
2059,2021-11-24,0.0
2060,2021-11-25,0.0
2061,2021-11-26,0.0
2062,2021-11-29,0.0
2063,2021-11-30,0.0
2064,2021-12-01,0.0
2065,2021-12-02,0.0
2066,2021-12-03,0.0
2067,2021-12-06,0.0
2068,2021-12-07,0.0
2069,2021-12-08,0.0
2070,2021-12-09,0.0
2071,2021-12-10,0.0
2072,2021-12-13,0.0
2073,2021-12-14,0.0
2074,2021-12-15,0.0
2075,2021-12-16,0.0
2076,2021-12-17,0.0
2077,2021-12-20,0.0
2078,2021-12-21,0.0
2079,2021-12-22,0.0
2080,2021-12-23,0.0
2081,2021-12-24,0.0
2082,2021-12-27,0.0
2083,2021-12-28,0.0
2084,2021-12-29,0.0
2085,2021-12-30,0.0
2086,2021-12-31,0.0
2087,2022-01-03,0.0
2088,2022-01-04,0.0
2089,2022-01-05,0.0
2090,2022-01-06,0.0
2091,2022-01-07,0.0
2092,2022-01-10,0.0
2093,2022-01-11,0.0
2094,2022-01-12,10000000.0
2095,2022-01-13,0.0
2096,2022-01-14,10000000.0
2097,2022-01-17,10000000.0
2098,2022-01-18,10000000.0
2099,2022-01-19,10000000.0
2100,2022-01-20,10000000.0
2101,2022-01-21,0.0
2102,2022-01-24,0.0
2103,2022-01-25,10000000.0
2104,2022-01-26,10000000.0
2105,2022-01-27,10000000.0
2106,2022-01-28,10000000.0
2107,2022-01-31,10000000.0
2108,2022-02-01,10000000.0
2109,2022-02-02,10000000.0
2110,2022-02-03,10000000.0
2111,2022-02-04,10000000.0
2112,2022-02-07,10000000.0
2113,2022-02-08,10000000.0
2114,2022-02-09,10000000.0
2115,2022-02-10,10000000.0
2116,2022-02-11,10000000.0
2117,2022-02-14,0.0
2118,2022-02-15,0.0
2119,2022-02-16,0.0
2120,2022-02-17,0.0
2121,2022-02-18,0.0
2122,2022-02-21,0.0
2123,2022-02-22,0.0
2124,2022-02-23,0.0
2125,2022-02-24,0.0
2126,2022-02-25,0.0
2127,2022-02-28,0.0
2128,2022-03-01,0.0
2129,2022-03-02,0.0
2130,2022-03-03,0.0
2131,2022-03-04,0.0
2132,2022-03-07,0.0
2133,2022-03-08,0.0
2134,2022-03-09,0.0
2135,2022-03-10,0.0
2136,2022-03-11,0.0
2137,2022-03-14,0.0
2138,2022-03-15,0.0
2139,2022-03-16,0.0
2140,2022-03-17,0.0
2141,2022-03-18,0.0
2142,2022-03-21,0.0
2143,2022-03-22,0.0
2144,2022-03-23,0.0
2145,2022-03-24,0.0
2146,2022-03-25,0.0
2147,2022-03-28,0.0
2148,2022-03-29,10000000.0
2149,2022-03-30,10000000.0
2150,2022-03-31,10000000.0
2151,2022-04-01,10000000.0
2152,2022-04-04,10000000.0
2153,2022-04-05,10000000.0
2154,2022-04-06,10000000.0
2155,2022-04-07,10000000.0
2156,2022-04-08,10000000.0
2157,2022-04-11,10000000.0
2158,2022-04-12,10000000.0
2159,2022-04-13,10000000.0
2160,2022-04-14,10000000.0
2161,2022-04-15,10000000.0
2162,2022-04-18,10000000.0
2163,2022-04-19,10000000.0
2164,2022-04-20,0.0
2165,2022-04-21,0.0
2166,2022-04-22,0.0
2167,2022-04-25,0.0
2168,2022-04-26,0.0
2169,2022-04-27,0.0
2170,2022-04-28,0.0
2171,2022-04-29,0.0
2172,2022-05-02,0.0
2173,2022-05-03,0.0
2174,2022-05-04,0.0
2175,2022-05-05,10000000.0
2176,2022-05-06,10000000.0
2177,2022-05-09,10000000.0
2178,2022-05-10,10000000.0
2179,2022-05-11,10000000.0
2180,2022-05-12,10000000.0
2181,2022-05-13,10000000.0
2182,2022-05-16,10000000.0
2183,2022-05-17,10000000.0
2184,2022-05-18,10000000.0
2185,2022-05-19,10000000.0
2186,2022-05-20,10000000.0
2187,2022-05-23,0.0
2188,2022-05-24,0.0
2189,2022-05-25,0.0
2190,2022-05-26,0.0
2191,2022-05-27,0.0
2192,2022-05-30,0.0
2193,2022-05-31,0.0
2194,2022-06-01,0.0
2195,2022-06-02,0.0
2196,2022-06-03,0.0
2197,2022-06-06,0.0
2198,2022-06-07,0.0
2199,2022-06-08,0.0
2200,2022-06-09,0.0
2201,2022-06-10,0.0
2202,2022-06-13,0.0
2203,2022-06-14,0.0
2204,2022-06-15,0.0
2205,2022-06-16,0.0
2206,2022-06-17,0.0
2207,2022-06-20,0.0
2208,2022-06-21,0.0
2209,2022-06-22,0.0
2210,2022-06-23,0.0
2211,2022-06-24,0.0
2212,2022-06-27,0.0
2213,2022-06-28,0.0
2214,2022-06-29,0.0
2215,2022-06-30,0.0
2216,2022-07-01,0.0
2217,2022-07-04,0.0
2218,2022-07-05,0.0
2219,2022-07-06,0.0
2220,2022-07-07,0.0
2221,2022-07-08,0.0
2222,2022-07-11,0.0
2223,2022-07-12,0.0
2224,2022-07-13,0.0
2225,2022-07-14,0.0
2226,2022-07-15,0.0
2227,2022-07-18,0.0
2228,2022-07-19,0.0
2229,2022-07-20,0.0
2230,2022-07-21,0.0
2231,2022-07-22,0.0
2232,2022-07-25,0.0
2233,2022-07-26,0.0
2234,2022-07-27,0.0
2235,2022-07-28,0.0
2236,2022-07-29,0.0
2237,2022-08-01,0.0
2238,2022-08-02,0.0
2239,2022-08-03,0.0
2240,2022-08-04,0.0
2241,2022-08-05,0.0
2242,2022-08-08,0.0
2243,2022-08-09,0.0
2244,2022-08-10,0.0
2245,2022-08-11,0.0
2246,2022-08-12,0.0
2247,2022-08-15,0.0
2248,2022-08-16,0.0
2249,2022-08-17,0.0
2250,2022-08-18,0.0
2251,2022-08-19,0.0
2252,2022-08-22,0.0
2253,2022-08-23,0.0
2254,2022-08-24,0.0
2255,2022-08-25,0.0
2256,2022-08-26,0.0
2257,2022-08-29,0.0
2258,2022-08-30,0.0
2259,2022-08-31,0.0
