,date,V
0,2014-01-02,
1,2014-01-03,
2,2014-01-06,
3,2014-01-07,
4,2014-01-08,
5,2014-01-09,
6,2014-01-10,
7,2014-01-13,
8,2014-01-14,
9,2014-01-15,
10,2014-01-16,0.0
11,2014-01-17,0.0
12,2014-01-20,0.0
13,2014-01-21,0.0
14,2014-01-22,0.0
15,2014-01-23,0.0
16,2014-01-24,0.0
17,2014-01-27,0.0
18,2014-01-28,0.0
19,2014-01-29,0.0
20,2014-01-30,0.0
21,2014-02-07,0.0
22,2014-02-10,0.0
23,2014-02-11,0.0
24,2014-02-12,0.0
25,2014-02-13,0.0
26,2014-02-14,0.0
27,2014-02-17,0.0
28,2014-02-18,0.0
29,2014-02-19,0.0
30,2014-02-20,0.0
31,2014-02-21,0.0
32,2014-02-24,0.0
33,2014-02-25,0.0
34,2014-02-26,0.0
35,2014-02-27,0.0
36,2014-02-28,0.0
37,2014-03-03,0.0
38,2014-03-04,0.0
39,2014-03-05,0.0
40,2014-03-06,0.0
41,2014-03-07,0.0
42,2014-03-10,0.0
43,2014-03-11,0.0
44,2014-03-12,0.0
45,2014-03-13,0.0
46,2014-03-14,0.0
47,2014-03-17,0.0
48,2014-03-18,0.0
49,2014-03-19,0.0
50,2014-03-20,0.0
51,2014-03-21,0.0
52,2014-03-24,0.0
53,2014-03-25,0.0
54,2014-03-26,0.0
55,2014-03-27,0.0
56,2014-03-28,0.0
57,2014-03-31,0.0
58,2014-04-01,0.0
59,2014-04-02,0.0
60,2014-04-03,0.0
61,2014-04-04,0.0
62,2014-04-08,0.0
63,2014-04-09,0.0
64,2014-04-10,0.0
65,2014-04-11,0.0
66,2014-04-14,0.0
67,2014-04-15,0.0
68,2014-04-16,0.0
69,2014-04-17,0.0
70,2014-04-18,0.0
71,2014-04-21,0.0
72,2014-04-22,0.0
73,2014-04-23,0.0
74,2014-04-24,0.0
75,2014-04-25,0.0
76,2014-04-28,0.0
77,2014-04-29,0.0
78,2014-04-30,0.0
79,2014-05-05,0.0
80,2014-05-06,0.0
81,2014-05-07,0.0
82,2014-05-08,0.0
83,2014-05-09,0.0
84,2014-05-12,0.0
85,2014-05-13,0.0
86,2014-05-14,0.0
87,2014-05-15,0.0
88,2014-05-16,0.0
89,2014-05-19,0.0
90,2014-05-20,0.0
91,2014-05-21,660.9563032012888
92,2014-05-22,661.7731264805047
93,2014-05-23,665.8559031576485
94,2014-05-26,654.521876167051
95,2014-05-27,666.1025403527108
96,2014-05-28,673.4620182064597
97,2014-05-29,670.8580849684671
98,2014-05-30,667.1376637653241
99,2014-06-03,659.0128003141385
100,2014-06-04,658.602300351994
101,2014-06-05,665.8028766143117
102,2014-06-06,0.0
103,2014-06-09,0.0
104,2014-06-10,0.0
105,2014-06-11,0.0
106,2014-06-12,0.0
107,2014-06-13,0.0
108,2014-06-16,0.0
109,2014-06-17,0.0
110,2014-06-18,0.0
111,2014-06-19,0.0
112,2014-06-20,0.0
113,2014-06-23,0.0
114,2014-06-24,0.0
115,2014-06-25,0.0
116,2014-06-26,0.0
117,2014-06-27,0.0
118,2014-06-30,0.0
119,2014-07-01,0.0
120,2014-07-02,0.0
121,2014-07-03,0.0
122,2014-07-04,0.0
123,2014-07-07,0.0
124,2014-07-08,0.0
125,2014-07-09,0.0
126,2014-07-10,0.0
127,2014-07-11,0.0
128,2014-07-14,0.0
129,2014-07-15,0.0
130,2014-07-16,0.0
131,2014-07-17,0.0
132,2014-07-18,0.0
133,2014-07-21,0.0
134,2014-07-22,0.0
135,2014-07-23,0.0
136,2014-07-24,0.0
137,2014-07-25,0.0
138,2014-07-28,0.0
139,2014-07-29,797.7567023618924
140,2014-07-30,798.1366911330485
141,2014-07-31,796.8597080337764
142,2014-08-01,800.5234989482124
143,2014-08-04,797.5748061893239
144,2014-08-05,816.0775602129934
145,2014-08-06,0.0
146,2014-08-07,0.0
147,2014-08-08,0.0
148,2014-08-11,0.0
149,2014-08-12,0.0
150,2014-08-13,0.0
151,2014-08-14,0.0
152,2014-08-15,0.0
153,2014-08-18,0.0
154,2014-08-19,0.0
155,2014-08-20,0.0
156,2014-08-21,817.0385630370265
157,2014-08-22,817.3362738851836
158,2014-08-25,819.356911779141
159,2014-08-26,819.6466862754874
160,2014-08-27,825.1286232999715
161,2014-08-28,816.6935314967385
162,2014-08-29,837.6800638949924
163,2014-09-01,843.2699764010905
164,2014-09-02,857.8030822644891
165,2014-09-03,867.1444587335494
166,2014-09-04,852.7619545567051
167,2014-09-05,860.2385219889275
168,2014-09-09,849.6006909295182
169,2014-09-10,0.0
170,2014-09-11,0.0
171,2014-09-12,0.0
172,2014-09-15,0.0
173,2014-09-16,0.0
174,2014-09-17,0.0
175,2014-09-18,0.0
176,2014-09-19,0.0
177,2014-09-22,0.0
178,2014-09-23,0.0
179,2014-09-24,0.0
180,2014-09-25,0.0
181,2014-09-26,0.0
182,2014-09-29,0.0
183,2014-09-30,0.0
184,2014-10-08,0.0
185,2014-10-09,0.0
186,2014-10-10,0.0
187,2014-10-13,0.0
188,2014-10-14,0.0
189,2014-10-15,0.0
190,2014-10-16,0.0
191,2014-10-17,0.0
192,2014-10-20,0.0
193,2014-10-21,0.0
194,2014-10-22,0.0
195,2014-10-23,0.0
196,2014-10-24,0.0
197,2014-10-27,0.0
198,2014-10-28,0.0
199,2014-10-29,0.0
200,2014-10-30,0.0
201,2014-10-31,0.0
202,2014-11-03,0.0
203,2014-11-04,0.0
204,2014-11-05,0.0
205,2014-11-06,0.0
206,2014-11-07,0.0
207,2014-11-10,0.0
208,2014-11-11,0.0
209,2014-11-12,0.0
210,2014-11-13,0.0
211,2014-11-14,0.0
212,2014-11-17,0.0
213,2014-11-18,0.0
214,2014-11-19,0.0
215,2014-11-20,0.0
216,2014-11-21,0.0
217,2014-11-24,0.0
218,2014-11-25,0.0
219,2014-11-26,0.0
220,2014-11-27,0.0
221,2014-11-28,0.0
222,2014-12-01,0.0
223,2014-12-02,0.0
224,2014-12-03,0.0
225,2014-12-04,0.0
226,2014-12-05,0.0
227,2014-12-08,0.0
228,2014-12-09,0.0
229,2014-12-10,0.0
230,2014-12-11,0.0
231,2014-12-12,0.0
232,2014-12-15,0.0
233,2014-12-16,0.0
234,2014-12-17,0.0
235,2014-12-18,0.0
236,2014-12-19,0.0
237,2014-12-22,0.0
238,2014-12-23,0.0
239,2014-12-24,0.0
240,2014-12-25,0.0
241,2014-12-26,0.0
242,2014-12-29,0.0
243,2014-12-30,605.4564293815612
244,2014-12-31,605.530638882997
245,2015-01-05,587.7125845783545
246,2015-01-06,593.2681339737876
247,2015-01-07,587.8036468294529
248,2015-01-08,0.0
249,2015-01-09,0.0
250,2015-01-12,0.0
251,2015-01-13,0.0
252,2015-01-14,0.0
253,2015-01-15,0.0
254,2015-01-16,0.0
255,2015-01-19,0.0
256,2015-01-20,0.0
257,2015-01-21,0.0
258,2015-01-22,0.0
259,2015-01-23,0.0
260,2015-01-26,0.0
261,2015-01-27,0.0
262,2015-01-28,0.0
263,2015-01-29,0.0
264,2015-01-30,0.0
265,2015-02-02,0.0
266,2015-02-03,0.0
267,2015-02-04,0.0
268,2015-02-05,0.0
269,2015-02-06,0.0
270,2015-02-09,0.0
271,2015-02-10,0.0
272,2015-02-11,0.0
273,2015-02-12,0.0
274,2015-02-13,0.0
275,2015-02-16,0.0
276,2015-02-17,0.0
277,2015-02-25,0.0
278,2015-02-26,0.0
279,2015-02-27,0.0
280,2015-03-02,0.0
281,2015-03-03,0.0
282,2015-03-04,0.0
283,2015-03-05,0.0
284,2015-03-06,0.0
285,2015-03-09,0.0
286,2015-03-10,0.0
287,2015-03-11,0.0
288,2015-03-12,0.0
289,2015-03-13,0.0
290,2015-03-16,0.0
291,2015-03-17,0.0
292,2015-03-18,0.0
293,2015-03-19,0.0
294,2015-03-20,0.0
295,2015-03-23,468.47351698731484
296,2015-03-24,468.507575979321
297,2015-03-25,469.7711917342729
298,2015-03-26,470.421233396833
299,2015-03-27,458.72238911736497
300,2015-03-30,470.79663289205274
301,2015-03-31,477.6266614943772
302,2015-04-01,490.1977705458792
303,2015-04-02,485.7268318727011
304,2015-04-03,480.65876875519615
305,2015-04-07,497.09432432825054
306,2015-04-08,481.46754634407085
307,2015-04-09,472.0193943064136
308,2015-04-10,473.28894058504596
309,2015-04-13,465.8643384739305
310,2015-04-14,457.33292766682894
311,2015-04-15,461.563479930013
312,2015-04-16,465.83286071004164
313,2015-04-17,465.86132653635076
314,2015-04-20,462.22061589636246
315,2015-04-21,458.60806740959356
316,2015-04-22,462.8489326302657
317,2015-04-23,460.44595319290266
318,2015-04-24,469.5382072311778
319,2015-04-27,481.8912360650051
320,2015-04-28,486.34622960785845
321,2015-04-29,489.5653903524962
322,2015-04-30,497.9462961521231
323,2015-05-04,492.74520033034014
324,2015-05-05,497.29960281645526
325,2015-05-06,490.7992148345571
326,2015-05-07,484.3835232091119
327,2015-05-08,480.59458016874225
328,2015-05-11,480.6198949160677
329,2015-05-12,493.2618803824927
330,2015-05-13,487.4603742390692
331,2015-05-14,485.5657943218138
332,2015-05-15,488.77702384489197
333,2015-05-18,495.2169962857175
334,2015-05-19,477.69139779894834
335,2015-05-20,475.83381021541123
336,2015-05-21,486.4744540085584
337,2015-05-22,480.75106255526435
338,2015-05-25,478.88087103005705
339,2015-05-26,466.9607544903605
340,2015-05-27,467.5954239881639
341,2015-05-28,464.54825310213647
342,2015-05-29,470.05719006348363
343,2015-06-01,470.0784369049635
344,2015-06-02,475.0355168433666
345,2015-06-03,465.7038860516464
346,2015-06-04,467.55810197948784
347,2015-06-05,457.75925942320526
348,2015-06-08,451.7705920773935
349,2015-06-09,459.4984873662114
350,2015-06-10,457.7085028543321
351,2015-06-11,458.32837156718614
352,2015-06-12,453.53466349937577
353,2015-06-15,0.0
354,2015-06-16,0.0
355,2015-06-17,0.0
356,2015-06-18,0.0
357,2015-06-19,0.0
358,2015-06-23,0.0
359,2015-06-24,0.0
360,2015-06-25,0.0
361,2015-06-26,0.0
362,2015-06-29,0.0
363,2015-06-30,0.0
364,2015-07-01,445.827153911919
365,2015-07-02,445.84348882584
366,2015-07-03,442.37527166867574
367,2015-07-06,0.0
368,2015-07-07,0.0
369,2015-07-08,0.0
370,2015-07-09,0.0
371,2015-07-10,0.0
372,2015-07-13,0.0
373,2015-07-14,0.0
374,2015-07-15,0.0
375,2015-07-16,0.0
376,2015-07-17,0.0
377,2015-07-20,0.0
378,2015-07-21,0.0
379,2015-07-22,0.0
380,2015-07-23,0.0
381,2015-07-24,0.0
382,2015-07-27,0.0
383,2015-07-28,0.0
384,2015-07-29,0.0
385,2015-07-30,0.0
386,2015-07-31,0.0
387,2015-08-03,0.0
388,2015-08-04,0.0
389,2015-08-05,0.0
390,2015-08-06,0.0
391,2015-08-07,0.0
392,2015-08-10,0.0
393,2015-08-11,0.0
394,2015-08-12,0.0
395,2015-08-13,0.0
396,2015-08-14,0.0
397,2015-08-17,0.0
398,2015-08-18,0.0
399,2015-08-19,0.0
400,2015-08-20,0.0
401,2015-08-21,0.0
402,2015-08-24,0.0
403,2015-08-25,0.0
404,2015-08-26,0.0
405,2015-08-27,0.0
406,2015-08-28,0.0
407,2015-08-31,0.0
408,2015-09-01,0.0
409,2015-09-02,0.0
410,2015-09-07,0.0
411,2015-09-08,0.0
412,2015-09-09,0.0
413,2015-09-10,0.0
414,2015-09-11,0.0
415,2015-09-14,0.0
416,2015-09-15,0.0
417,2015-09-16,0.0
418,2015-09-17,0.0
419,2015-09-18,0.0
420,2015-09-21,0.0
421,2015-09-22,0.0
422,2015-09-23,0.0
423,2015-09-24,0.0
424,2015-09-25,0.0
425,2015-09-28,0.0
426,2015-09-29,0.0
427,2015-09-30,0.0
428,2015-10-08,0.0
429,2015-10-09,0.0
430,2015-10-12,0.0
431,2015-10-13,0.0
432,2015-10-14,0.0
433,2015-10-15,0.0
434,2015-10-16,0.0
435,2015-10-19,0.0
436,2015-10-20,0.0
437,2015-10-21,0.0
438,2015-10-22,0.0
439,2015-10-23,0.0
440,2015-10-26,0.0
441,2015-10-27,0.0
442,2015-10-28,0.0
443,2015-10-29,0.0
444,2015-10-30,0.0
445,2015-11-02,0.0
446,2015-11-03,0.0
447,2015-11-04,0.0
448,2015-11-05,0.0
449,2015-11-06,0.0
450,2015-11-09,0.0
451,2015-11-10,0.0
452,2015-11-11,0.0
453,2015-11-12,0.0
454,2015-11-13,0.0
455,2015-11-16,0.0
456,2015-11-17,0.0
457,2015-11-18,0.0
458,2015-11-19,0.0
459,2015-11-20,0.0
460,2015-11-23,0.0
461,2015-11-24,0.0
462,2015-11-25,0.0
463,2015-11-26,0.0
464,2015-11-27,0.0
465,2015-11-30,0.0
466,2015-12-01,0.0
467,2015-12-02,0.0
468,2015-12-03,0.0
469,2015-12-04,0.0
470,2015-12-07,0.0
471,2015-12-08,0.0
472,2015-12-09,0.0
473,2015-12-10,0.0
474,2015-12-11,0.0
475,2015-12-14,0.0
476,2015-12-15,0.0
477,2015-12-16,0.0
478,2015-12-17,0.0
479,2015-12-18,411.0228349266531
480,2015-12-21,411.0281670461782
481,2015-12-22,415.53015619514775
482,2015-12-23,415.53544825535477
483,2015-12-24,426.9057298010768
484,2015-12-25,0.0
485,2015-12-28,0.0
486,2015-12-29,341.3779295754453
487,2015-12-30,341.38208206903454
488,2015-12-31,342.161143433894
489,2016-01-04,339.83511695196165
490,2016-01-05,338.2963003207864
491,2016-01-06,336.38044378735185
492,2016-01-07,0.0
493,2016-01-08,0.0
494,2016-01-11,0.0
495,2016-01-12,0.0
496,2016-01-13,0.0
497,2016-01-14,324.04507991319514
498,2016-01-15,324.04866991772104
499,2016-01-18,328.78095930192467
500,2016-01-19,333.9513845633357
501,2016-01-20,333.2052550503886
502,2016-01-21,335.82700199995173
503,2016-01-22,341.86207287326334
504,2016-01-25,339.94693696463895
505,2016-01-26,339.95046963401654
506,2016-01-27,341.09876531898624
507,2016-01-28,341.48513330521115
508,2016-01-29,343.78851207828484
509,2016-02-01,343.02014416264245
510,2016-02-02,343.79363833980995
511,2016-02-03,347.6561431141951
512,2016-02-04,349.2205248235594
513,2016-02-05,348.04788835799496
514,2016-02-15,353.5209831651999
515,2016-02-16,352.73080898613813
516,2016-02-17,349.5667022697589
517,2016-02-18,350.7472626258555
518,2016-02-19,359.41241118620906
519,2016-02-22,362.23993289358526
520,2016-02-23,362.2433386573066
521,2016-02-24,363.8731995985169
522,2016-02-25,366.73571564058034
523,2016-02-26,365.50407197310483
524,2016-02-29,367.9690712475537
525,2016-03-01,370.03761387599013
526,2016-03-02,369.2101568027109
527,2016-03-03,370.87117129361167
528,2016-03-04,388.7755814871853
529,2016-03-07,387.9061267128222
530,2016-03-08,366.13802413254854
531,2016-03-09,380.11489940416027
532,2016-03-10,374.99789607599007
533,2016-03-11,375.0010108911253
534,2016-03-14,379.6344595529342
535,2016-03-15,376.22840871970794
536,2016-03-16,386.7894415986847
537,2016-03-17,395.4760279848707
538,2016-03-18,398.58663938729904
539,2016-03-21,396.3526833741097
540,2016-03-22,388.79230699696615
541,2016-03-23,384.86749803468683
542,2016-03-24,384.8704358103349
543,2016-03-25,384.00930566997124
544,2016-03-28,375.39110924865133
545,2016-03-29,0.0
546,2016-03-30,0.0
547,2016-03-31,0.0
548,2016-04-01,0.0
549,2016-04-05,0.0
550,2016-04-06,0.0
551,2016-04-07,0.0
552,2016-04-08,0.0
553,2016-04-11,0.0
554,2016-04-12,0.0
555,2016-04-13,0.0
556,2016-04-14,0.0
557,2016-04-15,0.0
558,2016-04-18,0.0
559,2016-04-19,0.0
560,2016-04-20,0.0
561,2016-04-21,0.0
562,2016-04-22,0.0
563,2016-04-25,0.0
564,2016-04-26,0.0
565,2016-04-27,0.0
566,2016-04-28,0.0
567,2016-04-29,0.0
568,2016-05-03,0.0
569,2016-05-04,0.0
570,2016-05-05,0.0
571,2016-05-06,0.0
572,2016-05-09,0.0
573,2016-05-10,0.0
574,2016-05-11,308.2313691296485
575,2016-05-12,308.2331287869791
576,2016-05-13,0.0
577,2016-05-16,0.0
578,2016-05-17,0.0
579,2016-05-18,0.0
580,2016-05-19,349.56307191085534
581,2016-05-20,349.56496033498144
582,2016-05-23,347.7447144314541
583,2016-05-24,346.2964557793458
584,2016-05-25,345.9372599230069
585,2016-05-26,343.0539298245395
586,2016-05-27,341.2675224169182
587,2016-05-30,346.25009260858974
588,2016-05-31,347.695717473347
589,2016-06-01,352.04715877586
590,2016-06-02,350.580866714055
591,2016-06-03,348.7551837706458
592,2016-06-06,349.4840461918299
593,2016-06-07,349.85007754620733
594,2016-06-08,344.01622923054913
595,2016-06-13,341.1487822021314
596,2016-06-14,0.0
597,2016-06-15,0.0
598,2016-06-16,0.0
599,2016-06-17,0.0
600,2016-06-20,397.5470255914568
601,2016-06-21,397.54884247352334
602,2016-06-22,404.87054387234775
603,2016-06-23,416.30291930087657
604,2016-06-24,420.3928828214451
605,2016-06-27,436.39180520218736
606,2016-06-28,441.2147693409402
607,2016-06-29,437.4255231213593
608,2016-06-30,439.0382239389451
609,2016-07-01,448.2017571601865
610,2016-07-04,452.6050026913311
611,2016-07-05,434.2729160672391
612,2016-07-06,447.0684431034522
613,2016-07-07,432.2532467406727
614,2016-07-08,432.2550002133484
615,2016-07-11,435.44030868208125
616,2016-07-12,450.94269137512504
617,2016-07-13,438.21318165791206
618,2016-07-14,441.98025735276354
619,2016-07-15,442.524503562355
620,2016-07-18,441.43980172277116
621,2016-07-19,437.64839634160495
622,2016-07-20,432.2778931448803
623,2016-07-21,442.89197132052027
624,2016-07-22,435.28248563317925
625,2016-07-25,429.40666067119446
626,2016-07-26,429.9353219450034
627,2016-07-27,425.71489245654357
628,2016-07-28,436.1677520725346
629,2016-07-29,429.20912559790236
630,2016-08-01,437.1134732329667
631,2016-08-02,436.0418768542804
632,2016-08-03,452.1006780305027
633,2016-08-04,457.65177801118864
634,2016-08-05,447.5414779778841
635,2016-08-08,467.869263834399
636,2016-08-09,468.445132110272
637,2016-08-10,462.69649408603294
638,2016-08-11,468.94558637628484
639,2016-08-12,459.16135196230834
640,2016-08-15,464.7990501134817
641,2016-08-16,461.94781623435006
642,2016-08-17,464.2174444808967
643,2016-08-18,464.21889603452547
644,2016-08-19,461.941012953716
645,2016-08-22,467.04574106533636
646,2016-08-23,465.9005624288825
647,2016-08-24,453.3202859544244
648,2016-08-25,453.32164215169274
649,2016-08-26,449.98426265223765
650,2016-08-29,446.6714415102961
651,2016-08-30,450.5107785029489
652,2016-08-31,440.00501166509645
653,2016-09-01,441.6265944361869
654,2016-09-02,444.33833861539597
655,2016-09-05,444.8850154023483
656,2016-09-06,453.07772414369884
657,2016-09-07,454.1912854078707
658,2016-09-08,456.98013657068446
659,2016-09-09,463.1517688691903
660,2016-09-12,467.1326582160143
661,2016-09-13,462.54665010425407
662,2016-09-14,473.3356467591982
663,2016-09-19,493.0916239263795
664,2016-09-20,496.72455553012037
665,2016-09-21,502.21343449695433
666,2016-09-22,504.6806115671392
667,2016-09-23,500.3454297001827
668,2016-09-26,501.5750556911176
669,2016-09-27,496.650842795324
670,2016-09-28,502.7484901495677
671,2016-09-29,497.19560950999846
672,2016-09-30,513.6751778706446
673,2016-10-10,533.2231542299189
674,2016-10-11,540.4243567158572
675,2016-10-12,542.4158182896963
676,2016-10-13,545.0804225774611
677,2016-10-14,549.7653674129049
678,2016-10-17,567.3125001085098
679,2016-10-18,567.3138581282648
680,2016-10-19,582.6355503794639
681,2016-10-20,581.2065452182181
682,2016-10-21,584.0616282443456
683,2016-10-24,604.1372187724957
684,2016-10-25,613.7791397298581
685,2016-10-26,617.547605855873
686,2016-10-27,625.1294032653667
687,2016-10-28,666.5675851640432
688,2016-10-31,697.6611641082809
689,2016-11-01,695.9499218323062
690,2016-11-02,692.5343020896003
691,2016-11-03,721.4387634312726
692,2016-11-04,709.0423399247915
693,2016-11-07,711.6548815144228
694,2016-11-08,770.1847590906194
695,2016-11-09,804.2208798356625
696,2016-11-10,786.4532241531152
697,2016-11-11,773.9049612845778
698,2016-11-14,807.1554697893204
699,2016-11-15,821.028065762158
700,2016-11-16,796.8421456097242
701,2016-11-17,759.6749235763817
702,2016-11-18,0.0
703,2016-11-21,0.0
704,2016-11-22,0.0
705,2016-11-23,0.0
706,2016-11-24,0.0
707,2016-11-25,0.0
708,2016-11-28,0.0
709,2016-11-29,0.0
710,2016-11-30,0.0
711,2016-12-01,0.0
712,2016-12-02,0.0
713,2016-12-05,0.0
714,2016-12-06,0.0
715,2016-12-07,0.0
716,2016-12-08,0.0
717,2016-12-09,0.0
718,2016-12-12,0.0
719,2016-12-13,0.0
720,2016-12-14,0.0
721,2016-12-15,0.0
722,2016-12-16,0.0
723,2016-12-19,0.0
724,2016-12-20,0.0
725,2016-12-21,0.0
726,2016-12-22,0.0
727,2016-12-23,0.0
728,2016-12-26,0.0
729,2016-12-27,0.0
730,2016-12-28,0.0
731,2016-12-29,0.0
732,2016-12-30,0.0
733,2017-01-03,0.0
734,2017-01-04,0.0
735,2017-01-05,0.0
736,2017-01-06,0.0
737,2017-01-09,0.0
738,2017-01-10,0.0
739,2017-01-11,0.0
740,2017-01-12,0.0
741,2017-01-13,0.0
742,2017-01-16,0.0
743,2017-01-17,0.0
744,2017-01-18,0.0
745,2017-01-19,0.0
746,2017-01-20,0.0
747,2017-01-23,0.0
748,2017-01-24,0.0
749,2017-01-25,0.0
750,2017-01-26,0.0
751,2017-02-03,0.0
752,2017-02-06,0.0
753,2017-02-07,0.0
754,2017-02-08,0.0
755,2017-02-09,0.0
756,2017-02-10,0.0
757,2017-02-13,0.0
758,2017-02-14,410.1896894585083
759,2017-02-15,0.0
760,2017-02-16,412.7003205236717
761,2017-02-17,412.7008080373554
762,2017-02-20,0.0
763,2017-02-21,0.0
764,2017-02-22,0.0
765,2017-02-23,0.0
766,2017-02-24,0.0
767,2017-02-27,0.0
768,2017-02-28,0.0
769,2017-03-01,0.0
770,2017-03-02,0.0
771,2017-03-03,0.0
772,2017-03-06,373.831594087702
773,2017-03-07,373.8319886513634
774,2017-03-08,360.80525571356105
775,2017-03-09,0.0
776,2017-03-10,0.0
777,2017-03-13,0.0
778,2017-03-14,0.0
779,2017-03-15,0.0
780,2017-03-16,0.0
781,2017-03-17,0.0
782,2017-03-20,0.0
783,2017-03-21,0.0
784,2017-03-22,0.0
785,2017-03-23,0.0
786,2017-03-24,0.0
787,2017-03-27,0.0
788,2017-03-28,0.0
789,2017-03-29,0.0
790,2017-03-30,0.0
791,2017-03-31,0.0
792,2017-04-05,0.0
793,2017-04-06,0.0
794,2017-04-07,0.0
795,2017-04-10,0.0
796,2017-04-11,0.0
797,2017-04-12,0.0
798,2017-04-13,0.0
799,2017-04-14,0.0
800,2017-04-17,0.0
801,2017-04-18,0.0
802,2017-04-19,0.0
803,2017-04-20,0.0
804,2017-04-21,0.0
805,2017-04-24,0.0
806,2017-04-25,0.0
807,2017-04-26,0.0
808,2017-04-27,0.0
809,2017-04-28,0.0
810,2017-05-02,0.0
811,2017-05-03,0.0
812,2017-05-04,0.0
813,2017-05-05,0.0
814,2017-05-08,0.0
815,2017-05-09,0.0
816,2017-05-10,0.0
817,2017-05-11,0.0
818,2017-05-12,0.0
819,2017-05-15,0.0
820,2017-05-16,0.0
821,2017-05-17,0.0
822,2017-05-18,0.0
823,2017-05-19,0.0
824,2017-05-22,0.0
825,2017-05-23,0.0
826,2017-05-24,0.0
827,2017-05-25,0.0
828,2017-05-26,0.0
829,2017-05-31,0.0
830,2017-06-01,0.0
831,2017-06-02,0.0
832,2017-06-05,0.0
833,2017-06-06,0.0
834,2017-06-07,0.0
835,2017-06-08,0.0
836,2017-06-09,0.0
837,2017-06-12,0.0
838,2017-06-13,0.0
839,2017-06-14,0.0
840,2017-06-15,0.0
841,2017-06-16,0.0
842,2017-06-19,0.0
843,2017-06-20,0.0
844,2017-06-21,0.0
845,2017-06-22,0.0
846,2017-06-23,396.12595524560925
847,2017-06-26,396.1261746946267
848,2017-06-27,400.1332105954588
849,2017-06-28,399.84433183314985
850,2017-06-29,407.06673946942254
851,2017-06-30,412.3608626384927
852,2017-07-03,411.1693573342305
853,2017-07-04,408.79301281460624
854,2017-07-05,413.5188749187061
855,2017-07-06,418.8969035841805
856,2017-07-07,423.7395680043377
857,2017-07-10,425.8828462119135
858,2017-07-11,430.19086675622015
859,2017-07-12,423.0423800871916
860,2017-07-13,423.95953306214136
861,2017-07-14,423.3471179747899
862,2017-07-17,421.2062434709378
863,2017-07-18,427.59719997574103
864,2017-07-19,433.46724626063246
865,2017-07-20,430.96200827505714
866,2017-07-21,435.3213919013846
867,2017-07-24,439.41035105897316
868,2017-07-25,442.26781934283116
869,2017-07-26,437.4749403421993
870,2017-07-27,442.84842543206236
871,2017-07-28,439.00912523091256
872,2017-07-31,439.0093191343341
873,2017-08-01,440.91261754250365
874,2017-08-02,457.47790306290347
875,2017-08-03,454.83387636120193
876,2017-08-04,474.22250952979397
877,2017-08-07,471.48170257761035
878,2017-08-08,476.2509393830967
879,2017-08-09,473.8424968755768
880,2017-08-10,481.7167726841721
881,2017-08-11,467.4473081335003
882,2017-08-14,459.6796882168879
883,2017-08-15,0.0
884,2017-08-16,0.0
885,2017-08-17,0.0
886,2017-08-18,0.0
887,2017-08-21,0.0
888,2017-08-22,0.0
889,2017-08-23,0.0
890,2017-08-24,0.0
891,2017-08-25,0.0
892,2017-08-28,384.1049208144129
893,2017-08-29,384.10506164121256
894,2017-08-30,383.63851341648797
895,2017-08-31,392.02882893383264
896,2017-09-01,406.7947400438375
897,2017-09-04,397.15689625388137
898,2017-09-05,400.0523104058757
899,2017-09-06,402.2397363287234
900,2017-09-07,391.4880031664927
901,2017-09-08,382.92629142581546
902,2017-09-11,0.0
903,2017-09-12,0.0
904,2017-09-13,0.0
905,2017-09-14,0.0
906,2017-09-15,0.0
907,2017-09-18,0.0
908,2017-09-19,0.0
909,2017-09-20,0.0
910,2017-09-21,0.0
911,2017-09-22,0.0
912,2017-09-25,0.0
913,2017-09-26,0.0
914,2017-09-27,0.0
915,2017-09-28,0.0
916,2017-09-29,0.0
917,2017-10-09,0.0
918,2017-10-10,0.0
919,2017-10-11,0.0
920,2017-10-12,0.0
921,2017-10-13,0.0
922,2017-10-16,0.0
923,2017-10-17,0.0
924,2017-10-18,0.0
925,2017-10-19,0.0
926,2017-10-20,0.0
927,2017-10-23,0.0
928,2017-10-24,0.0
929,2017-10-25,0.0
930,2017-10-26,0.0
931,2017-10-27,0.0
932,2017-10-30,0.0
933,2017-10-31,0.0
934,2017-11-01,0.0
935,2017-11-02,0.0
936,2017-11-03,0.0
937,2017-11-06,0.0
938,2017-11-07,0.0
939,2017-11-08,0.0
940,2017-11-09,0.0
941,2017-11-10,0.0
942,2017-11-13,0.0
943,2017-11-14,0.0
944,2017-11-15,0.0
945,2017-11-16,0.0
946,2017-11-17,0.0
947,2017-11-20,0.0
948,2017-11-21,0.0
949,2017-11-22,0.0
950,2017-11-23,0.0
951,2017-11-24,0.0
952,2017-11-27,0.0
953,2017-11-28,0.0
954,2017-11-29,0.0
955,2017-11-30,0.0
956,2017-12-01,0.0
957,2017-12-04,0.0
958,2017-12-05,0.0
959,2017-12-06,0.0
960,2017-12-07,0.0
961,2017-12-08,0.0
962,2017-12-11,0.0
963,2017-12-12,0.0
964,2017-12-13,0.0
965,2017-12-14,0.0
966,2017-12-15,0.0
967,2017-12-18,349.2174164851835
968,2017-12-19,349.21748456630553
969,2017-12-20,347.14319978934566
970,2017-12-21,343.20666164144615
971,2017-12-22,344.6893798615848
972,2017-12-25,343.0142540277532
973,2017-12-26,347.8302390389289
974,2017-12-27,343.8859077150083
975,2017-12-28,345.18585971451455
976,2017-12-29,345.74512362372235
977,2018-01-02,350.97285360319415
978,2018-01-03,350.78339137356545
979,2018-01-04,352.10941538165935
980,2018-01-05,351.5390602609065
981,2018-01-08,352.86793972420907
982,2018-01-09,352.1058061114172
983,2018-01-10,349.8242206924506
984,2018-01-11,348.6908496976736
985,2018-01-12,353.0216497392228
986,2018-01-15,351.87791856509216
987,2018-01-16,345.03746914405326
988,2018-01-17,342.2427219958038
989,2018-01-18,344.0908888530311
990,2018-01-19,347.2496993892636
991,2018-01-22,347.062240205423
992,2018-01-23,348.74901812706713
993,2018-01-24,353.26886106299224
994,2018-01-25,352.50585537792875
995,2018-01-26,356.69368016167135
996,2018-01-29,353.6119010315761
997,2018-01-30,351.1295989015151
998,2018-01-31,354.9218520907726
999,2018-02-01,348.7888546244955
1000,2018-02-02,348.0355222706302
1001,2018-02-05,349.72702628061626
1002,2018-02-06,349.1605193405329
1003,2018-02-07,349.9147565718282
1004,2018-02-08,348.5921286736115
1005,2018-02-09,347.83921901762744
1006,2018-02-12,345.021769861454
1007,2018-02-13,344.27657083209664
1008,2018-02-14,342.23161529668283
1009,2018-02-22,342.786079367785
1010,2018-02-23,344.6371728570879
1011,2018-02-26,345.56774156209934
1012,2018-02-27,342.3954771442181
1013,2018-02-28,346.27828939757137
1014,2018-03-01,350.2051328354929
1015,2018-03-02,350.7725124224509
1016,2018-03-05,346.4159640713023
1017,2018-03-06,343.4229755719228
1018,2018-03-07,343.05212372098754
1019,2018-03-08,0.0
1020,2018-03-09,0.0
1021,2018-03-12,0.0
1022,2018-03-13,0.0
1023,2018-03-14,0.0
1024,2018-03-15,0.0
1025,2018-03-16,0.0
1026,2018-03-19,0.0
1027,2018-03-20,0.0
1028,2018-03-21,0.0
1029,2018-03-22,0.0
1030,2018-03-23,0.0
1031,2018-03-26,0.0
1032,2018-03-27,0.0
1033,2018-03-28,0.0
1034,2018-03-29,0.0
1035,2018-03-30,0.0
1036,2018-04-02,0.0
1037,2018-04-03,0.0
1038,2018-04-04,0.0
1039,2018-04-09,505.9068177205272
1040,2018-04-10,0.0
1041,2018-04-11,0.0
1042,2018-04-12,0.0
1043,2018-04-13,0.0
1044,2018-04-16,0.0
1045,2018-04-17,0.0
1046,2018-04-18,0.0
1047,2018-04-19,0.0
1048,2018-04-20,0.0
1049,2018-04-23,0.0
1050,2018-04-24,531.42354494039
1051,2018-04-25,0.0
1052,2018-04-26,557.8516972390748
1053,2018-04-27,557.8517510978666
1054,2018-05-02,559.3496374127291
1055,2018-05-03,561.8527811344997
1056,2018-05-04,562.3556930093101
1057,2018-05-07,571.4152972137176
1058,2018-05-08,568.8582670050548
1059,2018-05-09,566.8218069699828
1060,2018-05-10,564.2853312218876
1061,2018-05-11,560.2450992383846
1062,2018-05-14,557.2366332984268
1063,2018-05-15,556.7379562437055
1064,2018-05-16,560.2259691193317
1065,2018-05-17,0.0
1066,2018-05-18,0.0
1067,2018-05-21,603.2560936724872
1068,2018-05-22,603.2561451140579
1069,2018-05-23,593.7488784314236
1070,2018-05-24,594.9186135225698
1071,2018-05-25,590.2307038020718
1072,2018-05-28,591.9748841797509
1073,2018-05-29,593.7242183067636
1074,2018-05-30,600.7420870347815
1075,2018-05-31,600.1504040559325
1076,2018-06-01,616.7026010493236
1077,2018-06-04,616.7026494529168
1078,2018-06-05,624.5995754555382
1079,2018-06-06,622.7539317017495
1080,2018-06-07,635.0222326481361
1081,2018-06-08,646.9067226825596
1082,2018-06-11,646.269568018939
1083,2018-06-12,644.3598893222951
1084,2018-06-13,632.3007405488413
1085,2018-06-14,619.8444611850807
1086,2018-06-15,608.8546629098711
1087,2018-06-19,602.8574880171481
1088,2018-06-20,617.1090831919896
1089,2018-06-21,614.6777169860967
1090,2018-06-22,616.4941329511609
1091,2018-06-25,600.0985132601318
1092,2018-06-26,609.5561078755252
1093,2018-06-27,608.3553239245297
1094,2018-06-28,608.9545951625287
1095,2018-06-29,617.951940779137
1096,2018-07-02,614.9085683651094
1097,2018-07-03,618.542718767228
1098,2018-07-04,619.1520237789401
1099,2018-07-05,605.7350386233285
1100,2018-07-06,604.54177936615
1101,2018-07-09,614.0693968333635
1102,2018-07-10,608.6257099600731
1103,2018-07-11,618.2176897319969
1104,2018-07-12,624.9161170502307
1105,2018-07-13,623.6850705266688
1106,2018-07-16,0.0
1107,2018-07-17,0.0
1108,2018-07-18,0.0
1109,2018-07-19,0.0
1110,2018-07-20,585.8917085248142
1111,2018-07-23,585.8917425475066
1112,2018-07-24,0.0
1113,2018-07-25,589.5942245941701
1114,2018-07-26,589.5942579236134
1115,2018-07-27,595.7879789827405
1116,2018-07-30,603.1847202351854
1117,2018-07-31,600.3045462331995
1118,2018-08-01,600.8778698498521
1119,2018-08-02,604.3209327144067
1120,2018-08-03,622.789013788394
1121,2018-08-06,618.0309385450169
1122,2018-08-07,619.8016298086493
1123,2018-08-08,640.51853270207
1124,2018-08-09,640.5185658239116
1125,2018-08-10,638.0718176065295
1126,2018-08-13,644.1654361898705
1127,2018-08-14,636.1681543336884
1128,2018-08-15,627.0550768200698
1129,2018-08-16,643.8225614256344
1130,2018-08-17,629.0661791655522
1131,2018-08-20,632.0700008939212
1132,2018-08-21,616.3757324687962
1133,2018-08-22,624.6167058421245
1134,2018-08-23,606.1249569591243
1135,2018-08-24,599.1787930686603
1136,2018-08-27,601.4676840349593
1137,2018-08-28,594.0004901255816
1138,2018-08-29,594.5677877682609
1139,2018-08-30,596.2712514948122
1140,2018-08-31,0.0
1141,2018-09-03,0.0
1142,2018-09-04,0.0
1143,2018-09-05,0.0
1144,2018-09-06,0.0
1145,2018-09-07,0.0
1146,2018-09-10,0.0
1147,2018-09-11,0.0
1148,2018-09-12,0.0
1149,2018-09-13,531.8074137870803
1150,2018-09-14,531.8074356754555
1151,2018-09-17,519.6051352649763
1152,2018-09-18,521.8979140348428
1153,2018-09-19,521.897934962935
1154,2018-09-20,527.4248550612804
1155,2018-09-21,532.0794003767871
1156,2018-09-25,526.4447002585748
1157,2018-09-26,516.6883840205829
1158,2018-09-27,513.0405838814735
1159,2018-09-28,525.7178368741066
1160,2018-10-08,529.8933717529588
1161,2018-10-09,531.7639161912097
1162,2018-10-10,534.1103452030557
1163,2018-10-11,522.7979081941722
1164,2018-10-12,525.5661431380146
1165,2018-10-15,517.6813566110028
1166,2018-10-16,505.8031767926898
1167,2018-10-17,0.0
1168,2018-10-18,0.0
1169,2018-10-19,0.0
1170,2018-10-22,0.0
1171,2018-10-23,0.0
1172,2018-10-24,0.0
1173,2018-10-25,0.0
1174,2018-10-26,0.0
1175,2018-10-29,0.0
1176,2018-10-30,0.0
1177,2018-10-31,0.0
1178,2018-11-01,0.0
1179,2018-11-02,0.0
1180,2018-11-05,0.0
1181,2018-11-06,0.0
1182,2018-11-07,0.0
1183,2018-11-08,0.0
1184,2018-11-09,0.0
1185,2018-11-12,0.0
1186,2018-11-13,0.0
1187,2018-11-14,0.0
1188,2018-11-15,0.0
1189,2018-11-16,0.0
1190,2018-11-19,0.0
1191,2018-11-20,0.0
1192,2018-11-21,0.0
1193,2018-11-22,0.0
1194,2018-11-23,0.0
1195,2018-11-26,0.0
1196,2018-11-27,0.0
1197,2018-11-28,0.0
1198,2018-11-29,0.0
1199,2018-11-30,0.0
1200,2018-12-03,0.0
1201,2018-12-04,0.0
1202,2018-12-05,0.0
1203,2018-12-06,0.0
1204,2018-12-07,0.0
1205,2018-12-10,0.0
1206,2018-12-11,0.0
1207,2018-12-12,0.0
1208,2018-12-13,0.0
1209,2018-12-14,0.0
1210,2018-12-17,0.0
1211,2018-12-18,0.0
1212,2018-12-19,0.0
1213,2018-12-20,0.0
1214,2018-12-21,0.0
1215,2018-12-24,458.4745747144055
1216,2018-12-25,458.47458558608974
1217,2018-12-26,468.8407069854365
1218,2018-12-27,463.1618847117323
1219,2018-12-28,461.2918792534981
1220,2019-01-02,454.58701235820473
1221,2019-01-03,452.7516277272801
1222,2019-01-04,457.5043983847883
1223,2019-01-07,459.7210175959846
1224,2019-01-08,459.7210279029384
1225,2019-01-09,458.2361391636543
1226,2019-01-10,454.1658666568739
1227,2019-01-11,455.2660934020399
1228,2019-01-14,454.530848489019
1229,2019-01-15,454.53085822841155
1230,2019-01-16,459.6693393416429
1231,2019-01-17,464.1235450069024
1232,2019-01-18,467.121792849592
1233,2019-01-21,465.2357982266136
1234,2019-01-22,467.1141973299834
1235,2019-01-23,467.8685962564265
1236,2019-01-24,465.60178227483436
1237,2019-01-25,465.9777650051538
1238,2019-01-28,461.8387266339587
1239,2019-01-29,462.5846052372112
1240,2019-01-30,467.8141332800014
1241,2019-01-31,467.0586224400278
1242,2019-02-01,468.19008087988084
1243,2019-02-11,465.9217090976224
1244,2019-02-12,463.664327445264
1245,2019-02-13,458.04820211294145
1246,2019-02-14,462.11682409571364
1247,2019-02-15,459.8778767842194
1248,2019-02-18,457.2784256556557
1249,2019-02-19,460.23245282897625
1250,2019-02-20,462.09064985417933
1251,2019-02-21,460.2249672380244
1252,2019-02-22,462.083133880302
1253,2019-02-25,459.47121717785245
1254,2019-02-26,463.9235014856602
1255,2019-02-27,461.30118198368973
1256,2019-02-28,459.43868644332247
1257,2019-03-01,463.89065529865843
1258,2019-03-04,464.6398466287096
1259,2019-03-05,465.7654445238709
1260,2019-03-06,471.0309307555776
1261,2019-03-07,469.1291511490089
1262,2019-03-08,468.3715152614072
1263,2019-03-11,465.7240528482943
1264,2019-03-12,464.9719159973482
1265,2019-03-13,466.8492475630477
1266,2019-03-14,461.194543348271
1267,2019-03-15,0.0
1268,2019-03-18,0.0
1269,2019-03-19,0.0
1270,2019-03-20,0.0
1271,2019-03-21,0.0
1272,2019-03-22,566.1969412814724
1273,2019-03-25,566.1969496766136
1274,2019-03-26,566.1969579947165
1275,2019-03-27,570.8624292383654
1276,2019-03-28,573.8023790250394
1277,2019-03-29,577.939502437346
1278,2019-04-01,577.3442329254935
1279,2019-04-02,576.7495764582953
1280,2019-04-03,595.7592507816207
1281,2019-04-04,601.8955793570584
1282,2019-04-08,618.6343039314492
1283,2019-04-09,610.3507989228713
1284,2019-04-10,610.9794684986982
1285,2019-04-11,619.1604918684204
1286,2019-04-12,610.8699409827677
1287,2019-04-15,607.0947727240319
1288,2019-04-16,608.970703499604
1289,2019-04-17,608.9707113548837
1290,2019-04-18,602.0710808904971
1291,2019-04-19,606.4120210636711
1292,2019-04-22,611.4088637898266
1293,2019-04-23,608.2601157048224
1294,2019-04-24,628.3083768601371
1295,2019-04-25,625.0725963510854
1296,2019-04-26,623.7849543494773
1297,2019-04-29,622.4999648065078
1298,2019-04-30,638.5293464860496
1299,2019-05-06,647.7369474707382
1300,2019-05-07,643.7339408221372
1301,2019-05-08,639.755672635027
1302,2019-05-09,622.6230230169783
1303,2019-05-10,630.318650897248
1304,2019-05-13,613.4387244791668
1305,2019-05-14,615.3342571461457
1306,2019-05-15,621.6722070089072
1307,2019-05-16,627.4351153807897
1308,2019-05-17,615.8024751601753
1309,2019-05-20,613.2653756895701
1310,2019-05-21,624.6353225427408
1311,2019-05-22,617.558210986816
1312,2019-05-23,607.3808581478554
1313,2019-05-24,612.3856828898063
1314,2019-05-27,604.8166021808331
1315,2019-05-28,609.1773362006636
1316,2019-05-29,609.1773424603015
1317,2019-05-30,613.5695173459361
1318,2019-05-31,604.0898743961543
1319,2019-06-03,603.4676678563384
1320,2019-06-04,0.0
1321,2019-06-05,0.0
1322,2019-06-06,0.0
1323,2019-06-10,0.0
1324,2019-06-11,0.0
1325,2019-06-12,0.0
1326,2019-06-13,0.0
1327,2019-06-14,0.0
1328,2019-06-17,0.0
1329,2019-06-18,0.0
1330,2019-06-19,0.0
1331,2019-06-20,0.0
1332,2019-06-21,0.0
1333,2019-06-24,553.2679508089855
1334,2019-06-25,553.2679556582523
1335,2019-06-26,0.0
1336,2019-06-27,0.0
1337,2019-06-28,0.0
1338,2019-07-01,556.8384221453088
1339,2019-07-02,556.8384268064688
1340,2019-07-03,557.3924856643595
1341,2019-07-04,559.6109123566104
1342,2019-07-05,551.8155368414245
1343,2019-07-08,554.0117671488424
1344,2019-07-09,0.0
1345,2019-07-10,0.0
1346,2019-07-11,0.0
1347,2019-07-12,0.0
1348,2019-07-15,0.0
1349,2019-07-16,0.0
1350,2019-07-17,0.0
1351,2019-07-18,0.0
1352,2019-07-19,0.0
1353,2019-07-22,0.0
1354,2019-07-23,614.2414384572547
1355,2019-07-24,614.2414429026534
1356,2019-07-25,0.0
1357,2019-07-26,0.0
1358,2019-07-29,0.0
1359,2019-07-30,0.0
1360,2019-07-31,0.0
1361,2019-08-01,0.0
1362,2019-08-02,0.0
1363,2019-08-05,0.0
1364,2019-08-06,0.0
1365,2019-08-07,0.0
1366,2019-08-08,0.0
1367,2019-08-09,0.0
1368,2019-08-12,0.0
1369,2019-08-13,0.0
1370,2019-08-14,0.0
1371,2019-08-15,631.9264618259881
1372,2019-08-16,631.9264657540817
1373,2019-08-19,637.7907472857977
1374,2019-08-20,637.050913909257
1375,2019-08-21,637.7898968298615
1376,2019-08-22,626.6923563848892
1377,2019-08-23,0.0
1378,2019-08-26,0.0
1379,2019-08-27,0.0
1380,2019-08-28,0.0
1381,2019-08-29,0.0
1382,2019-08-30,0.0
1383,2019-09-02,0.0
1384,2019-09-03,0.0
1385,2019-09-04,0.0
1386,2019-09-05,0.0
1387,2019-09-06,0.0
1388,2019-09-09,0.0
1389,2019-09-10,0.0
1390,2019-09-11,0.0
1391,2019-09-12,0.0
1392,2019-09-16,0.0
1393,2019-09-17,0.0
1394,2019-09-18,0.0
1395,2019-09-19,0.0
1396,2019-09-20,0.0
1397,2019-09-23,0.0
1398,2019-09-24,0.0
1399,2019-09-25,0.0
1400,2019-09-26,0.0
1401,2019-09-27,0.0
1402,2019-09-30,0.0
1403,2019-10-08,0.0
1404,2019-10-09,0.0
1405,2019-10-10,0.0
1406,2019-10-11,0.0
1407,2019-10-14,0.0
1408,2019-10-15,0.0
1409,2019-10-16,0.0
1410,2019-10-17,0.0
1411,2019-10-18,0.0
1412,2019-10-21,0.0
1413,2019-10-22,0.0
1414,2019-10-23,0.0
1415,2019-10-24,0.0
1416,2019-10-25,0.0
1417,2019-10-28,0.0
1418,2019-10-29,0.0
1419,2019-10-30,0.0
1420,2019-10-31,0.0
1421,2019-11-01,0.0
1422,2019-11-04,0.0
1423,2019-11-05,0.0
1424,2019-11-06,0.0
1425,2019-11-07,0.0
1426,2019-11-08,0.0
1427,2019-11-11,0.0
1428,2019-11-12,736.1376743596193
1429,2019-11-13,736.1376772253427
1430,2019-11-14,746.4252041438368
1431,2019-11-15,750.5977239039878
1432,2019-11-18,731.7164409305485
1433,2019-11-19,737.8518860569501
1434,2019-11-20,747.1322209323974
1435,2019-11-21,746.0881064031585
1436,2019-11-22,747.1307672602643
1437,2019-11-25,760.7042682272953
1438,2019-11-26,763.8935236112135
1439,2019-11-27,768.1636911380057
1440,2019-11-28,796.0749216589703
1441,2019-11-29,807.2000715061732
1442,2019-12-02,813.9684469208112
1443,2019-12-03,788.9429897241943
1444,2019-12-04,763.5843922705153
1445,2019-12-05,766.7857224161306
1446,2019-12-06,772.1436402272567
1447,2019-12-09,773.2227135207042
1448,2019-12-10,772.1421373083648
1449,2019-12-11,784.0118948598592
1450,2019-12-12,763.1944214775767
1451,2019-12-13,766.3941165338864
1452,2019-12-16,774.9624052062844
1453,2019-12-17,767.381337881328
1454,2019-12-18,769.5261711099399
1455,2019-12-19,779.2048889248425
1456,2019-12-20,777.0270136301169
1457,2019-12-23,754.2232156274567
1458,2019-12-24,761.6014065160649
1459,2019-12-25,753.0867050274435
1460,2019-12-26,757.2964619373647
1461,2019-12-27,755.1798205291758
1462,2019-12-30,762.5673693283165
1463,2019-12-31,758.3046199068978
1464,2020-01-02,754.0656992405195
1465,2020-01-03,753.0118945624225
1466,2020-01-06,762.4829038104044
1467,2020-01-07,757.1550566301534
1468,2020-01-08,764.5619280833909
1469,2020-01-09,757.0826030943676
1470,2020-01-10,779.3010869029529
1471,2020-01-13,759.6977701046571
1472,2020-01-14,751.2043510368392
1473,2020-01-15,750.154544937662
1474,2020-01-16,750.1545469014749
1475,2020-01-17,749.1062078658603
1476,2020-01-20,747.0124579359523
1477,2020-01-21,748.0564097526521
1478,2020-01-22,748.0564116425245
1479,2020-01-23,683.2410655666306
1480,2020-02-03,0.0
1481,2020-02-04,0.0
1482,2020-02-05,0.0
1483,2020-02-06,0.0
1484,2020-02-07,0.0
1485,2020-02-10,0.0
1486,2020-02-11,0.0
1487,2020-02-12,0.0
1488,2020-02-13,0.0
1489,2020-02-14,0.0
1490,2020-02-17,0.0
1491,2020-02-18,0.0
1492,2020-02-19,0.0
1493,2020-02-20,0.0
1494,2020-02-21,0.0
1495,2020-02-24,0.0
1496,2020-02-25,0.0
1497,2020-02-26,0.0
1498,2020-02-27,0.0
1499,2020-02-28,0.0
1500,2020-03-02,0.0
1501,2020-03-03,0.0
1502,2020-03-04,0.0
1503,2020-03-05,0.0
1504,2020-03-06,0.0
1505,2020-03-09,0.0
1506,2020-03-10,0.0
1507,2020-03-11,0.0
1508,2020-03-12,0.0
1509,2020-03-13,0.0
1510,2020-03-16,0.0
1511,2020-03-17,0.0
1512,2020-03-18,0.0
1513,2020-03-19,0.0
1514,2020-03-20,0.0
1515,2020-03-23,0.0
1516,2020-03-24,0.0
1517,2020-03-25,0.0
1518,2020-03-26,0.0
1519,2020-03-27,0.0
1520,2020-03-30,0.0
1521,2020-03-31,0.0
1522,2020-04-01,0.0
1523,2020-04-02,0.0
1524,2020-04-03,0.0
1525,2020-04-07,0.0
1526,2020-04-08,0.0
1527,2020-04-09,0.0
1528,2020-04-10,0.0
1529,2020-04-13,0.0
1530,2020-04-14,0.0
1531,2020-04-15,0.0
1532,2020-04-16,0.0
1533,2020-04-17,0.0
1534,2020-04-20,0.0
1535,2020-04-21,0.0
1536,2020-04-22,0.0
1537,2020-04-23,0.0
1538,2020-04-24,0.0
1539,2020-04-27,0.0
1540,2020-04-28,0.0
1541,2020-04-29,0.0
1542,2020-04-30,0.0
1543,2020-05-06,0.0
1544,2020-05-07,0.0
1545,2020-05-08,0.0
1546,2020-05-11,0.0
1547,2020-05-12,0.0
1548,2020-05-13,0.0
1549,2020-05-14,0.0
1550,2020-05-15,0.0
1551,2020-05-18,0.0
1552,2020-05-19,0.0
1553,2020-05-20,0.0
1554,2020-05-21,0.0
1555,2020-05-22,0.0
1556,2020-05-25,0.0
1557,2020-05-26,0.0
1558,2020-05-27,0.0
1559,2020-05-28,0.0
1560,2020-05-29,0.0
1561,2020-06-01,0.0
1562,2020-06-02,0.0
1563,2020-06-03,0.0
1564,2020-06-04,0.0
1565,2020-06-05,0.0
1566,2020-06-08,0.0
1567,2020-06-09,0.0
1568,2020-06-10,0.0
1569,2020-06-11,0.0
1570,2020-06-12,0.0
1571,2020-06-15,0.0
1572,2020-06-16,0.0
1573,2020-06-17,0.0
1574,2020-06-18,0.0
1575,2020-06-19,0.0
1576,2020-06-22,0.0
1577,2020-06-23,0.0
1578,2020-06-24,0.0
1579,2020-06-29,0.0
1580,2020-06-30,0.0
1581,2020-07-01,0.0
1582,2020-07-02,0.0
1583,2020-07-03,0.0
1584,2020-07-06,0.0
1585,2020-07-07,490.64024671975955
1586,2020-07-08,490.64024721889797
1587,2020-07-09,495.53438418437213
1588,2020-07-10,494.051498033082
1589,2020-07-13,508.34317324541473
1590,2020-07-14,504.793667533105
1591,2020-07-15,498.2477561333427
1592,2020-07-16,491.28972669177773
1593,2020-07-17,488.8394196460705
1594,2020-07-20,497.6165318960108
1595,2020-07-21,499.60202232603166
1596,2020-07-22,492.1267275235281
1597,2020-07-23,491.6358315647576
1598,2020-07-24,480.8468836790583
1599,2020-07-27,488.52120038350574
1600,2020-07-28,490.4704004117005
1601,2020-07-29,489.98115662153725
1602,2020-07-30,497.8012563183927
1603,2020-07-31,498.2978135052164
1604,2020-08-03,507.74180325353893
1605,2020-08-04,505.2094414415533
1606,2020-08-05,512.2646917251005
1607,2020-08-06,500.51205945523566
1608,2020-08-07,496.5179736337128
1609,2020-08-10,488.098270498091
1610,2020-08-11,488.0982708967437
1611,2020-08-12,489.0720273430406
1612,2020-08-13,487.12063034468
1613,2020-08-14,491.00785336515395
1614,2020-08-17,490.02829308374436
1615,2020-08-18,499.3155546982627
1616,2020-08-19,497.323286019837
1617,2020-08-20,499.30760631395935
1618,2020-08-21,493.330894641324
1619,2020-08-24,494.31509014847325
1620,2020-08-25,496.28740772866024
1621,2020-08-26,501.2378749916127
1622,2020-08-27,497.73798189447774
1623,2020-08-28,493.26953952052315
1624,2020-08-31,499.17397626815705
1625,2020-09-01,500.1698287079068
1626,2020-09-02,504.1611842977502
1627,2020-09-03,500.6408791795176
1628,2020-09-04,495.1475974769216
1629,2020-09-07,493.1719589027863
1630,2020-09-08,486.7767518581434
1631,2020-09-09,486.77675218763915
1632,2020-09-10,495.5168291056226
1633,2020-09-11,495.02255139778674
1634,2020-09-14,487.1219917985697
1635,2020-09-15,489.55151305252
1636,2020-09-16,493.4581344462533
1637,2020-09-17,499.36482863613486
1638,2020-09-18,498.86671253700064
1639,2020-09-21,503.34528876627394
1640,2020-09-22,497.82233289652436
1641,2020-09-23,498.8154887597826
1642,2020-09-24,486.87384625796363
1643,2020-09-25,490.2734431880063
1644,2020-09-28,491.2515390036961
1645,2020-09-29,492.2315861185372
1646,2020-09-30,497.6325974923871
1647,2020-10-09,508.5531451578859
1648,2020-10-12,519.2060624831324
1649,2020-10-13,516.6165225589724
1650,2020-10-14,522.2850976656582
1651,2020-10-15,518.638242278988
1652,2020-10-16,518.6382425838577
1653,2020-10-19,515.0168513548981
1654,2020-10-20,512.9619344138611
1655,2020-10-21,503.7517031692807
1656,2020-10-22,503.7517034543945
1657,2020-10-23,503.7517037368308
1658,2020-10-26,510.28410423845355
1659,2020-10-27,513.3381548847618
1660,2020-10-28,520.5069225014342
1661,2020-10-29,514.2764549167841
1662,2020-10-30,527.1012242932331
1663,2020-11-02,543.4005121894127
1664,2020-11-03,548.8209325866402
1665,2020-11-04,543.893892947241
1666,2020-11-05,541.1812224350404
1667,2020-11-06,547.1193336775287
1668,2020-11-09,570.5866499858955
1669,2020-11-10,538.1445198039993
1670,2020-11-11,537.6077209124143
1671,2020-11-12,538.680248580619
1672,2020-11-13,567.1589268988779
1673,2020-11-16,587.5256042475306
1674,2020-11-17,589.2837749001883
1675,2020-11-18,588.1081540480634
1676,2020-11-19,578.7219481812914
1677,2020-11-20,572.3719218712617
1678,2020-11-23,583.7907419818112
1679,2020-11-24,579.7144233908177
1680,2020-11-25,566.9925906262224
1681,2020-11-26,568.6893162088078
1682,2020-11-27,594.7836257474613
1683,2020-11-30,579.9512093358568
1684,2020-12-01,618.1322974722997
1685,2020-12-02,603.334210531779
1686,2020-12-03,610.5561212935391
1687,2020-12-04,625.7818648340873
1688,2020-12-07,636.3935610748626
1689,2020-12-08,623.0627072141162
1690,2020-12-09,658.4884953617074
1691,2020-12-10,671.6253411192628
1692,2020-12-11,693.7335685671396
1693,2020-12-14,628.685640763325
1694,2020-12-15,0.0
1695,2020-12-16,0.0
1696,2020-12-17,0.0
1697,2020-12-18,0.0
1698,2020-12-21,0.0
1699,2020-12-22,0.0
1700,2020-12-23,0.0
1701,2020-12-24,0.0
1702,2020-12-25,0.0
1703,2020-12-28,0.0
1704,2020-12-29,0.0
1705,2020-12-30,0.0
1706,2020-12-31,0.0
1707,2021-01-04,0.0
1708,2021-01-05,0.0
1709,2021-01-06,0.0
1710,2021-01-07,0.0
1711,2021-01-08,0.0
1712,2021-01-11,0.0
1713,2021-01-12,0.0
1714,2021-01-13,0.0
1715,2021-01-14,0.0
1716,2021-01-15,0.0
1717,2021-01-18,0.0
1718,2021-01-19,0.0
1719,2021-01-20,0.0
1720,2021-01-21,0.0
1721,2021-01-22,364.7478993882042
1722,2021-01-25,364.7478995021658
1723,2021-01-26,0.0
1724,2021-01-27,379.1753997319566
1725,2021-01-28,379.1753998473002
1726,2021-01-29,380.35558339400257
1727,2021-02-01,373.9627570378603
1728,2021-02-02,375.35950804657455
1729,2021-02-03,381.2010405024599
1730,2021-02-04,389.0318629901829
1731,2021-02-05,389.5162077719482
1732,2021-02-08,390.48610324093016
1733,2021-02-09,393.1599569442768
1734,2021-02-10,402.46015583883013
1735,2021-02-18,405.7170647674563
1736,2021-02-19,419.1026851470261
1737,2021-02-22,441.2784561002641
1738,2021-02-23,439.08088951248004
1739,2021-02-24,435.8009553893389
1740,2021-02-25,432.0029501824462
1741,2021-02-26,431.73402846408914
1742,2021-03-01,422.327623433402
1743,2021-03-02,426.00820878601456
1744,2021-03-03,435.2898627507295
1745,2021-03-04,426.0769529178908
1746,2021-03-05,430.85114528781526
1747,2021-03-08,441.84754375769916
1748,2021-03-09,440.74734348667306
1749,2021-03-10,434.1625782851919
1750,2021-03-11,444.97322659639883
1751,2021-03-12,451.0671350470233
1752,2021-03-15,468.476071239807
1753,2021-03-16,462.06029155718335
1754,2021-03-17,461.1973940744531
1755,2021-03-18,454.5942004939289
1756,2021-03-19,448.6515179146898
1757,2021-03-22,449.7686603002966
1758,2021-03-23,0.0
1759,2021-03-24,0.0
1760,2021-03-25,0.0
1761,2021-03-26,0.0
1762,2021-03-29,0.0
1763,2021-03-30,0.0
1764,2021-03-31,0.0
1765,2021-04-01,0.0
1766,2021-04-02,0.0
1767,2021-04-06,0.0
1768,2021-04-07,0.0
1769,2021-04-08,0.0
1770,2021-04-09,0.0
1771,2021-04-12,0.0
1772,2021-04-13,0.0
1773,2021-04-14,0.0
1774,2021-04-15,0.0
1775,2021-04-16,0.0
1776,2021-04-19,0.0
1777,2021-04-20,0.0
1778,2021-04-21,0.0
1779,2021-04-22,0.0
1780,2021-04-23,367.3648621216008
1781,2021-04-26,367.36486219159156
1782,2021-04-27,369.65721900145525
1783,2021-04-28,371.77165836369454
1784,2021-04-29,367.9052331849164
1785,2021-04-30,370.0096511867079
1786,2021-05-06,376.93623192718906
1787,2021-05-07,382.81643721594213
1788,2021-05-10,385.80240549679564
1789,2021-05-11,380.5863570434391
1790,2021-05-12,381.5758816402418
1791,2021-05-13,377.4090730798366
1792,2021-05-14,377.21282042827806
1793,2021-05-17,376.62436849412836
1794,2021-05-18,381.3246406788519
1795,2021-05-19,372.2033553375533
1796,2021-05-20,363.8808883739392
1797,2021-05-21,0.0
1798,2021-05-24,0.0
1799,2021-05-25,0.0
1800,2021-05-26,0.0
1801,2021-05-27,0.0
1802,2021-05-28,0.0
1803,2021-05-31,0.0
1804,2021-06-01,0.0
1805,2021-06-02,0.0
1806,2021-06-03,376.45991782040807
1807,2021-06-04,376.45991787806827
1808,2021-06-07,367.8032221222789
1809,2021-06-08,366.7963608568725
1810,2021-06-09,376.43576927627527
1811,2021-06-10,376.22967074813675
1812,2021-06-11,381.3793144222877
1813,2021-06-15,376.78560063511486
1814,2021-06-16,372.65979836209726
1815,2021-06-17,366.74289246619276
1816,2021-06-18,364.7349751817591
1817,2021-06-21,0.0
1818,2021-06-22,0.0
1819,2021-06-23,0.0
1820,2021-06-24,0.0
1821,2021-06-25,0.0
1822,2021-06-28,374.54878719357276
1823,2021-06-29,374.54878724345525
1824,2021-06-30,374.5487872928814
1825,2021-07-01,376.4702226209196
1826,2021-07-02,375.61187056200913
1827,2021-07-05,381.17843853267425
1828,2021-07-06,379.2229931912434
1829,2021-07-07,376.4129508591449
1830,2021-07-08,382.63505698464115
1831,2021-07-09,385.47038280460896
1832,2021-07-12,0.0
1833,2021-07-13,0.0
1834,2021-07-14,441.4562121588386
1835,2021-07-15,441.4562122115277
1836,2021-07-16,452.19573826758733
1837,2021-07-19,451.8984196226427
1838,2021-07-20,0.0
1839,2021-07-21,0.0
1840,2021-07-22,0.0
1841,2021-07-23,433.40443005296663
1842,2021-07-26,433.4044301015216
1843,2021-07-27,0.0
1844,2021-07-28,0.0
1845,2021-07-29,448.190730851086
1846,2021-07-30,448.1907308995232
1847,2021-08-02,437.9047536722819
1848,2021-08-03,430.21952529100173
1849,2021-08-04,438.0602761855164
1850,2021-08-05,446.3396154519615
1851,2021-08-06,448.74984942177576
1852,2021-08-09,445.72078798382995
1853,2021-08-10,453.8440493909055
1854,2021-08-11,461.19632303743913
1855,2021-08-12,460.8850155653474
1856,2021-08-13,459.95172345428665
1857,2021-08-16,459.95172349934336
1858,2021-08-17,468.3343437055909
1859,2021-08-18,460.11507601783717
1860,2021-08-19,456.07756626928386
1861,2021-08-20,458.5403851704904
1862,2021-08-23,460.70698853359414
1863,2021-08-24,464.1277379665668
1864,2021-08-25,470.0801762492676
1865,2021-08-26,462.14757331723615
1866,2021-08-27,460.27587568693644
1867,2021-08-30,469.90714842781875
1868,2021-08-31,464.5149639408939
1869,2021-09-01,462.94722597837784
1870,2021-09-02,472.94688610081135
1871,2021-09-03,477.41623421579004
1872,2021-09-06,480.3165378798646
1873,2021-09-07,493.9335117707704
1874,2021-09-08,503.93566542661665
1875,2021-09-09,508.017544359031
1876,2021-09-10,512.4753983532393
1877,2021-09-13,502.7896133656556
1878,2021-09-14,494.30503868035265
1879,2021-09-15,514.658048689551
1880,2021-09-16,518.8267789254439
1881,2021-09-17,514.9744901327639
1882,2021-09-22,536.178564806806
1883,2021-09-23,557.8937967256434
1884,2021-09-24,561.283001584785
1885,2021-09-27,613.9453792562125
1886,2021-09-28,638.8101671653151
1887,2021-09-29,660.3700103575786
1888,2021-09-30,714.751480764627
1889,2021-10-08,688.2163320949509
1890,2021-10-11,769.5118863831484
1891,2021-10-12,773.6672506288497
1892,2021-10-13,0.0
1893,2021-10-14,0.0
1894,2021-10-15,0.0
1895,2021-10-18,0.0
1896,2021-10-19,0.0
1897,2021-10-20,0.0
1898,2021-10-21,0.0
1899,2021-10-22,0.0
1900,2021-10-25,0.0
1901,2021-10-26,0.0
1902,2021-10-27,0.0
1903,2021-10-28,0.0
1904,2021-10-29,0.0
1905,2021-11-01,0.0
1906,2021-11-02,0.0
1907,2021-11-03,0.0
1908,2021-11-04,0.0
1909,2021-11-05,0.0
1910,2021-11-08,0.0
1911,2021-11-09,0.0
1912,2021-11-10,0.0
1913,2021-11-11,0.0
1914,2021-11-12,0.0
1915,2021-11-15,0.0
1916,2021-11-16,0.0
1917,2021-11-17,0.0
1918,2021-11-18,0.0
1919,2021-11-19,0.0
1920,2021-11-22,0.0
1921,2021-11-23,0.0
1922,2021-11-24,0.0
1923,2021-11-25,0.0
1924,2021-11-26,0.0
1925,2021-11-29,0.0
1926,2021-11-30,0.0
1927,2021-12-01,0.0
1928,2021-12-02,0.0
1929,2021-12-03,0.0
1930,2021-12-06,0.0
1931,2021-12-07,0.0
1932,2021-12-08,0.0
1933,2021-12-09,0.0
1934,2021-12-10,0.0
1935,2021-12-13,0.0
1936,2021-12-14,0.0
1937,2021-12-15,0.0
1938,2021-12-16,0.0
1939,2021-12-17,0.0
1940,2021-12-20,0.0
1941,2021-12-21,0.0
1942,2021-12-22,0.0
1943,2021-12-23,0.0
1944,2021-12-24,0.0
1945,2021-12-27,0.0
1946,2021-12-28,0.0
1947,2021-12-29,0.0
1948,2021-12-30,0.0
1949,2021-12-31,0.0
1950,2022-01-04,0.0
1951,2022-01-05,0.0
1952,2022-01-06,0.0
1953,2022-01-07,0.0
1954,2022-01-10,0.0
1955,2022-01-11,0.0
1956,2022-01-12,355.5637221556029
1957,2022-01-13,0.0
1958,2022-01-14,379.11772200678416
1959,2022-01-17,379.11772202243196
1960,2022-01-18,382.8141198278095
1961,2022-01-19,383.88906189184854
1962,2022-01-20,386.70373650917617
1963,2022-01-21,0.0
1964,2022-01-24,0.0
1965,2022-01-25,397.8453643377816
1966,2022-01-26,397.8453643532039
1967,2022-01-27,398.6559742983899
1968,2022-01-28,398.13612692306543
1969,2022-02-07,412.7377693941736
1970,2022-02-08,409.5421472305652
1971,2022-02-09,407.372597721302
1972,2022-02-10,419.32490975444244
1973,2022-02-11,404.90306814855853
1974,2022-02-14,0.0
1975,2022-02-15,0.0
1976,2022-02-16,0.0
1977,2022-02-17,0.0
1978,2022-02-18,0.0
1979,2022-02-21,0.0
1980,2022-02-22,0.0
1981,2022-02-23,0.0
1982,2022-02-24,0.0
1983,2022-02-25,0.0
1984,2022-02-28,0.0
1985,2022-03-01,0.0
1986,2022-03-02,0.0
1987,2022-03-03,0.0
1988,2022-03-04,0.0
1989,2022-03-07,0.0
1990,2022-03-08,0.0
1991,2022-03-09,0.0
1992,2022-03-10,0.0
1993,2022-03-11,0.0
1994,2022-03-14,0.0
1995,2022-03-15,0.0
1996,2022-03-16,0.0
1997,2022-03-17,0.0
1998,2022-03-18,0.0
1999,2022-03-21,0.0
2000,2022-03-22,0.0
2001,2022-03-23,0.0
2002,2022-03-24,0.0
2003,2022-03-25,0.0
2004,2022-03-28,0.0
2005,2022-03-29,451.8205264862145
2006,2022-03-30,451.8205264987634
2007,2022-03-31,448.465307281326
2008,2022-04-01,457.40232393730207
2009,2022-04-06,450.8669595452639
2010,2022-04-07,448.83264783600293
2011,2022-04-08,445.2042847228922
2012,2022-04-11,441.3960072831548
2013,2022-04-12,448.4910067160843
2014,2022-04-13,443.22123739878225
2015,2022-04-14,443.0129234287036
2016,2022-04-15,440.2644712630734
2017,2022-04-18,446.63773976045667
2018,2022-04-19,440.17221185079495
2019,2022-04-20,0.0
2020,2022-04-21,0.0
2021,2022-04-22,0.0
2022,2022-04-25,0.0
2023,2022-04-26,0.0
2024,2022-04-27,0.0
2025,2022-04-28,0.0
2026,2022-04-29,0.0
2027,2022-05-05,462.30485747403634
2028,2022-05-06,462.30485748492777
2029,2022-05-09,456.09795247897785
2030,2022-05-10,454.39944371444835
2031,2022-05-11,459.3424008736897
2032,2022-05-12,458.2170120019394
2033,2022-05-13,461.00113857721755
2034,2022-05-16,462.31130382333953
2035,2022-05-17,458.7773962270243
2036,2022-05-18,452.1232888820174
2037,2022-05-19,452.5663697149081
2038,2022-05-20,451.54628512724315
2039,2022-05-23,0.0
2040,2022-05-24,0.0
2041,2022-05-25,0.0
2042,2022-05-26,0.0
2043,2022-05-27,0.0
2044,2022-05-30,0.0
2045,2022-05-31,0.0
2046,2022-06-01,0.0
2047,2022-06-02,0.0
2048,2022-06-06,0.0
2049,2022-06-07,0.0
2050,2022-06-08,0.0
2051,2022-06-09,0.0
2052,2022-06-10,0.0
2053,2022-06-13,0.0
2054,2022-06-14,0.0
2055,2022-06-15,0.0
2056,2022-06-16,0.0
2057,2022-06-17,0.0
2058,2022-06-20,0.0
2059,2022-06-21,0.0
2060,2022-06-22,0.0
2061,2022-06-23,0.0
2062,2022-06-24,0.0
2063,2022-06-27,0.0
2064,2022-06-28,0.0
2065,2022-06-29,0.0
2066,2022-06-30,0.0
2067,2022-07-01,0.0
2068,2022-07-04,0.0
2069,2022-07-05,0.0
2070,2022-07-06,0.0
2071,2022-07-07,0.0
2072,2022-07-08,0.0
2073,2022-07-11,0.0
2074,2022-07-12,0.0
2075,2022-07-13,0.0
2076,2022-07-14,0.0
2077,2022-07-15,0.0
2078,2022-07-18,0.0
2079,2022-07-19,0.0
2080,2022-07-20,0.0
2081,2022-07-21,0.0
2082,2022-07-22,0.0
2083,2022-07-25,0.0
2084,2022-07-26,0.0
2085,2022-07-27,0.0
2086,2022-07-28,0.0
2087,2022-07-29,0.0
2088,2022-08-01,0.0
2089,2022-08-02,0.0
2090,2022-08-03,0.0
2091,2022-08-04,0.0
2092,2022-08-05,0.0
2093,2022-08-08,0.0
2094,2022-08-09,0.0
2095,2022-08-10,0.0
2096,2022-08-11,0.0
2097,2022-08-12,0.0
2098,2022-08-15,0.0
2099,2022-08-16,0.0
2100,2022-08-17,0.0
2101,2022-08-18,0.0
2102,2022-08-19,0.0
2103,2022-08-22,0.0
2104,2022-08-23,0.0
2105,2022-08-24,0.0
2106,2022-08-25,0.0
2107,2022-08-26,0.0
2108,2022-08-29,0.0
2109,2022-08-30,0.0
