,BNB-USDT,BTC-USDT-SWAP,ETH-USDT-SWAP
2020-01-01,,0.0,0.0
2020-01-02,,0.0,0.0
2020-01-03,,0.0,0.0
2020-01-04,,0.0,0.0
2020-01-05,,0.0,0.0
2020-01-06,,0.0,0.0
2020-01-07,,0.0,0.0
2020-01-08,,0.0,0.0
2020-01-09,,0.0,0.0
2020-01-10,,0.0,0.0
2020-01-11,,0.0,0.0
2020-01-12,,0.0,0.0
2020-01-13,,-0.1,-0.6121993589574388
2020-01-14,,7.634997164969123,5.112000000000006
2020-01-15,,3.7449013850330086,11.47135882374692
2020-01-16,,1.4927154259067146,-1.1501172232240748
2020-01-17,,13.180854439581635,17.83065248990812
2020-01-18,,-4.567967745039956,-6.402303759175727
2020-01-19,,19.88,18.446000000000023
2020-01-20,,-37.315711211499284,-25.57600000000001
2020-01-21,,1.2028262867935868,3.90527459672667
2020-01-22,,1.2775270897690676,2.4464667144819696
2020-01-23,,-8.343106148381782,-6.989999999999995
2020-01-24,,-7.373709971536752,-7.472993433736011
2020-01-25,,0.9784363706475339,2.537203811732344
2020-01-26,,0.49410935784626686,0.7312350166114802
2020-01-27,,0.0,1.7000000000000028
2020-01-28,,0.0,2.6699999999999875
2020-01-29,,-0.04009540629479894,3.598370546859342
2020-01-30,,-0.2568640380412762,-1.6971922943950783
2020-01-31,,0.2607729888604606,7.5240000000000045
2020-02-01,,0.6,-1.762465523535553
2020-02-02,,-1.5491952417969006,8.512000000000018
2020-02-03,,1.05,4.129147195088675
2020-02-04,,-9.24,-4.666679885455577
2020-02-05,,0.8259999999999491,7.258999999999969
2020-02-06,,27.475,30.634000000000015
2020-02-07,,8.707999999999975,14.770826582919799
2020-02-08,,2.765879347996101,13.52800000000001
2020-02-09,,24.574497350606727,7.865999999999975
2020-02-10,0.0,-19.549013758809927,-13.224000000000016
2020-02-11,0.0,-14.527738012036188,-3.400999999999985
2020-02-12,0.0,50.26961964518059,61.80700000000001
2020-02-13,0.0,-1.9440000000000328,16.56293628109401
2020-02-14,0.0,-9.170999999999967,7.118311303342308
2020-02-15,0.0,7.458699582883665,24.869999999999976
2020-02-16,0.0,-26.570000000000075,-17.639999999999986
2020-02-17,0.0,-18.899714540674523,-29.371713560206107
2020-02-18,0.0,-4.186600093039712,22.36829188847752
2020-02-19,0.0,20.64875833636764,18.78000000000004
2020-02-20,0.0,-17.388000000000012,-31.248000000000026
2020-02-21,-0.0013464263937670972,1.6352453244821985,2.233676613749536
2020-02-22,0.20299999999999585,-0.06586759605482176,1.0269236043114789
2020-02-23,-0.8549999999999969,-0.02140858535437359,6.591835995033522
2020-02-24,0.10700000000000287,1.3309999999999855,-1.8400000000000034
2020-02-25,1.3459999999999965,2.0090000000000146,-4.664999999999992
2020-02-26,1.9830000000000005,3.5639999999999965,-9.804022263680695
2020-02-27,0.6259122631426526,4.074807764154082,-3.252874171321035
2020-02-28,-0.23906343330518295,2.286544734259384,-0.4257746057085805
2020-02-29,-1.248000000000001,-1.9443126229811585,-0.4919286244985509
2020-03-01,-0.43799999999999173,12.822000000000044,1.8060000000000003
2020-03-02,-0.5610000000000035,-7.848920027247128,-0.43785212180628097
2020-03-03,-0.5160000000000018,-7.994000000000051,-1.5420000000000045
2020-03-04,-1.0949999999999953,-2.625,0.15600000000000308
2020-03-05,-2.3381300709434605,-7.340853563023994,-0.6509999999999962
2020-03-06,-0.9491371526865101,-11.623127561366868,-2.3880000000000026
2020-03-07,0.137000000000004,0.44178516790564915,-2.2910389619506306
2020-03-08,1.7269626116262335,11.366688953622452,2.990085932086876
2020-03-09,0.0,15.11199999999999,2.1810000000000005
2020-03-10,-0.0021914095733352704,1.2291489614142055,0.8302555030256802
2020-03-11,0.20693604188279227,4.015763027870204,0.1605594710313273
2020-03-12,6.308054930937819,26.699625842978882,11.478428900590812
2020-03-13,17.012000000000008,149.08599999999996,22.26868233218677
2020-03-14,-1.7360000000000042,-7.404000185542572,-1.8180000000000094
2020-03-15,1.259325324425478,4.904000000000015,3.459422393983517
2020-03-16,5.2199999999999935,13.075999999999986,9.024000000000001
2020-03-17,-4.615752802309985,-15.08,-4.567999999999995
2020-03-18,0.5512705507403776,4.632000000000008,3.231999999999994
2020-03-19,-2.9749999999999943,-9.595999999999986,-4.943999999999995
2020-03-20,-11.940000000000008,-47.72400000000002,-22.009561031160203
2020-03-21,6.644150571715388,19.476780862935406,14.03721057100972
2020-03-22,-1.2537442658011788,-3.8345360831192665,-1.2488273833061516
2020-03-23,2.1359999999999992,9.408698714858252,5.539999999999999
2020-03-24,-2.6999999999999993,-9.431000000000004,-9.080000000000005
2020-03-25,-0.42400000000000304,-0.6839999999999964,-0.0015229259977767487
2020-03-26,0.49108541929609417,1.630232626518763,1.8385379769532428
2020-03-27,-0.7780000000000022,0.0,-0.4364656858804995
2020-03-28,0.7590000000000021,0.0,1.4579999999999984
2020-03-29,0.44400000000000084,0.0,-0.006000000000000227
2020-03-30,-0.18900000000000183,0.0,-0.2799999999999955
2020-03-31,-0.657,0.0,-0.4860000000000014
2020-04-01,0.41600000000000037,0.0,0.23000000000000115
2020-04-02,-0.5210000000000008,0.0,-1.0680000000000007
2020-04-03,-0.6499490307521759,0.0,-1.3414941575679304
2020-04-04,0.0,0.0,0.20900000000000035
2020-04-05,0.0,0.0,-0.10648336568049806
2020-04-06,-0.0009920344852680963,0.0,0.0
2020-04-07,1.0679999999999996,0.0,-0.0018149166982220084
2020-04-08,-0.1821216587406112,-0.05207082856472254,-0.42803886426866905
2020-04-09,0.6000000000000014,0.7679999999999927,1.7999999999999972
2020-04-10,-4.908000000000001,-8.183999999999996,-7.2816393842823235
2020-04-11,0.0910323979159722,-0.8739999999999963,0.5143516845730782
2020-04-12,-0.4650000000000034,-1.0223773168615191,-0.7516327378491636
2020-04-13,0.3530611998689824,-1.2560000000000036,-1.8935748596238395
2020-04-14,2.9549539384669843,0.7892553340889561,1.1473958101189972
2020-04-15,-7.009578487875145e-05,0.0,0.4520000000000039
2020-04-16,0.21497075631228385,0.0,2.3779999999999974
2020-04-17,0.750968226134597,0.0,-0.011448626240765288
2020-04-18,0.7839578972117567,-0.02481510638037445,1.0822482686518538
2020-04-19,2.067870399794473,0.5489839672529134,4.724457673371206
2020-04-20,-0.12905580209472675,0.07,-0.33784112734861155
2020-04-21,-9.306000000000006,-5.8313492835073655,-9.174471277547598
2020-04-22,1.5630448660696419,2.5355035243101804,3.404731414298489
2020-04-23,1.5590067029623769,2.6301885518070884,4.448000000000002
2020-04-24,3.2349999999999834,4.742999999999993,6.255999999999995
2020-04-25,-0.5399999999999849,-0.09819925840205648,4.168000000000006
2020-04-26,0.3700000000000081,0.046594191388488804,0.17211027179346972
2020-04-27,0.8039720818775542,7.454177535604722,1.8599999999999852
2020-04-28,-0.5579999999999998,-0.9332356785050357,-1.759999999999991
2020-04-29,2.274000000000008,20.424000000000014,11.069999999999993
2020-04-30,4.205999999999982,94.40087683699079,11.657873542006161
2020-05-01,2.097838066819409,-32.60075522632857,-3.7331652855769986
2020-05-02,-3.1461138766342263,-1.6463078597472238,-3.015999999999991
2020-05-03,1.9700000000000273,17.892000000000024,4.506812261632071
2020-05-04,-9.080000000000013,-23.772000000000027,-18.346974732642146
2020-05-05,5.546884358342106,23.895038159619258,11.221826015519708
2020-05-06,-1.9319999999999986,0.5579999999999563,-2.4089999999999976
2020-05-07,-1.8979892707743846,17.61600000000002,-1.3089999999999975
2020-05-08,2.1819912468203,31.283999999999978,3.724994590718344
2020-05-09,0.8760000000000048,-10.58118424438832,2.4570000000000167
2020-05-10,-7.104912105268742,-61.026000000000074,-18.801000000000013
2020-05-11,-1.720404687275276,-12.470615696678005,-4.14370366624208
2020-05-12,-0.8247903745707097,3.335106864953016,0.632654126085707
2020-05-13,0.28000000000001357,3.130698228369902,-0.10183148876740447
2020-05-14,-2.865966483309048,7.032000000000007,-3.45
2020-05-15,1.0950565797226544,-0.037865777937225197,0.48708456613074147
2020-05-16,-0.09994535255570151,-3.6879999999999926,-0.0959199326645123
2020-05-17,-0.17999999999999972,1.351999999999971,-0.05192471861691186
2020-05-18,-0.4100000000000037,1.9520000000000073,0.0
2020-05-19,-0.5409662888113584,4.314000000000014,-0.006124147564161675
2020-05-20,-0.4909790607821828,-0.43200000000000727,-0.16605215648071994
2020-05-21,-0.7338856163249109,-8.14,-3.6400000000000006
2020-05-22,-0.21299999999999386,-5.694000000000015,-2.4250000000000114
2020-05-23,0.4400528405033368,1.9096135433646233,2.8510695048605634
2020-05-24,0.30799999999999983,0.7170000000000073,0.6600000000000051
2020-05-25,-0.8819999999999979,-4.415504398603442,-2.0160000000000085
2020-05-26,0.34107805339531777,0.0,0.13610403259712942
2020-05-27,-0.10600000000000165,-0.03058537157506885,0.07610954420572681
2020-05-28,0.17400000000000304,-2.6170000000000075,0.27099999999999796
2020-05-29,0.34299999999999997,-2.6010000000000035,1.3350000000000024
2020-05-30,0.5,-0.867659275484016,1.2626859305144253
2020-05-31,0.3780111949909605,-0.03268839853576891,1.3959972392222795
2020-06-01,-1.028861444123681,-0.003999999999996362,-0.05240828213939394
2020-06-02,3.876000000000026,5.658999999999996,11.357691973372471
2020-06-03,-4.872938383234275,-6.066023709056951,-12.929403540970037
2020-06-04,2.2110493711489783,3.978170168815061,9.108480818362706
2020-06-05,1.9480734116803045,3.887999999999993,2.9741761029009286
2020-06-06,-1.9769499652898945,-4.586000000000022,-8.262220173368027
2020-06-07,-1.088999999999988,1.1620000000000072,2.260531777641071
2020-06-08,-1.088999999999988,0.5220000000000072,1.648762837767314
2020-06-09,-0.6138459872641034,-0.09,-0.07200000000000273
2020-06-10,0.1591622104869382,1.1300000000000001,-0.09821635437822672
2020-06-11,0.22408394000225598,1.3220000000000074,3.715762171963008
2020-06-12,-2.808000000000007,-6.73,-9.600000000000023
2020-06-13,-0.26437795635949807,-0.6561476714511304,-0.09859950434145837
2020-06-14,-0.1486498837269404,-0.10612246934412048,-0.370288678756817
2020-06-15,3.3751670817424126,0.0,-4.8060391537868
2020-06-16,-2.244264885547683,-0.0315643049611349,2.6285408578064122
2020-06-17,-1.2900000000000134,-0.03100000000000364,-0.10900000000000035
2020-06-18,0.6899999999999906,0.5929999999999928,0.07700000000000103
2020-06-19,3.609175813392217,1.253000000000011,0.45900000000000035
2020-06-20,0.8910000000000018,0.24600000000000363,-0.0030000000000001137
2020-06-21,-0.9000000000000128,-0.7770000000000072,-0.15709037335629694
2020-06-22,-1.8360000000000056,-0.6420000000000073,-1.0360000000000014
2020-06-23,-0.9269999999999818,-1.86,-1.4261647782281779
2020-06-24,-0.1726567049286734,0.9260622172283359,-0.033475382494122775
2020-06-25,2.3581926326133495,0.0,-1.7061616366701737
2020-06-26,2.034000000000013,0.0,-1.8540336779706958
2020-06-27,-0.9315962046997575,-0.029783790475219594,0.14592379312954262
2020-06-28,5.015233469269896,1.1195896077643215,-0.8709227317605148
2020-06-29,-0.43657090675671245,-0.9237930982498505,-0.15488140335931436
2020-06-30,-1.7422918196276949,-2.0900000000000545,-1.5739813227537913
2020-07-01,-1.8367653442005918,-1.8800000000000183,-1.1269999999999898
2020-07-02,-5.68099999999999,-2.004999999999927,-0.840000000000012
2020-07-03,6.720707502031252,5.506145009324503,1.2840466196691163
2020-07-04,0.49200000000002575,0.8559999999999854,0.46000000000000796
2020-07-05,-0.20400000000001484,0.34,-0.3299999999999983
2020-07-06,-5.304000000000002,-4.935999999999986,-3.2570254585715843
2020-07-07,-6.136778835617197,-2.9131653513502744,-1.6421618535917641
2020-07-08,-4.235806603272032,-0.4971052390696139,-0.32329519766154197
2020-07-09,-0.10838672024921538,-2.3933743714393634,1.637655875797531
2020-07-10,-3.59239995713009,2.1871960078195887,-4.242152480139006
2020-07-11,9.501329605945793,1.8231099338708017,1.1160000000000083
2020-07-12,14.95235033634763,-0.1,-0.09206060521673509
2020-07-13,-1.6415518163955642,0.25800000000001094,3.5800000000000125
2020-07-14,1.825999999999965,-0.8439999999999964,-5.199999999999989
2020-07-15,-13.75,0.23599999999998544,0.9679637218578859
2020-07-16,-19.25162391949244,-0.9540729170379221,-6.195949226451192
2020-07-17,10.57081208073305,-0.05585015520864803,0.2211480036562081
2020-07-18,-3.5198164494193387,-0.9260626833446497,0.20404161389658954
2020-07-19,6.908567890334434,-0.10199999999998909,-0.001987056722991163
2020-07-20,1.2951270166368767,-0.7830000000000109,-0.3939999999999998
2020-07-21,-1.806704547646388,-3.6509999999999674,-0.2550294758543551
2020-07-22,-1.819999999999986,-0.22575781762710617,-0.006092891751936315
2020-07-23,4.906131454097733,-0.08633501123181789,6.596277857525679
2020-07-24,1.1159999999999997,-0.12880885134798864,3.709987278169716
2020-07-25,8.687053621257725,7.263274140726284,17.163403368956704
2020-07-26,1.7601664706474502,23.89660504834358,55.57300000000001
2020-07-27,-9.330742449917725,64.99635817532644,9.68120614218949
2020-07-28,6.20013531435277,111.61454575168578,-12.09885084745414
2020-07-29,4.283999999999992,70.10034944072595,14.518049530397475
2020-07-30,-2.663999999999973,-14.794987569883475,-6.287999999999943
2020-07-31,8.987034011565234,12.9,22.355999999999995
2020-08-01,5.896000000000015,65.78400000000009,22.54799999999996
2020-08-02,-3.7199505472574432,-47.182292420942645,22.148589575402283
2020-08-03,13.390000000000015,-9.329638113619703,7.0509999999999655
2020-08-04,3.833962591153626,4.05,10.603999999999985
2020-08-05,15.819999999999986,4.895999999999967,-0.9826955127775944
2020-08-06,-2.045081781065628,36.566999999999936,6.939999999999998
2020-08-07,-3.2099999999999795,11.889000000000033,-1.759999999999991
2020-08-08,-13.965000000000014,-22.850999999999967,-16.819999999999993
2020-08-09,9.341827974086502,9.495000000000001,15.516267781842542
2020-08-10,-0.6719999999999686,25.938000000000066,1.070999999999998
2020-08-11,-5.244000000000057,-23.283000000000065,-5.660999999999968
2020-08-12,-4.347011254316227,-26.34804637662328,-9.85499999999999
2020-08-13,-6.490937853181644,-0.08183334929265476,4.420835416669233
2020-08-14,2.593067788064698,13.10036568175702,27.659925726518047
2020-08-15,5.692929672842289,7.015999999999986,6.473999999999979
2020-08-16,0.013858609969758592,-0.6359999999999855,-4.08411271275085
2020-08-17,-0.16908215418510522,0.8040000000000146,1.3579999999999985
2020-08-18,1.133911051452059,15.435999999999986,1.2670000000000017
2020-08-19,-5.501999999999988,-18.80800000000003,-12.648999999999996
2020-08-20,-1.3199999999999932,-0.9507514159816289,-3.556836229155339
2020-08-21,3.9158780290010737,2.043000000000011,2.226050270636708
2020-08-22,-3.6000000000000085,-7.684199205909549,-7.824000000000002
2020-08-23,-1.2980089764586535,-0.032199501367044005,-1.2714638063677963
2020-08-24,1.441929691987847,2.012999999999993,3.088248983498008
2020-08-25,0.0,-1.8719999999999892,0.0
2020-08-26,0.0,-2.2590000000000146,0.0
2020-08-27,0.0,0.0316094192282758,-0.0036683864370924213
2020-08-28,0.0,-0.23299999999999274,-0.3770000000000039
2020-08-29,-0.001080595075464143,-1.3470000000000073,-1.4489999999999954
2020-08-30,-0.4611189258128429,-0.32399999999999635,-0.1160000000000025
2020-08-31,0.5940000000000119,-0.19399999999999637,-1.7140786146911857
2020-09-01,0.5759999999999899,-3.3610000000000038,-0.004609392672898145
2020-09-02,5.3118505391465805,1.909097614839796,0.7679683313414726
2020-09-03,-1.9353740482167652,-3.2819999999999894,-12.792442824267876
2020-09-04,-24.12200000000001,-9.755770638463044,-20.779147616323744
2020-09-05,-6.585549345888453,-0.09140922416424004,-9.11972693318833
2020-09-06,1.6729962908139129,2.3635377004163596,-2.399657867465099
2020-09-07,-0.4299999999999997,4.800081280808486,-0.007552259721259853
2020-09-08,0.09000000000000341,-2.3040000000000873,0.3262519855485204
2020-09-09,-2.946000000000005,1.3202009483480164,0.923294971010661
2020-09-10,-1.6803336542429688,-7.552999999999975,-9.203999999999997
2020-09-11,-0.0022575804237408943,-2.004195463432211,-0.4599976036139878
2020-09-12,6.023999999999994,-2.31030693668289,-0.7770000000000096
2020-09-13,9.83498662091266,-10.225,-5.6112307332519915
2020-09-14,-2.1377525475917034,8.904664474010326,4.456016553972554
2020-09-15,-12.686632251362441,-11.311999999999971,-0.6540000000000021
2020-09-16,-9.081100095310108,-10.15960186118731,0.65
2020-09-17,-1.621522628989745,0.4883806513974175,-1.4609999999999959
2020-09-18,2.2874364793547093,-0.9468458370288503,-0.8590000000000032
2020-09-19,-1.0459999999999994,-0.03176533458440893,0.7208415091721261
2020-09-20,0.3440000000000012,0.23899999999999635,0.0
2020-09-21,-3.048000000000002,-1.03,0.0
2020-09-22,-4.153355795734153,-3.9260000000000037,0.0
2020-09-23,-0.0033514635362648384,-0.1482676078599746,-0.00375468346255164
2020-09-24,-0.0013545297593277716,-0.02989911019414379,1.0233531672050664
2020-09-25,-0.6220000000000034,-2.9197456641130115,-2.5600000000000023
2020-09-26,-0.6319999999999979,-1.6300000000000001,-2.327999999999997
2020-09-27,-1.3390000000000022,0.7051247296868125,-0.4059999999999946
2020-09-28,-0.031512019891315045,-2.0489999999999964,-0.9500000000000001
2020-09-29,0.0,1.162889421084492,0.3600057967911745
2020-09-30,-0.0016208292924472945,0.0,0.0
2020-10-01,0.9619999999999997,0.0,-1.1710000000000036
2020-10-02,-2.5035485658241377,-0.060804928446602215,2.865143736960484
2020-10-03,1.6739999999999924,0.9529002886742262,-0.003938861441301547
2020-10-04,1.9540000000000077,-0.03080684586526184,-0.20399999999999638
2020-10-05,0.4259999999999948,-0.715,-0.24100000000000252
2020-10-06,0.6380000000000052,-0.6920000000000073,-0.18100000000000024
2020-10-07,-3.0360000000000014,1.2423573390371696,1.1910000000000025
2020-10-08,-1.4820000000000064,0.0,0.4529999999999973
2020-10-09,2.6563606606412664,0.0,-1.5430204323677519
2020-10-10,0.8720000000000034,-0.03285774436766113,-4.925999999999999
2020-10-11,-0.6716511803996564,-0.4033089826055375,0.6572073402639268
2020-10-12,3.60799999999999,0.5259145994283141,0.13269363090029085
2020-10-13,2.1601702535007523,7.5600000000000005,2.16400000000001
2020-10-14,-0.1038225612845291,-3.1712545046581075,-0.3644151381679644
2020-10-15,-1.5697951318737327,-6.16,-2.299313541488428
2020-10-16,-1.899999999999995,-2.9120000000000257,-2.619999999999982
2020-10-17,0.005000000000006111,0.6180953315445604,-0.8362142619304944
2020-10-18,2.909999999999986,6.737999999999957,2.0507069356394143
2020-10-19,-3.7400000000000055,1.956000000000022,0.4699999999999932
2020-10-20,-3.236717739274725,16.427999999999958,-0.17399999999998955
2020-10-21,-0.2977098215784441,25.320781820568644,0.5099999999999909
2020-10-22,4.0152067073797255,44.802197155758684,4.070000000000005
2020-10-23,0.12199999999999989,11.043000000000065,3.2345403420000522
2020-10-24,-0.48799999999999955,0.908999999999869,-1.7893579240396214
2020-10-25,-0.22000000000000597,7.839000000000033,-0.2580000000000041
2020-10-26,0.7040000000000077,2.709000000000033,-1.8720000000000028
2020-10-27,1.1239999999999952,6.9750000000000005,-7.391999999999996
2020-10-28,-0.40758179304455333,49.505045639086866,1.926000000000022
2020-10-29,-4.2520000000000095,-56.370000000000076,-6.376346303524414
2020-10-30,-8.505613401683167,11.46272942746873,-4.068519488620369
2020-10-31,1.9553952776638874,38.127999999999886,2.6162832644676963
2020-11-01,0.2853653982302628,0.3440000000000873,0.0076402796835953295
2020-11-02,-0.5836518744998744,-21.54400000000009,0.0
2020-11-03,5.13600000000001,3.976617649173192,0.0
2020-11-04,1.193958574748555,9.669327560013464,-0.0042485887231174715
2020-11-05,-3.6981265394308607,47.45399999999998,-1.949480296837598
2020-11-06,-9.688000000000027,63.87150794830928,-6.087763202569005
2020-11-07,-4.063352161250444,1.1854551024430102,-0.020976273216555617
2020-11-08,6.02178626761543,-31.38,-9.347916369655689
2020-11-09,-1.0619999999999976,24.409790487171026,7.658891290811641
2020-11-10,0.0883695760920067,-0.36999999999998184,2.310000000000008
2020-11-11,0.41799999999999926,-0.47000000000007275,5.313000000000023
2020-11-12,0.22999999999999687,20.440000000000055,2.660000000000008
2020-11-13,-0.45999999999999375,24.159999999999947,1.47699999999997
2020-11-14,1.1539999999999964,-16.454999999999927,-1.7639999999999874
2020-11-15,-0.7539999999999978,7.5,-1.4979999999999905
2020-11-16,0.563999999999993,5.15,-5.1921049895735845
2020-11-17,-1.8399999999999963,24.47999999999993,6.9907626772283304
2020-11-18,0.8464322519422263,74.925,7.139999999999986
2020-11-19,0.39000000000000057,-34.15,-4.724999999999994
2020-11-20,-0.4579999999999984,41.25326709028174,16.75
2020-11-21,-0.8030000000000008,17.991999999999972,7.7450000000000045
2020-11-22,-0.5202897208792989,-22.56,8.632920657805407
2020-11-23,1.1833658809986514,15.40800000000003,32.920999999999985
2020-11-24,8.322213805446696,2.02,27.545000000000016
2020-11-25,-9.040535308991354,19.215999999999912,-18.396301026119502
2020-11-26,-42.64965189197572,-88.62800000000003,-56.87399999999998
2020-11-27,0.09519206139199432,-2.1271422330896455,5.55233609246026
2020-11-28,0.1133585895147432,0.23500000000000001,-0.3768908845977335
2020-11-29,0.0,12.572338931616681,4.3089999999999975
2020-11-30,0.0,0.0,2.6110000000000015
2020-12-01,0.0,-0.06178412016379406,3.2279999999999975
2020-12-02,-0.0017934477096163775,-2.7490000000000148,-1.336445281926269
2020-12-03,-0.05000000000000071,1.865,1.9460000000000037
2020-12-04,0.10400000000000276,0.08700000000000728,0.9899999999999864
2020-12-05,-0.6419999999999995,-2.5210000000000217,-3.08599999999999
2020-12-06,-0.3230000000000004,-1.2689999999999781,-0.8759999999999991
2020-12-07,-0.13773037636348076,2.4170000000000074,1.1420000000000072
2020-12-08,0.0,-1.9190000000000147,-2.522000000000003
2020-12-09,0.0,-11.220999999999986,-8.705840574099021
2020-12-10,-0.0016610034759300583,4.8070271006212835,2.5237538186834554
2020-12-11,0.7910000000000004,0.0,0.0
2020-12-12,-0.615000000000002,0.0,0.0
2020-12-13,-1.0179999999999971,0.0,0.0
2020-12-14,-0.029999999999997584,0.0,0.0
2020-12-15,-0.9560000000000066,0.0,0.0
2020-12-16,0.6762605988112874,0.0,0.0
2020-12-17,0.0,-0.09035157634937394,0.0
2020-12-18,0.0,1.9689999999999783,-0.009901621813419043
2020-12-19,-0.0019297721331498015,-1.2216820029886521,0.17900000000000774
2020-12-20,2.115943910304099,13.975999999999985,0.32701998920785047
2020-12-21,-1.5420814847698974,-0.6119999999999709,-4.202000000000021
2020-12-22,-10.29961784018254,-19.28800000000003,-7.609999999999991
2020-12-23,17.849822853972665,16.08800000000003,3.0145287805543686
2020-12-24,-7.255000000000003,-1.1280000000000292,-2.8860000000000015
2020-12-25,3.787972857621979,4.662000000000043,3.2463365767106596
2020-12-26,2.328000000000003,24.273999999999944,0.0
2020-12-27,-0.0759999999999934,51.86,0.0
2020-12-28,8.039999999999992,-10.42199999999997,-0.012819590438925905
2020-12-29,12.75200000000001,-6.1219999999999715,-2.6524161691722155
2020-12-30,-4.068776183273509,21.967999999999957,3.0640000000000103
2020-12-31,0.9839999999999662,23.794000000000015,3.3680000000000065
2021-01-01,-0.5759999999999792,1.51,-3.1227575750021077
2021-01-02,-1.7819999999999823,16.29800000000003,1.211999999999989
2021-01-03,8.823532639319394,91.14199999999997,25.332695305583464
2021-01-04,11.822328911725341,-45.37,41.73415508015983
2021-01-05,-6.527999999999963,-18.804205522096595,-0.31681978404259736
2021-01-06,7.674000000000021,33.905999999999985,16.955999999999996
2021-01-07,13.30199999999995,26.404000000000014,16.713999999999988
2021-01-08,-4.568813715573701,14.386999999999972,1.2639999999999874
2021-01-09,-4.361000000000033,14.99800000000003,1.3400000000000092
2021-01-10,15.656079857650724,6.6959999999999855,24.56399999999999
2021-01-11,-26.549999999999983,-54.024000000000015,-44.52399999999998
2021-01-12,-6.067790679360268,3.8890000000000144,2.1760634080727
2021-01-13,-1.8085581706852674,-12.810999999999986,-5.812000000000012
2021-01-14,4.585268417344277,38.645,9.688000000000011
2021-01-15,1.029999999999994,-0.8569999999999709,6.1000000000000005
2021-01-16,0.4299999999999997,-8.448000000000029,-0.21200000000001185
2021-01-17,-0.23799999999999955,-27.546999999999972,-2.0409999999999857
2021-01-18,4.395000000000003,15.150485124415539,2.7420000000000075
2021-01-19,-0.532307261306738,0.0,15.41099999999999
2021-01-20,-11.369999999999997,0.0,-2.6819999999999937
2021-01-21,-3.281887631802372,0.0,-8.976999999999999
2021-01-22,-1.7148303066104567,0.0,-9.695000000000006
2021-01-23,1.73804617697583,0.0,10.170123692861338
2021-01-24,0.0,0.0,0.0
2021-01-25,0.0,0.0,0.0
2021-01-26,0.0,0.0,-0.04630510093196721
2021-01-27,0.0,0.0,-6.8673030711274645
2021-01-28,0.0,0.0,0.0
2021-01-29,0.0,0.0,0.0
2021-01-30,0.0,0.0,0.0
2021-01-31,-0.0031343088119321493,0.0,0.0
2021-02-01,1.8020000000000067,0.0,0.0
2021-02-02,4.660228705084184,0.0,0.0
2021-02-03,-0.5637511004502385,0.0,0.0
2021-02-04,5.484000000000009,0.0,-0.061087616607156864
2021-02-05,17.761475877189977,0.0,3.059000000000015
2021-02-06,55.73839099074964,0.0,3.099000000000001
2021-02-07,-12.695411431625082,0.0,-6.0049999999999955
2021-02-08,6.481469025049859,0.0,-0.88900000000001
2021-02-09,69.11699999999996,-0.43692677828397614,17.301
2021-02-10,160.1259193157774,-4.525999999999986,0.18700000000001182
2021-02-11,-48.63356738164015,-17.274000000000015,-5.377000000000021
2021-02-12,3.2169999999999987,21.53300000000003,1.3190000000000055
2021-02-13,6.84699999999998,2.8809999999999856,6.038000000000011
2021-02-14,-1.761999999999972,12.857000000000044,0.3369999999999891
2021-02-15,-1.835000000000008,-11.63300000000003,-6.683999999999992
2021-02-16,2.1769999999999925,17.765,4.66099999999999
2021-02-17,-1.3460000000000036,16.819000000000013,-0.8589999999999919
2021-02-18,58.71200000000002,6.881999999999971,9.102999999999998
2021-02-19,69.80699999999999,5.102000000000044,3.147000000000003
2021-02-20,37.048,30.748999999999942,6.971000000000004
2021-02-21,-21.676305419766912,12.036000000000058,-5.666000000000008
2021-02-22,0.0,-10.351000000000058,-8.095000000000004
2021-02-23,0.0,-89.045,-41.449000000000005
2021-02-24,0.0,39.7695417160145,23.476084857775064
2021-02-25,0.0,0.0,0.0
2021-02-26,0.0,0.0,0.0
2021-02-27,0.0,0.0,0.0
2021-02-28,0.0,0.0,0.0
2021-03-01,0.0,0.0,0.0
2021-03-02,0.0,0.0,0.0
2021-03-03,0.0,0.0,0.0
2021-03-04,0.0,0.0,0.0
2021-03-05,0.0,0.0,0.0
2021-03-06,0.0,0.0,0.0
2021-03-07,0.0,0.0,0.0
2021-03-08,0.0,0.0,0.0
2021-03-09,0.0,0.0,0.0
2021-03-10,0.0,0.0,0.0
2021-03-11,0.0,0.0,0.0
2021-03-12,0.0,0.0,0.0
2021-03-13,0.0,0.0,0.0
2021-03-14,0.0,0.0,0.0
2021-03-15,0.0,0.0,0.0
2021-03-16,0.0,0.0,0.0
2021-03-17,0.0,0.0,0.0
2021-03-18,0.0,0.0,0.0
2021-03-19,0.0,0.0,0.0
2021-03-20,0.0,0.0,0.0
2021-03-21,0.0,0.0,0.0
2021-03-22,0.0,0.0,0.0
2021-03-23,0.0,0.0,0.0
2021-03-24,0.0,0.0,0.0
2021-03-25,0.0,0.0,0.0
2021-03-26,0.0,0.0,0.0
2021-03-27,0.0,0.0,0.0
2021-03-28,0.0,0.0,0.0
2021-03-29,0.0,0.0,0.0
2021-03-30,0.0,0.0,0.0
2021-03-31,0.0,0.0,0.0
2021-04-01,0.0,0.0,0.0
2021-04-02,-0.24471433919486243,0.0,-0.1122593142933181
2021-04-03,-12.144000000000005,0.0,10.442000000000007
2021-04-04,-1.075999999999965,0.0,-6.0170000000000075
2021-04-05,1.2939999999999827,0.0,-0.7100000000000137
2021-04-06,38.601999999999975,0.0,5.969000000000029
2021-04-07,15.598000000000013,0.0,-2.414000000000033
2021-04-08,3.478999999999985,0.0,-4.927999999999997
2021-04-09,19.002999999999986,0.0,5.356000000000018
2021-04-10,56.45300000000003,0.0,9.625
2021-04-11,1.4869999999999663,0.0,-2.1570000000000165
2021-04-12,127.89200000000005,0.0,4.45300000000002
2021-04-13,-61.83384505418702,-0.8481097427655546,3.7859999999999676
2021-04-14,0.0,12.087999999999957,12.058000000000039
2021-04-15,0.0,-12.57199999999997,9.303999999999997
2021-04-16,0.0,-14.205999999999985,-1.9950000000000274
2021-04-17,0.0,11.422999999999957,4.830000000000019
2021-04-18,0.0,-73.52799999999996,-32.961577093914144
2021-04-19,0.0,16.9878478717452,20.268196028698032
2021-04-20,0.0,0.0,-9.929828437390983
2021-04-21,0.0,0.0,0.0
2021-04-22,0.0,0.0,0.0
2021-04-23,0.0,0.0,0.0
2021-04-24,0.0,-0.6922367344957784,0.0
2021-04-25,0.0,-3.2780000000000293,0.0
2021-04-26,0.0,-24.944000000000017,0.0
2021-04-27,0.0,-18.57199999999997,0.0
2021-04-28,0.0,3.1582921772633075,0.0
2021-04-29,0.0,0.0,0.0
2021-04-30,0.0,0.0,-0.17904016535277323
2021-05-01,0.0,0.0,5.0030000000000205
2021-05-02,0.0,0.0,4.64399999999996
2021-05-03,0.0,0.0,30.547000000000025
2021-05-04,0.0,0.0,12.190999999999987
2021-05-05,0.0,0.0,4.655000000000018
2021-05-06,0.0,0.0,8.057999999999993
2021-05-07,0.0,0.0,0.32100000000000367
2021-05-08,0.0,0.0,12.254999999999974
2021-05-09,0.0,0.0,36.654000000000046
2021-05-10,0.0,0.0,23.840999999999987
2021-05-11,0.0,0.0,-24.46300000000001
2021-05-12,0.0,0.0,39.16700000000001
2021-05-13,0.0,0.0,-47.276000000000025
2021-05-14,0.0,0.0,8.984035585090085
2021-05-15,0.0,0.0,0.0
2021-05-16,0.0,0.0,0.0
2021-05-17,0.0,0.0,0.0
2021-05-18,0.0,-0.7213599265688159,0.0
2021-05-19,0.0,44.86700000000005,0.0
2021-05-20,0.0,6.287999999999957,0.0
2021-05-21,0.0,-1.82,0.0
2021-05-22,0.0,32.299000000000014,0.0
2021-05-23,0.0,24.40800000000003,0.0
2021-05-24,0.0,-22.63,0.0
2021-05-25,0.0,-15.524000000000015,0.0
2021-05-26,0.0,-19.714000000000016,0.0
2021-05-27,0.0,13.06,0.0
2021-05-28,0.0,28.3,0.0
2021-05-29,0.0,2.0470000000000437,0.0
2021-05-30,0.0,1.2529999999999564,0.0
2021-05-31,0.0,-4.510999999999986,0.0
2021-06-01,0.0,-0.7640000000000146,0.0
2021-06-02,0.0,-11.982999999999956,0.0
2021-06-03,0.0,-14.87878735022929,0.0
2021-06-04,0.0,0.0,0.0
2021-06-05,0.0,0.0,0.0
2021-06-06,0.0,0.0,0.0
2021-06-07,0.0,0.0,0.0
2021-06-08,0.0,0.0,0.0
2021-06-09,0.0,0.0,0.0
2021-06-10,0.0,-0.6158265036459497,0.0
2021-06-11,0.0,-6.717088557237181,0.0
2021-06-12,0.0,0.0,0.0
2021-06-13,0.0,0.0,0.0
2021-06-14,0.0,0.0,0.0
2021-06-15,0.0,0.0,0.0
2021-06-16,0.0,0.0,0.0
2021-06-17,0.0,0.0,0.0
2021-06-18,0.0,0.0,0.0
2021-06-19,0.0,0.0,0.0
2021-06-20,0.0,0.0,0.0
2021-06-21,0.0,0.0,0.0
2021-06-22,0.0,0.0,-0.21618476814633403
2021-06-23,0.0,-0.5844711683148676,-8.579999999999997
2021-06-24,0.0,3.4959999999999853,1.7440000000000055
2021-06-25,0.0,-9.260999999999985,1.8029999999999973
2021-06-26,0.0,38.967999999999996,20.138000000000012
2021-06-27,0.0,-26.107999999999993,-11.534000000000015
2021-06-28,0.0,-18.69300000000003,-21.550999999999977
2021-06-29,0.0,-2.38903339355021,-8.325000000000001
2021-06-30,0.0,0.0,2.751079350439255
2021-07-01,0.0,0.0,0.0
2021-07-02,0.0,0.0,0.0
2021-07-03,0.0,0.0,0.0
2021-07-04,0.0,0.0,0.0
2021-07-05,0.0,0.0,0.0
2021-07-06,0.0,0.0,0.0
2021-07-07,0.0,0.0,0.0
2021-07-08,0.0,0.0,0.0
2021-07-09,0.0,0.0,0.0
2021-07-10,0.0,0.0,0.0
2021-07-11,0.0,0.0,0.0
2021-07-12,0.0,0.0,0.0
2021-07-13,0.0,0.0,0.0
2021-07-14,0.0,0.0,0.0
2021-07-15,0.0,0.0,0.0
2021-07-16,0.0,0.0,0.0
2021-07-17,0.0,0.0,0.0
2021-07-18,0.0,0.0,0.0
2021-07-19,0.0,0.0,0.0
2021-07-20,0.0,0.0,0.0
2021-07-21,0.0,-0.5407114227328466,0.0
2021-07-22,0.0,-12.827000000000007,0.0
2021-07-23,0.0,-2.145,0.0
2021-07-24,0.0,-12.972999999999994,0.0
2021-07-25,0.0,-9.90001641208245,0.0
2021-07-26,0.0,0.0,0.0
2021-07-27,0.0,-0.6669793472917548,0.0
2021-07-28,0.0,22.934000000000015,0.0
2021-07-29,0.0,4.010999999999986,0.0
2021-07-30,0.0,-12.010999999999985,0.0
2021-07-31,0.0,29.699000000000016,-0.2836639294438483
2021-08-01,0.0,0.6259999999999855,13.207999999999993
2021-08-02,0.0,-22.437999999999956,-2.089999999999964
2021-08-03,0.0,-9.90800000000003,-8.895000000000028
2021-08-04,0.0,-7.689000000000015,-0.5779999999999745
2021-08-05,0.0,7.394000000000014,15.453999999999997
2021-08-06,0.0,24.334000000000014,14.638999999999989
2021-08-07,0.0,25.160999999999987,19.596000000000004
2021-08-08,0.0,10.184000000000015,14.875999999999976
2021-08-09,0.0,-7.5600000000000005,-16.755999999999997
2021-08-10,0.0,24.331999999999972,20.724000000000025
2021-08-11,0.0,0.5640000000000146,5.329999999999973
2021-08-12,-0.5749041770117161,-9.731999999999971,-8.773000000000001
2021-08-13,16.5,9.33199999999997,10.601999999999999
2021-08-14,13.730000000000018,14.514000000000015,6.5030000000000205
2021-08-15,-17.0,-18.77800000000003,-14.736000000000013
2021-08-16,25.629999999999995,14.065,11.517000000000008
2021-08-17,-1.6800000000000068,-9.300999999999986,-8.54000000000001
2021-08-18,-24.20999999999998,-9.53,-13.828999999999997
2021-08-19,4.919999999999959,-5.503000000000029,-4.421007673999954
2021-08-20,22.930000000000007,21.23071784874705,0.0
2021-08-21,30.230000000000018,0.0,0.0
2021-08-22,-3.180000000000007,-0.8889353401559877,0.0
2021-08-23,35.460000000000036,12.691999999999972,0.0
2021-08-24,7.579999999999984,-5.703999999999942,0.0
2021-08-25,-23.840000000000032,-23.91300000000003,0.0
2021-08-26,10.210000000000036,-3.9230000000000294,0.0
2021-08-27,-5.340000000000032,1.9253144280300418,0.0
2021-08-28,9.550000000000011,0.0,0.0
2021-08-29,0.12000000000000455,0.0,0.0
2021-08-30,-9.350000000000023,0.0,0.0
2021-08-31,-13.427622916700315,0.0,0.0
2021-09-01,0.0,0.0,0.0
2021-09-02,0.0,0.0,0.0
2021-09-03,0.0,0.0,-0.49188442402692734
2021-09-04,0.0,-0.9120699736861775,4.015999999999986
2021-09-05,0.0,0.41099999999998543,-1.7179999999999838
2021-09-06,0.0,15.147000000000045,3.980000000000018
2021-09-07,0.0,-4.7190000000000145,-20.076999999999998
2021-09-08,0.0,-52.487000000000045,-39.45900000000002
2021-09-09,0.0,2.2301393560539218,16.213380712143067
2021-09-10,0.0,0.0,0.0
2021-09-11,0.0,0.0,0.0
2021-09-12,0.0,0.0,0.0
2021-09-13,0.0,0.0,0.0
2021-09-14,0.0,0.0,0.0
2021-09-15,0.0,0.0,0.0
2021-09-16,0.0,0.0,0.0
2021-09-17,0.0,0.0,0.0
2021-09-18,0.0,0.0,0.0
2021-09-19,0.0,0.0,0.0
2021-09-20,0.0,0.0,0.0
2021-09-21,0.0,0.0,0.0
2021-09-22,0.0,0.0,0.0
2021-09-23,0.0,-0.7940155711825717,0.0
2021-09-24,0.0,-6.325,0.0
2021-09-25,0.0,18.515,0.0
2021-09-26,0.0,10.384000000000015,0.0
2021-09-27,0.0,-22.352000000000043,0.0
2021-09-28,0.0,19.87,0.0
2021-09-29,0.0,-5.119000000000015,0.0
2021-09-30,0.0,-7.060999999999986,0.0
2021-10-01,0.0,-19.492723688665343,0.0
2021-10-02,0.0,0.0,0.0
2021-10-03,0.0,0.0,0.0
2021-10-04,0.0,0.0,0.0
2021-10-05,0.0,0.0,0.0
2021-10-06,0.0,-0.916652486312665,0.0
2021-10-07,0.0,38.75699999999997,0.0
2021-10-08,0.0,12.224000000000014,0.0
2021-10-09,0.0,-10.754000000000016,0.0
2021-10-10,0.0,8.574000000000014,0.0
2021-10-11,0.0,9.69,0.0
2021-10-12,0.0,8.909000000000015,0.0
2021-10-13,0.0,-28.044000000000015,0.0
2021-10-14,0.0,28.459000000000014,0.0
2021-10-15,0.0,14.889000000000015,0.0
2021-10-16,0.0,26.12699999999997,0.0
2021-10-17,0.0,-9.096999999999971,0.0
2021-10-18,0.0,11.222999999999956,0.0
2021-10-19,0.0,7.535999999999985,0.0
2021-10-20,0.0,14.573000000000029,0.0
2021-10-21,0.0,18.76600000000006,0.0
2021-10-22,0.0,-23.35100000000006,-0.5623578723745933
2021-10-23,0.0,-24.740999999999985,-12.367000000000054
2021-10-24,0.0,-5.329000000000015,5.208000000000038
2021-10-25,0.0,21.51699999999997,4.956999999999971
2021-10-26,0.0,1.3020000000000438,8.901000000000023
2021-10-27,0.0,-36.174000000000014,-16.73500000000004
2021-10-28,0.0,12.55844187701181,9.053999999999997
2021-10-29,0.0,0.0,20.669999999999984
2021-10-30,0.0,0.0,-2.4119999999999893
2021-10-31,0.0,0.0,-4.632999999999993
2021-11-01,0.0,0.0,3.9030000000000658
2021-11-02,0.0,0.0,3.8460000000000036
2021-11-03,0.0,0.0,23.153999999999996
2021-11-04,0.0,0.0,-7.967000000000008
2021-11-05,0.0,0.0,3.8479999999999563
2021-11-06,0.0,0.0,-6.967000000000008
2021-11-07,0.0,0.0,7.426000000000022
2021-11-08,-0.9695788831969279,0.0,19.577999999999975
2021-11-09,9.305744487192323,0.0,6.686000000000059
2021-11-10,0.0,-1.0967340086156774,-9.703000000000067
2021-11-11,0.0,-12.965,1.0250000000000001
2021-11-12,0.0,-4.5770000000000435,1.2420000000000073
2021-11-13,0.0,-11.014000000000015,-10.87399999999998
2021-11-14,0.0,3.9200575967283324,-4.740651868752525
2021-11-15,0.0,0.0,0.0
2021-11-16,0.0,0.0,0.0
2021-11-17,0.0,0.0,0.0
2021-11-18,0.0,0.0,0.0
2021-11-19,0.0,0.0,0.0
2021-11-20,0.0,-0.961943956405298,0.0
2021-11-21,0.0,-2.82,0.0
2021-11-22,0.0,14.02,0.0
2021-11-23,0.0,10.627999999999956,0.0
2021-11-24,0.0,-5.646999999999971,0.0
2021-11-25,0.0,-7.32,0.0
2021-11-26,0.0,23.930999999999987,0.0
2021-11-27,0.0,1.45,0.0
2021-11-28,0.0,6.294000000000015,0.0
2021-11-29,0.0,-28.429000000000016,0.0
2021-11-30,0.0,4.893000000000029,0.0
2021-12-01,0.0,-2.4261352183231204,0.0
2021-12-02,0.0,0.0,0.0
2021-12-03,0.0,0.0,0.0
2021-12-04,0.0,0.0,0.0
2021-12-05,0.0,0.0,0.0
2021-12-06,0.0,-0.8046199175408747,0.0
2021-12-07,0.0,-30.310000000000002,0.0
2021-12-08,0.0,7.855,0.0
2021-12-09,0.0,8.261958211465384,0.0
2021-12-10,0.0,0.0,0.0
2021-12-11,0.0,0.0,0.0
2021-12-12,0.0,0.0,0.0
2021-12-13,0.0,0.0,0.0
2021-12-14,0.0,0.0,0.0
2021-12-15,0.0,0.0,0.0
2021-12-16,0.0,0.0,0.0
2021-12-17,0.0,0.0,0.0
2021-12-18,0.0,0.0,0.0
2021-12-19,0.0,0.0,0.0
2021-12-20,0.0,0.0,0.0
2021-12-21,0.0,0.0,0.0
2021-12-22,0.0,0.0,0.0
2021-12-23,0.0,0.0,0.0
2021-12-24,0.0,0.0,0.0
2021-12-25,0.0,0.0,0.0
2021-12-26,0.0,0.0,0.0
2021-12-27,0.0,0.0,0.0
2021-12-28,0.0,0.0,0.0
2021-12-29,0.0,0.0,0.0
2021-12-30,0.0,0.0,0.0
2021-12-31,0.0,0.0,0.0
2022-01-01,0.0,0.0,0.0
2022-01-02,0.0,0.0,0.0
2022-01-03,0.0,0.0,0.0
2022-01-04,0.0,0.0,0.0
2022-01-05,0.0,-0.7511114405890434,0.0
2022-01-06,0.0,35.821999999999974,0.0
2022-01-07,0.0,9.580999999999985,0.0
2022-01-08,-0.6931610068358237,1.3990000000000147,-0.435969072977309
2022-01-09,25.25,2.8609999999999856,10.684999999999992
2022-01-10,-7.859999999999957,-1.4509999999999854,-3.748000000000002
2022-01-11,-10.140000000000043,-1.8280000000000292,3.773000000000002
2022-01-12,-11.310000000000002,-6.153999999999942,-12.371000000000004
2022-01-13,-25.370000000000005,-12.772000000000045,-12.692999999999984
2022-01-14,6.238198845620306,13.645999999999987,10.046000000000005
2022-01-15,0.0,-4.552999999999956,-5.863153955134353
2022-01-16,0.0,-0.9730000000000292,0.0
2022-01-17,0.0,2.7309999999999857,0.0
2022-01-18,0.0,10.903000000000029,0.0
2022-01-19,0.0,3.458000000000029,0.0
2022-01-20,0.0,-5.973000000000029,0.0
2022-01-21,0.0,28.135999999999985,0.0
2022-01-22,0.0,35.555,0.0
2022-01-23,0.0,-2.6859999999999853,-0.3417599571658647
2022-01-24,0.0,8.99199999999997,13.617999999999984
2022-01-25,0.0,-11.102999999999957,-0.016999999999961803
2022-01-26,0.0,-15.746974414335856,-10.30500000000002
2022-01-27,0.0,22.580951871506873,4.713000000000011
2022-01-28,0.0,-2.2240000000000144,3.6019999999999985
2022-01-29,0.0,-11.265999999999986,-15.209999999999992
2022-01-30,0.0,-2.2540000000000147,-5.069000000000006
2022-01-31,0.0,8.677000000000044,7.2644867239932545
2022-02-01,0.0,-14.426000000000059,0.0
2022-02-02,0.0,0.7872342227020288,0.0
2022-02-03,0.0,0.0,0.0
2022-02-04,0.0,0.0,0.0
2022-02-05,0.0,0.0,0.0
2022-02-06,0.0,0.0,0.0
2022-02-07,0.0,0.0,0.0
2022-02-08,0.0,-0.6612472451149994,0.0
2022-02-09,0.0,-6.244000000000015,0.0
2022-02-10,0.0,8.10300000000003,0.0
2022-02-11,0.0,-12.15,0.0
2022-02-12,0.0,-7.079000000000015,0.0
2022-02-13,0.0,1.555,0.0
2022-02-14,0.0,-3.95,0.0
2022-02-15,0.0,18.723751986952614,0.0
2022-02-16,0.0,0.0,0.0
2022-02-17,0.0,-0.6435090108110468,0.0
2022-02-18,0.0,-26.255999999999986,0.0
2022-02-19,0.0,-9.387632482036313,0.0
2022-02-20,0.0,0.0,0.0
2022-02-21,0.0,0.0,0.0
2022-02-22,0.0,-0.5534646365811277,0.0
2022-02-23,0.0,-15.586999999999971,0.0
2022-02-24,0.0,31.520999999999987,0.0
2022-02-25,0.0,-28.457999999999956,0.0
2022-02-26,0.0,-4.221000000000059,0.0
2022-02-27,0.0,-0.7947623912036604,0.0
2022-02-28,0.0,0.0,0.0
2022-03-01,0.0,0.0,0.0
2022-03-02,0.0,0.0,0.0
2022-03-03,0.0,0.0,0.0
2022-03-04,0.0,0.0,0.0
2022-03-05,0.0,0.0,0.0
2022-03-06,0.0,0.0,0.0
2022-03-07,0.0,0.0,0.0
2022-03-08,0.0,0.0,0.0
2022-03-09,0.0,0.0,0.0
2022-03-10,0.0,0.0,0.0
2022-03-11,0.0,0.0,0.0
2022-03-12,0.0,0.0,0.0
2022-03-13,0.0,0.0,0.0
2022-03-14,0.0,0.0,0.0
2022-03-15,0.0,0.0,0.0
2022-03-16,0.0,0.0,0.0
2022-03-17,0.0,0.0,0.0
2022-03-18,0.0,0.0,0.0
2022-03-19,0.0,0.0,0.0
2022-03-20,0.0,0.0,0.0
2022-03-21,0.0,0.0,0.0
2022-03-22,0.0,0.0,0.0
2022-03-23,0.0,0.0,0.0
2022-03-24,0.0,0.0,0.0
2022-03-25,0.0,0.0,0.0
2022-03-26,0.0,0.0,-0.39896014050611645
2022-03-27,-0.5217754746459701,-0.6653707702890741,1.2970000000000255
2022-03-28,17.870000000000005,24.07800000000003,17.79699999999998
2022-03-29,3.4499999999999886,5.164000000000015,9.028999999999996
2022-03-30,1.170000000000016,-0.97,-0.934999999999991
2022-03-31,9.170000000000016,-2.737174903108793,0.3470000000000255
2022-04-01,-19.660000000000025,-42.23199999999997,-12.79000000000001
2022-04-02,22.24000000000001,28.00026840069678,19.882999999999996
2022-04-03,-6.939999999999998,-2.7640000000000144,-0.08699999999998909
2022-04-04,4.25,-1.2529999999999564,1.8
2022-04-05,8.240000000000009,5.142999999999956,3.073000000000002
2022-04-06,-13.519999999999982,-12.979000000000015,-16.84200000000001
2022-04-07,-11.520000000000039,-18.631999999999973,-13.278999999999996
2022-04-08,2.541452932811128,1.2007296340853626,6.267001413498627
2022-04-09,0.0,0.0,0.0
2022-04-10,0.0,0.0,0.0
2022-04-11,0.0,-0.6376488926465674,0.0
2022-04-12,0.0,20.325999999999986,0.0
2022-04-13,0.0,0.1669999999999709,0.0
2022-04-14,0.0,-10.12699999999997,0.0
2022-04-15,0.0,10.11699999999997,0.0
2022-04-16,0.0,-2.207999999999956,0.0
2022-04-17,0.0,-0.14,0.0
2022-04-18,0.0,15.175999999999986,0.0
2022-04-19,0.0,-18.46300000000003,0.0
2022-04-20,0.0,-7.483999999999942,0.0
2022-04-21,0.0,-4.505,0.0
2022-04-22,0.0,14.561299833432034,0.0
2022-04-23,0.0,0.0,0.0
2022-04-24,0.0,-0.5953067123998188,0.0
2022-04-25,0.0,12.840999999999985,0.0
2022-04-26,0.0,-20.892000000000046,0.0
2022-04-27,0.0,15.32800000000003,0.0
2022-04-28,0.0,-6.4580000000000295,0.0
2022-04-29,0.0,2.1070000000000437,0.0
2022-04-30,0.0,8.215999999999985,0.0
2022-05-01,0.0,5.655,0.0
2022-05-02,0.0,-8.964000000000015,-0.36301559386926807
2022-05-03,0.0,3.867000000000044,-0.5519999999999982
2022-05-04,0.0,-4.353000000000029,0.21300000000001093
2022-05-05,0.0,-5.188000000000029,-8.7111737237434
2022-05-06,0.0,32.181446391180785,0.0
2022-05-07,0.0,-0.5383989566338059,0.0
2022-05-08,0.0,13.42800000000003,0.0
2022-05-09,0.0,9.967999999999957,-0.3170420660623132
2022-05-10,-0.3370256020860716,19.129000000000016,7.832999999999993
2022-05-11,16.94999999999999,3.5820000000000074,0.8980000000000019
2022-05-12,56.27000000000001,32.814466458122325,46.572
2022-05-13,-49.47,-45.76784388940079,-15.68900000000001
2022-05-14,13.560000000000002,8.135,2.651000000000022
2022-05-15,-2.829999999999984,-0.7009999999999854,1.984999999999991
2022-05-16,-4.890000000000043,-1.995,-0.5619999999999891
2022-05-17,-10.62673457752418,-7.700999999999985,-5.614000000000033
2022-05-18,0.0,6.880999999999986,4.859000000000015
2022-05-19,0.0,9.144000000000014,10.208000000000016
2022-05-20,0.0,-12.244000000000014,-9.450000000000001
2022-05-21,0.0,8.165999999999986,4.926999999999999
2022-05-22,0.0,-1.7509999999999855,-0.5049999999999955
2022-05-23,0.0,-7.9829999999999925,-7.171000000000004
2022-05-24,0.0,11.81,8.919815912030131
2022-05-25,0.0,-6.546000000000022,0.0
2022-05-26,0.0,8.089000000000015,0.0
2022-05-27,0.0,0.675,0.0
2022-05-28,0.0,1.0909999999999855,0.0
2022-05-29,0.0,-2.243999999999978,-0.22566119869896045
2022-05-30,0.0,-16.68,-12.245000000000005
2022-05-31,0.0,-9.458253354046656,-6.650501075827777
2022-06-01,0.0,0.0,0.0
2022-06-02,0.0,0.0,0.0
2022-06-03,0.0,0.0,0.0
2022-06-04,0.0,0.0,0.0
2022-06-05,0.0,0.0,0.0
2022-06-06,0.0,0.0,0.0
2022-06-07,0.0,0.0,0.0
2022-06-08,0.0,0.0,0.0
2022-06-09,0.0,0.0,0.0
2022-06-10,0.0,0.0,0.0
2022-06-11,0.0,0.0,0.0
2022-06-12,0.0,0.0,-0.18229356785267095
2022-06-13,0.0,-0.36115403464842266,26.30999999999999
2022-06-14,-0.23450042996153403,15.644000000000014,-1.1960000000000037
2022-06-15,25.840000000000003,23.17224648389695,19.028
2022-06-16,-23.129999999999995,-30.76176660915468,-14.51199999999999
2022-06-17,5.289999999999992,7.197000000000007,7.800000000000001
2022-06-18,18.430000000000007,20.52799999999999,10.544999999999995
2022-06-19,3.960000000000008,3.4759999999999853,2.241000000000008
2022-06-20,-15.52000000000001,-19.010999999999985,-15.823000000000015
2022-06-21,-11.889999999999986,-7.859000000000015,-4.029999999999996
2022-06-22,9.879999999999995,11.189000000000014,8.516000000000009
2022-06-23,-9.65521305530899,-3.377999999999993,-1.6360000000000128
2022-06-24,0.0,-4.809000000000014,-6.114999999999987
2022-06-25,0.0,-3.4209999999999856,-6.801999999999999
2022-06-26,0.0,-0.5920000000000073,-1.8472278953254542
2022-06-27,0.0,-0.34400000000001457,0.0
2022-06-28,0.0,3.7490000000000148,0.0
2022-06-29,0.0,11.155999999999986,0.0
2022-06-30,0.0,7.611000000000022,0.0
2022-07-01,0.0,-2.8720000000000074,0.0
2022-07-02,0.0,4.055,0.0
2022-07-03,0.0,0.9550000000000001,0.0
2022-07-04,0.0,-1.2370000000000072,0.0
2022-07-05,0.0,-7.48,0.0
2022-07-06,0.0,-2.9189999999999783,0.0
2022-07-07,0.0,-3.4220000000000073,0.0
2022-07-08,0.0,-9.357989353654702,0.0
2022-07-09,0.0,0.0,0.0
2022-07-10,0.0,0.0,0.0
2022-07-11,0.0,0.0,0.0
2022-07-12,0.0,0.0,0.0
2022-07-13,0.0,0.0,0.0
2022-07-14,0.0,0.0,0.0
2022-07-15,0.0,-0.2929664625383172,0.0
2022-07-16,0.0,2.5500000000000003,0.0
2022-07-17,0.0,-8.800321043483923,0.0
2022-07-18,0.0,0.0,-0.18092340092657538
2022-07-19,-0.25053823780925,-0.30207781017946606,5.690000000000009
2022-07-20,3.9700000000000273,14.419000000000015,-0.2650000000000091
2022-07-21,-8.230000000000018,-5.205334659568072,-4.188999999999988
2022-07-22,12.870000000000005,8.417999999999957,12.915999999999986
2022-07-23,-0.6700000000000159,-13.765999999999986,-6.92199999999998
2022-07-24,-4.949999999999989,1.3659999999999854,5.278999999999996
2022-07-25,-6.810000000000002,-12.693999999999942,-6.701
2022-07-26,-13.659999999999968,-19.84457204822168,-12.360000000000014
2022-07-27,8.812921529829405,2.5469342981743046,4.7610000000000126
2022-07-28,0.0,0.0,16.474
2022-07-29,0.0,0.0,9.506999999999994
2022-07-30,-0.27477047418126355,-0.3223585310847357,-0.7440000000000055
2022-07-31,-1.0699999999999932,-2.9220000000000073,-1.9799999999999955
2022-08-01,-4.810000000000002,-3.13,-0.9319999999999937
2022-08-02,-8.079999999999984,-4.711999999999971,-10.288000000000011
2022-08-03,11.029999999999973,4.805,6.982000000000017
2022-08-04,10.460000000000036,-4.93,-3.4690000000000056
2022-08-05,21.319999999999993,3.4159999999999857,3.9808433992844865
2022-08-06,-6.610000000000014,0.050999999999985446,0.0
2022-08-07,-3.019999999999982,-2.311999999999971,0.0
2022-08-08,19.849999999999966,12.027999999999993,0.0
2022-08-09,-8.21999999999997,-3.5179999999999927,-0.21139949567141011
2022-08-10,-1.8000000000000114,-6.71,-6.919000000000006
2022-08-11,9.400000000000034,14.231999999999971,18.742000000000008
2022-08-12,-6.689999999999998,-6.078999999999978,-0.2779999999999973
2022-08-13,2.2299999999999613,4.882999999999993,10.018999999999984
2022-08-14,2.3700000000000045,2.5090000000000146,1.2470000000000028
2022-08-15,-11.509999999999991,-6.151000000000022,-9.444000000000006
2022-08-16,0.05000000000001137,-0.45299999999999274,-2.5399999999999867
2022-08-17,-1.1493248182061433,-1.9000000000000001,0.48299999999999277
2022-08-18,0.0,-3.4220000000000073,-3.5799999999999956
2022-08-19,0.0,-17.09405218082072,-11.212000000000012
2022-08-20,0.0,-0.258936689758833,-10.161353232398538
2022-08-21,0.0,-1.6440000000000146,0.0
2022-08-22,0.0,1.708000000000029,0.0
2022-08-23,0.0,-2.8430686790574202,-0.17841579458974932
2022-08-24,0.0,2.1659999999999857,-2.530999999999995
2022-08-25,0.0,-6.90800000000003,-7.4629999999999885
2022-08-26,0.0,5.416000000000058,4.755018669341477
2022-08-27,0.0,24.261999999999972,0.0
2022-08-28,0.0,3.411999999999971,-0.16467790407891733
2022-08-29,0.0,4.762000000000044,4.8539999999999965
2022-08-30,0.0,-12.19,-14.218000000000007
2022-08-31,0.0,3.3959999999999857,1.0590000000000146
2022-09-01,0.0,6.07,2.882999999999993
2022-09-02,0.0,-3.3419999999999708,-4.408678572690114
2022-09-03,0.0,6.245999999999985,0.0
2022-09-04,0.0,0.9559999999999854,0.0
2022-09-05,0.0,-0.8240000000000146,0.0
2022-09-06,0.0,-4.805999999999986,0.0
2022-09-07,0.0,24.28800000000003,0.0
2022-09-08,0.0,-8.41800000000003,0.0
2022-09-09,0.0,-30.964000000000016,0.0
2022-09-10,0.0,-11.361595935883205,0.0
2022-09-11,0.0,-3.700779256783784,0.0
2022-09-12,0.0,-0.2640922674967905,0.0
2022-09-13,0.0,0.036999999999970896,0.0
2022-09-14,0.0,-18.76900810486803,0.0
2022-09-15,0.0,-4.886439157039321,0.0
2022-09-16,0.0,-4.8748076529215245,0.0
2022-09-17,0.0,0.0,0.0
2022-09-18,0.0,-0.2350801317245237,-0.15990932747150705
2022-09-19,0.0,16.339000000000016,16.16500000000001
2022-09-20,0.0,-8.902000000000008,-6.376999999999999
2022-09-21,0.0,4.293999999999978,2.8619999999999894
2022-09-22,0.0,-3.3109999999999857,3.9700000000000046
2022-09-23,0.0,1.3920000000000072,-2.866999999999985
2022-09-24,0.0,-0.14,-1.1400000000000092
2022-09-25,0.0,-0.05,-0.13399999999999182
2022-09-26,0.0,-1.896000000000022,1.0009999999999992
2022-09-27,0.0,-8.675999999999986,-5.780000000000019
2022-09-28,0.0,13.788214542834526,9.569000000000006
2022-09-29,0.0,0.0,-4.161999999999989
2022-09-30,0.0,0.0,-2.411000000000013
2022-10-01,0.0,0.0,1.5597172295290505
2022-10-02,0.0,0.0,0.0
2022-10-03,0.0,0.0,0.0
2022-10-04,0.0,0.0,0.0
2022-10-05,0.0,0.0,0.0
2022-10-06,0.0,0.0,0.0
2022-10-07,0.0,0.0,0.0
2022-10-08,0.0,0.0,0.0
2022-10-09,0.0,0.0,0.0
2022-10-10,0.0,0.0,0.0
2022-10-11,0.0,0.0,0.0
2022-10-12,0.0,0.0,0.0
2022-10-13,0.0,0.0,0.0
2022-10-14,0.0,-0.2195212435203772,-0.13079458941133282
2022-10-15,0.0,5.479000000000014,4.1259999999999994
2022-10-16,-0.23926342144958873,-0.9770000000000073,-0.7950000000000046
2022-10-17,-0.5199999999999818,-0.9040000000000146,-2.031999999999994
2022-10-18,-1.2800000000000296,-2.7459999999999853,-1.4049999999999956
2022-10-19,1.142081811149679,3.146387989190458,2.198962715396331
2022-10-20,0.0,0.0,0.0
2022-10-21,0.0,0.0,0.0
2022-10-22,0.0,0.0,0.0
2022-10-23,0.0,0.0,0.0
2022-10-24,0.0,-0.20730306708133478,0.0
2022-10-25,0.0,0.45400000000001456,0.0
2022-10-26,0.0,-13.761000000000022,-0.14789324226009468
2022-10-27,-0.2172058381361949,-1.0513790703461807,1.5655655524467913
2022-10-28,-2.9499999999999886,-10.82128374356543,-10.33000000000002
2022-10-29,20.20999999999998,22.347000000000044,25.32800000000002
2022-10-30,6.110000000000014,-4.236000000000022,-2.5579999999999927
2022-10-31,-2.009999999999991,-8.813999999999979,-6.724000000000024
2022-11-01,16.379999999999995,2.8020000000000436,1.0840000000000145
2022-11-02,-5.28000000000003,-2.2770000000000437,-2.717999999999984
2022-11-03,12.470000000000027,-6.18,-6.080000000000019
2022-11-04,14.819999999999993,8.207447672273387,6.866281595451194
2022-11-05,6.279999999999973,14.294000000000015,6.427999999999997
2022-11-06,-3.7099999999999795,-0.8720000000000436,-1.1679999999999837
2022-11-07,-20.24000000000001,-10.657999999999957,-6.372000000000003
2022-11-08,0.20999999999997954,-19.795999999999985,-8.178999999999997
2022-11-09,-24.789999999999964,-31.984348236974704,-22.337797500041752
2022-11-10,-24.02049457077052,-0.16206709845573436,0.0
2022-11-11,0.0,-5.84601134243451,-0.11473335336916507
2022-11-12,0.0,16.47,1.9230000000000018
2022-11-13,0.0,5.76,2.9910000000000085
2022-11-14,0.0,-2.9250000000000003,-2.872000000000003
2022-11-15,0.0,-5.117999999999957,-1.3100000000000138
2022-11-16,0.0,3.825,3.5390000000000104
2022-11-17,0.0,6.777000000000044,3.3869999999999894
2022-11-18,0.0,-5.376000000000022,-0.9339999999999918
2022-11-19,0.0,2.8919999999999346,0.3269999999999982
2022-11-20,0.0,0.8579361048539708,0.1410000000000082
2022-11-21,0.0,11.542000000000007,8.781999999999995
2022-11-22,0.0,5.862951913979884,3.2309999999999945
2022-11-23,0.0,-24.051000000000023,-7.555999999999995
2022-11-24,0.0,-1.62,-3.607999999999993
2022-11-25,0.0,4.185881280910441,1.91099999999999
2022-11-26,0.0,-2.511999999999971,-3.5129999999999884
2022-11-27,0.0,0.8071893476428348,0.42099999999998095
2022-11-28,0.0,2.9640000000000146,3.6322127995630527
2022-11-29,0.0,-2.6659999999999857,0.0
2022-11-30,0.0,-3.933000000000029,0.0
2022-12-01,0.0,-2.1809999999999854,0.0
2022-12-02,0.0,1.3199141219657324,0.0
2022-12-03,0.0,0.0,0.0
2022-12-04,0.0,0.0,0.0
2022-12-05,0.0,0.0,0.0
2022-12-06,0.0,-0.14596248393438568,-0.1070627920417295
2022-12-07,0.0,-2.388999999999978,-3.397000000000003
2022-12-08,0.0,0.3939999999999782,0.3763951470014384
2022-12-09,0.0,3.5618866722941696,0.0
2022-12-10,0.0,0.0,0.0
2022-12-11,0.0,-0.14584753432913966,0.0
2022-12-12,0.0,-2.376999999999971,0.0
2022-12-13,0.0,2.18,0.0
2022-12-14,0.0,6.8609999999999856,0.0
2022-12-15,0.0,-2.2656473772481838,-0.10605329744911168
2022-12-16,0.0,-8.17800000000003,-3.9000000000000004
2022-12-17,0.0,-10.044000000000015,-6.531515496834948
2022-12-18,0.0,-0.05422324334775924,0.0
2022-12-19,-0.1747857132445027,-0.13968829403556476,-0.09730255003724866
2022-12-20,-0.8499999999999943,-0.6469999999999709,-2.7670000000000075
2022-12-21,-0.5200000000000102,-0.4310000000000218,-0.42400000000000093
2022-12-22,2.6500000000000057,0.27900000000001457,-0.0009999999999990906
2022-12-23,0.25,0.020999999999985447,-0.30899999999999184
2022-12-24,0.9099999999999966,0.10100000000002184,0.047000000000002734
2022-12-25,0.060000000000002274,-0.02600000000002183,-0.2029999999999973
2022-12-26,1.8000000000000114,-0.10599999999998545,0.03599999999999
2022-12-27,0.46999999999999886,-0.07700000000000727,0.22400000000000092
2022-12-28,-0.9000000000000057,2.0220000000000073,2.274000000000001
2022-12-29,-1.0900000000000034,1.1059999999999854,0.23600000000001276
2022-12-30,0.710000000000008,0.17767693092960193,0.10099999999999909
2022-12-31,-1.6299999999999955,-1.2187584478242326,-0.4920000000000073
2023-01-01,1.7378798024665565,1.3079999999999563,0.19800000000000184
2023-01-02,0.0,-6.530999999999913,-2.1269999999999984
2023-01-03,0.0,0.3162147051139118,-0.038000000000010914
2023-01-04,0.0,-2.9559999999999853,-3.5661632610608356
2023-01-05,0.0,0.995506989306064,0.0
2023-01-06,0.0,-0.06344389919163732,-0.0979990261828353
2023-01-07,0.0,0.0,1.508999999999992
2023-01-08,0.0,-0.13157120652507476,-0.1349999999999909
2023-01-09,0.0,2.3074805720655096,4.557227087059697
2023-01-10,-0.18864733424765212,0.907962068488152,3.6097527227645467
2023-01-11,2.3100000000000023,9.093318176526289,1.671509925446897
2023-01-12,5.8257643648865685,62.165766199514906,32.99015637863171
2023-01-13,7.3599999999999,129.07004835374525,0.0
2023-01-14,53.80000000000007,281.53397382690497,0.0
2023-01-15,-38.539999999999964,-39.537103490870464,0.0
2023-01-16,6.560277430193442,6.2697037204137445,68.68000000000006
2023-01-17,3.819999999999993,18.015999999999913,15.370000000000005
2023-01-18,-1.2200000000000273,1.8680000000000292,3.919999999999959
2023-01-19,-9.889999999999986,-19.16,-24.845000000000027
2023-01-20,-2.519999999999982,7.188000000000029,12.176075071718321
2023-01-21,15.370000000000005,70.12,38.36800000000003
2023-01-22,-1.1100000000000136,8.52,-6.315999999999986
2023-01-23,1.2300000000000182,-7.608000000000029,-0.1107881133486465
2023-01-24,12.67999999999995,13.049296809415237,0.9119999999999892
2023-01-25,-14.5,-11.91,-25.244999999999962
2023-01-26,3.0,10.311000000000021,17.170092938555477
2023-01-27,-0.16999999999995907,-0.9120000000000437,-5.832000000000017
2023-01-28,2.2741324296393723,0.23700000000004365,1.6360000000000128
2023-01-29,0.0,5.837999999999957,0.5523327574301149
2023-01-30,0.0,11.439000000000087,3.021000000000004
