index,ewmac4,ewmac8
2020-01-01,0.0,0.0
2020-01-02,0.0,0.0
2020-01-03,0.0,0.0
2020-01-06,0.0,0.0
2020-01-07,0.0,0.0
2020-01-08,0.0,0.0
2020-01-09,0.0,0.0
2020-01-10,1.796212900776388,0.9940870610142661
2020-01-13,-2.922797257570637,-1.6147012652125745
2020-01-14,36.342144576938104,21.252899849785074
2020-01-15,12.530923918645838,6.660493765547462
2020-01-16,-15.041113223080893,-8.029729885498396
2020-01-17,-14.122784155081126,-10.158810067679047
2020-01-20,5.8224840121780375,3.6388656352883797
2020-01-21,0.49901119603068333,0.019388270340424674
2020-01-22,-0.13273250679249637,-0.0041403202847050125
2020-01-23,-17.382528846522597,-18.552769726777395
2020-01-24,2.586154302910606,4.345948579400775
2020-01-27,-2.019764198590279,9.23834466649694
2020-01-28,2.12837827745424,9.009782381786412
2020-01-29,14.101214118826952,12.142315739309927
2020-01-30,3.605106128349132,1.837551885987543
2020-01-31,9.43923585123031,7.180639413091386
2020-02-03,-9.806178697620119,-7.972700838864628
2020-02-04,-24.25267157098717,-20.754878146222453
2020-02-05,31.54337161172213,32.02019915294665
2020-02-06,38.04923222415204,44.240922786340604
2020-02-07,45.556905162568725,40.17276002341151
2020-02-10,-38.84684181101477,-32.43557440519572
2020-02-11,-6.729771500613418,-5.77251709303078
2020-02-12,77.29387050186689,74.07009221562066
2020-02-13,-14.752601174493249,-14.576114229017687
2020-02-14,-60.188498844495335,-62.751751627669556
2020-02-17,-36.154414695016,-46.75492231776024
2020-02-18,8.331772622984413,13.76191589722779
2020-02-19,18.567657283521466,49.69576936033548
2020-02-20,-27.595675255661718,-53.80409273586579
2020-02-21,-4.339983338866671,13.778192083785585
2020-02-24,0.7604532656387903,-7.487978328884239
2020-02-25,1.2470771553336677,-14.233002750695494
2020-02-26,7.158585552048306,-11.165303194818826
2020-02-27,8.151999131355256,-2.943661303701652
2020-02-28,27.621209581721644,6.72539059360445
2020-03-02,-29.175550557785282,-13.094329155989541
2020-03-03,9.297057764221531,5.084477951178928
2020-03-04,0.8677763087766106,0.7633882570404338
2020-03-05,-25.68109347144341,-19.174119177271155
2020-03-06,9.359734816601415,19.397561795978877
2020-03-09,37.53840606871486,45.92396534840743
2020-03-10,-27.07488765237217,-19.607270206370682
2020-03-11,20.95825996430326,14.728073813588683
2020-03-12,225.73774846981985,156.09224283652375
2020-03-13,120.15549418938227,88.93208422354026
2020-03-16,31.659678786303594,29.884077354419865
2020-03-17,-24.13721376734727,-23.113642217818906
2020-03-18,-5.818101349452018,-5.818101349452018
2020-03-19,-41.430857532390775,-41.430857532390775
2020-03-20,-45.679143099478665,-35.636544616952094
2020-03-23,-3.7900710990490474,-7.674584460992308
2020-03-24,-9.283077532414357,-17.394294701865228
2020-03-25,0.48021732700683,0.24535689184677212
2020-03-26,0.1311979767852598,0.8450712188974899
2020-03-27,-0.8510308551698088,9.48910433037946
2020-03-30,-1.1002773281034253,-3.8297934996112164
2020-03-31,-0.7213611910928532,-2.525067536870388
2020-04-01,0.5484792205505575,3.6391006543860938
2020-04-02,-1.7032597520451127,-8.840525287737815
2020-04-03,0.26876167819835856,0.21769011928901721
2020-04-06,2.388589670471287,-2.5840093804155204
2020-04-07,1.7838955550552846,-1.0921791300608104
2020-04-08,-1.233121228824296,0.018026024294373305
2020-04-09,1.8254349504711989,0.029222810851337492
2020-04-10,-17.48296960713303,-2.2733216383074297
2020-04-13,-1.8089890915211706,0.10281319361180194
2020-04-14,0.5284901667832441,-0.3618577330321358
2020-04-15,0.25070496644102164,1.094215686021702
2020-04-16,0.044334458997777555,-2.144929924270037
2020-04-17,-2.054540584329234,-1.0202519288513496
2020-04-20,-2.277012065303819,-0.5767286847331342
2020-04-21,-14.336690455489524,-5.106396473551959
2020-04-22,6.294837383525033,2.861928992901646
2020-04-23,7.184291056834521,3.9689097335934687
2020-04-24,12.081750363991091,5.751642069801165
2020-04-27,4.594970908785797,3.1194675202384983
2020-04-28,2.460942591677112,1.413603167611725
2020-04-29,105.15826602506073,68.3345990981113
2020-04-30,86.53858447335902,57.45247707865819
2020-05-01,-10.126503011683546,-7.730601467553134
2020-05-04,1.8871563330266445,1.0947976204496426
2020-05-05,11.685911799358824,9.48478501743723
2020-05-06,43.360074915363576,38.756280711649524
2020-05-07,30.579407813288476,28.70614304720442
2020-05-08,-107.59892111983784,-104.23364397635294
2020-05-11,11.86402504550654,15.410884028798579
2020-05-12,1.2501842555859395,1.71235137238968
2020-05-13,3.856627376378019,10.981546038807801
2020-05-14,11.674927454471492,33.00446057722474
2020-05-15,4.417058056123826,6.2252436880700746
2020-05-18,-3.7762110010675247,-5.29223120386534
2020-05-19,-0.33750278770625197,-0.4776456903924702
2020-05-20,3.0034543616355767,3.8096048803825378
2020-05-21,-30.58514576382907,-39.56617951447185
2020-05-22,3.1402206850644596,1.4501746362640322
2020-05-25,-1.1411533347931078,-10.294513477225367
2020-05-26,-0.4054847120113695,2.0488361119048375
2020-05-27,-6.303452989843298,9.684205329031924
2020-05-28,-6.452367075232449,7.841385605664906
2020-05-29,-0.30740145794336415,0.09444120646683096
2020-06-01,2.198976658238949,3.2740094047266304
2020-06-02,0.8373189352468504,1.147490406285467
2020-06-03,2.6520879192528004,0.911618512553255
2020-06-04,4.710244607910801,6.239476509420118
2020-06-05,-11.064911792042038,-16.543899499650088
2020-06-08,6.391914103007557,10.861978864790961
2020-06-09,1.306065507111184,2.309981486495503
2020-06-10,1.1743835113907224,2.2654779802330953
2020-06-11,-4.396346293848509,-8.212960724148168
2020-06-12,-6.313933521266366,-14.851652307647685
2020-06-15,2.254965259618124,-4.50207098586901
2020-06-16,-6.340555177806868,6.242807014075324
2020-06-17,0.35013477815569494,-0.43924530951307583
2020-06-18,-0.03670003998521559,0.20787260156743545
2020-06-19,0.7056345502663585,-1.768028090182157
2020-06-22,-2.708102088370059,0.6709018385807632
2020-06-23,-3.235954103430991,1.253672854505615
2020-06-24,-2.904236589382251,-5.298036367145693
2020-06-25,-0.23124577417154124,-0.6561269755037125
2020-06-26,0.1172057872827601,-1.1857684635413195
2020-06-29,9.646026932824585,3.148488644044416
2020-06-30,-12.254565332201228,-4.492834218129822
2020-07-01,-3.806395591523839,-1.9706500211466735
2020-07-02,0.8279497644268408,1.0204469310491022
2020-07-03,15.382363420501882,9.446899751895815
2020-07-06,-18.44521483387882,-14.438592191071113
2020-07-07,-1.3613909583497275,-0.35694486334971454
2020-07-08,-4.557394737099809,-8.657983042385574
2020-07-09,0.03796343309718633,4.804651329418969
2020-07-10,0.9554991187457406,3.469218601243034
2020-07-13,1.4715879027327725,-1.7029025451543598
2020-07-14,-2.185099615771838,1.2158825740934842
2020-07-15,0.09820490095529014,-0.5040346034470499
2020-07-16,1.0670992476731755,2.856354013840165
2020-07-17,-0.07309293569618777,-0.02071773564952309
2020-07-20,-2.6372442854207248,-2.51338286480663
2020-07-21,-12.575648227760412,-15.197595586697169
2020-07-22,2.5319926407279643,2.8886844642117033
2020-07-23,13.0031314570782,-1.640923392517537
2020-07-24,139.95381823993884,59.59292239187745
2020-07-27,184.20896280410213,91.39399168303962
2020-07-28,235.48337681963417,146.99761436982075
2020-07-29,-17.43492470762554,-12.649752108708023
2020-07-30,-30.308773351269547,-33.510383726552135
2020-07-31,52.722881151132924,52.656187386921545
2020-08-03,27.3732162334411,27.3732162334411
2020-08-04,-16.02392937796452,-16.02392937796452
2020-08-05,74.7109338544744,74.7109338544744
2020-08-06,34.242794781967326,34.242794781967326
2020-08-07,-38.608556916611526,-38.608556916611526
2020-08-10,52.4394370211879,53.551455548729884
2020-08-11,-53.88777899340346,-53.77626350333344
2020-08-12,-1.7112033340544013,0.7342487171331897
2020-08-13,-5.126828304342276,-8.233693591699229
2020-08-14,16.82678572334471,36.92948071855944
2020-08-17,27.10235979447607,44.98571939829797
2020-08-18,-16.249277219558234,-27.04183361843785
2020-08-19,-17.564411297634813,-23.771047774135177
2020-08-20,4.331630842100662,8.04611363711177
2020-08-21,-9.465984010294461,-19.525543054978844
2020-08-24,1.3730811252775692,9.525953515567954
2020-08-25,-5.2083287152677515,-26.02518362437713
2020-08-26,0.426749340087255,3.029692294417764
2020-08-27,3.203835066372627,-8.124866386866717
2020-08-28,-8.97351420746207,17.121448075302094
2020-08-31,-1.4246898353134068,4.772766616656051
2020-09-01,-1.336283130257774,8.512820336895633
2020-09-02,-24.49556540598551,-38.522575022286404
2020-09-03,-11.71003311852483,-23.51977464909186
2020-09-04,9.288383179593502,-19.619131891496707
2020-09-07,25.36141676350484,7.974791625144081
2020-09-08,-9.353802171283265,-2.683903335136299
2020-09-09,-18.663609484375726,-9.551332068347
2020-09-10,-17.613482808872412,-10.219876870318423
2020-09-11,3.388247043271149,3.254420934299894
2020-09-14,-20.415881905806614,-24.015968879550414
2020-09-15,-9.320305146654892,-10.795817632897233
2020-09-16,-5.24128494148444,-8.169190074437143
2020-09-17,-3.416894512151429,0.42075344861165487
2020-09-18,-1.9766899260378625,-2.5175589171427397
2020-09-21,-13.845490522928255,4.934703135513196
2020-09-22,0.7080333310441679,-0.26023878776887904
2020-09-23,0.1451357410954358,-0.41104059425776396
2020-09-24,1.1772510855241491,1.3531532258301993
2020-09-25,-8.549032739402707,-7.2920325574601375
2020-09-28,-2.212906926379016,-4.535116178449008
2020-09-29,-1.460163191650626,1.3788768636334587
2020-09-30,0.21422177927550215,-0.22908741101620467
2020-10-01,1.9988919476253473,-3.437874585316413
2020-10-02,-13.738674869296606,4.540607205652603
2020-10-05,-3.130650876995857,-3.786083245256726
2020-10-06,0.5804102529691921,1.1831892846152892
2020-10-07,-1.155460832671318,0.5862850228828027
2020-10-08,-1.6269983396707046,-6.3064659993362335
2020-10-09,5.072451802336541,-6.702972830398552
2020-10-12,10.605594576973091,3.6529174113161105
2020-10-13,-11.482167191346555,-6.013470954750918
2020-10-14,-0.6519600328090043,-0.2788291146097741
2020-10-15,-0.25650147617467356,0.5692541744487412
2020-10-16,4.677102433338308,5.781502795751509
2020-10-19,23.13712297433778,22.093053185906264
2020-10-20,29.737685932635852,28.710465258981554
2020-10-21,121.87214165358571,104.95883286291931
2020-10-22,34.151428143946916,25.10788615528188
2020-10-23,10.495045631661034,8.73433361733213
2020-10-26,31.911460210117397,31.911460210117397
2020-10-27,40.388172425917254,40.388172425917254
2020-10-28,-72.31849937872059,-72.31849937872059
2020-10-29,67.94658161614291,67.94658161614291
2020-10-30,52.07817969732651,52.07817969732651
2020-11-02,-46.625978884607164,-46.625978884607164
2020-11-03,44.178310655613544,48.32695732022748
2020-11-04,6.384571512946363,9.21764048821879
2020-11-05,134.0251610761054,166.95080370519122
2020-11-06,58.856208630867,66.49528539054073
2020-11-09,-27.471309810429403,-27.471309810429403
2020-11-10,14.213433577255298,14.213433577255298
2020-11-11,41.55690647728781,41.55690647728781
2020-11-12,38.27955141963611,38.27955141963611
2020-11-13,5.127238898182815,5.127238898182815
2020-11-16,36.801258770257,37.802883639455416
2020-11-17,75.31141129180793,77.98615670207634
2020-11-18,54.8642303209174,55.48808259293095
2020-11-19,40.88094052083291,40.88094052083291
2020-11-20,5.291518425658048,5.291518425658048
2020-11-23,27.802702417888874,27.802702417888874
2020-11-24,64.51522338443745,64.51522338443745
2020-11-25,-7.049776449987236,-7.049776449987236
2020-11-26,-193.84583684575875,-193.84583684575875
2020-11-27,14.900122610071028,49.21236633493795
2020-11-30,13.101028360968652,43.75339500265255
2020-12-01,-2.820393962437853,-8.10457592285109
2020-12-02,-9.366086485944113,-12.507422485208728
2020-12-03,12.461574390111942,15.558307094914849
2020-12-04,-7.979781066894704,-9.489551174400656
2020-12-07,1.795810722619736,2.8523383382504837
2020-12-08,-6.661543018870836,-11.095594066730856
2020-12-09,-7.1203094353660425,-13.129933771494343
2020-12-10,-2.997361751784567,-9.731428739631932
2020-12-11,-2.60514065817236,19.58372340678133
2020-12-14,0.14337267104674295,-1.2706842798434703
2020-12-15,1.1949099612887597,2.4243881741954625
2020-12-16,14.514490016265643,28.483277157113267
2020-12-17,33.803867968664576,53.96374096957122
2020-12-18,16.831583298747777,14.058980268008167
2020-12-21,-15.38205733234436,-12.294452555819493
2020-12-22,13.80467242399309,12.76396210886666
2020-12-23,11.80784389752147,11.98904117515611
2020-12-24,-20.290864907229214,-20.423378585568
2020-12-25,149.88458749745072,168.22734668864635
2020-12-28,-3.7979627644615386,-3.4571431409726783
2020-12-29,-24.08556194426088,-23.110324432518365
2020-12-30,59.65978387496227,59.676568623182504
2020-12-31,5.669533940585704,5.669533940585704
2021-01-01,215.60593971460386,215.60593971460386
2021-01-04,-59.66422740335742,-59.66422740335742
2021-01-05,7.024880815501117,7.024880815501117
2021-01-06,52.030968668941625,52.411986585915315
2021-01-07,109.03517436863176,109.09106055155526
2021-01-08,24.486598528232047,24.486598528232047
2021-01-11,-152.95514451423008,-152.95514451423008
2021-01-12,-9.60202625881449,-6.141638841130001
2021-01-13,14.020687074932447,17.340934849363748
2021-01-14,52.00184231981793,93.71208231045749
2021-01-15,-44.99084852450979,-73.86207457667068
2021-01-18,12.4555717170336,23.634696978243202
2021-01-19,1.9390274517310806,5.432132328055365
2021-01-20,-9.316074578373957,-22.282108846809802
2021-01-21,-10.733000432502743,-34.6530369260556
2021-01-22,1.3784329167604774,7.332301472520941
2021-01-25,-8.721617284343015,8.454015999493121
2021-01-26,9.402692446788718,-10.296998977565684
2021-01-27,6.434139642351852,-3.352457616172388
2021-01-28,-9.548727788932936,3.8279858854296873
2021-01-29,-29.515899639381843,-2.7280362218686873
2021-02-01,-0.04847550711542802,0.4298841893069192
2021-02-02,1.1725523864568843,3.0894569554978415
2021-02-03,2.316928195715307,4.55244957478264
2021-02-04,0.17487383962810332,0.5170442990459176
2021-02-05,2.269885465436185,3.5575513979230236
2021-02-08,60.68203864735975,48.58069178808392
2021-02-09,38.16539050218605,33.11618410370148
2021-02-10,-21.058396229975706,-13.87431958890284
2021-02-11,45.93382544110667,32.02430859469046
2021-02-12,12.73137433704773,11.999556236932943
2021-02-15,-17.74742150378191,-15.834928864434186
2021-02-16,25.38097476224327,24.70111871577857
2021-02-17,30.778671578529345,31.581178247997457
2021-02-18,14.814737557236107,14.98926950088251
2021-02-19,88.78884128640651,91.88154912583512
2021-02-22,-76.74162700851014,-76.74162700851014
2021-02-23,-81.50992935446801,-81.50992935446801
2021-02-24,1.920741145619626,5.749685725942565
2021-02-25,6.341027674348444,12.98638998588033
2021-02-26,-6.83107593466084,-41.868977074381704
2021-03-01,-10.010868861576984,11.503069154472184
2021-03-02,-2.1010781225470425,3.1215545273042857
2021-03-03,-1.0854089326486904,6.057342753219239
2021-03-04,-1.3290383218427668,-4.899720700621978
2021-03-05,-1.7883348587111354,4.452597602370031
2021-03-08,0.17286744194153458,0.31878981340195023
2021-03-09,5.547937597367604,13.756837542304467
2021-03-10,6.89301073528223,7.047657068849628
2021-03-11,3.637720144612165,3.6623634542937946
2021-03-12,22.60196662843531,20.485461267871052
2021-03-15,-36.213295379283444,-30.425809178397284
2021-03-16,-3.1280839168310846,-3.051164828180193
2021-03-17,-5.857666683916147,-7.22323380462048
2021-03-18,15.42727535516538,21.572457584157462
2021-03-19,-11.531234481732927,-14.898048382191604
2021-03-22,-1.0966639668997988,-1.712005803145386
2021-03-23,-10.891567441572214,-20.148044641153927
2021-03-24,2.9637637443450218,13.642406307598073
2021-03-25,-10.344125976691247,-47.2295035111654
2021-03-26,-12.138510378131294,23.123789321129248
2021-03-29,-1.3166688680949226,11.072087423833647
2021-03-30,2.2480101909796,4.473912029637455
2021-03-31,-0.5775325210738596,-1.7150175704890338
2021-04-01,1.5082071283191434,2.810794890506344
2021-04-02,-9.070815984017742,-10.296383859506461
2021-04-05,6.048445203176879,10.538973838770323
2021-04-06,-5.067483412126037,-10.983181232078348
2021-04-07,-5.921295734379191,-11.900480560115254
2021-04-08,3.483287451668497,8.683758620982708
2021-04-09,0.6949905190348324,16.580820273712646
2021-04-12,2.71578960394714,3.451531529405764
2021-04-13,33.795214508664536,38.349286673394644
2021-04-14,-0.6528546419915351,0.27835251062381694
2021-04-15,-5.844803942242716,-4.995734321885955
2021-04-16,-108.4381847392901,-128.42164843383617
2021-04-19,4.665993295671103,5.966302036581257
2021-04-20,-1.6485117895310788,-1.7338693484752024
2021-04-21,-6.4418260835687,1.7648965607886602
2021-04-22,12.089067405550772,-0.6420981488853119
2021-04-23,43.826217818155655,4.943489846282276
2021-04-26,-45.746580201464305,-22.250063981144
2021-04-27,-14.870610570456297,-8.888351416021585
2021-04-28,3.34083724842032,2.7313534747094677
2021-04-29,3.6743546478995563,3.472591957080334
2021-04-30,-13.25125926831341,-14.306459943767209
2021-05-03,1.8528881311298684,-0.996976322440192
2021-05-04,-10.861584656971056,0.13691134911577832
2021-05-05,3.084195579436658,-0.0851337349364271
2021-05-06,0.9469569730506611,0.038065050892668345
2021-05-07,-0.7608783299013913,-0.38982845425570245
2021-05-10,-1.3880034602849496,-0.6703089482244238
2021-05-11,-4.20259377978511,-2.5570672045545
2021-05-12,1.2803611894419604,0.6725028888432723
2021-05-13,-5.781549979911894,-5.867518597721566
2021-05-14,14.00037651397462,6.166435366008131
2021-05-17,37.19607076988076,19.408684546093987
2021-05-18,11.408724932103812,6.107926571587411
2021-05-19,86.72672679663044,53.09334350448793
2021-05-20,-65.92013091963032,-41.88984975183425
2021-05-21,125.32365094486507,103.64909195565122
2021-05-24,-63.360283846339684,-64.09386136916284
2021-05-25,0.7873052636019557,0.7873052636019557
2021-05-26,-23.556854929927137,-23.35615074833874
2021-05-27,-9.945766069076294,-13.179632625915033
2021-05-28,51.77451903369197,66.71064569152871
2021-05-31,-14.573628519000248,-18.596405218676228
2021-06-01,-0.7067338477212548,-0.5650246317907754
2021-06-02,-11.217385787091029,-17.160891116418945
2021-06-03,-6.567908606286679,-11.082518915989649
2021-06-04,12.869902174627986,30.271649610644616
2021-06-07,0.4064650338456728,0.88194319001903
2021-06-08,32.47051671703895,69.37652469569186
2021-06-09,-31.627405780091298,-46.5574160654656
2021-06-10,-25.376369537222192,-37.553278657797506
2021-06-11,6.348294699437927,16.946951014804895
2021-06-14,-26.644205816304808,-69.33329624591306
2021-06-15,-0.8869312407675602,4.713453920191315
2021-06-16,-4.403901743322973,8.826721559429075
2021-06-17,0.35533711399185886,-0.15183996072572747
2021-06-18,-16.965752785888863,29.668518825657472
2021-06-21,6.6865725608599496,12.446600536131335
2021-06-22,22.158110973388197,24.158131521894283
2021-06-23,-48.463429258499936,-44.84656673044506
2021-06-24,1.7186718058997288,0.6590903075392311
2021-06-25,7.424264942925555,11.831599021672993
2021-06-28,-9.393406546513773,-11.39937416444739
2021-06-29,-11.399724365485564,-17.67449861306311
2021-06-30,4.15424320813509,13.344973944978692
2021-07-01,2.7293415769425686,10.73616594766873
2021-07-02,-5.760001865320084,-16.73936245304057
2021-07-05,-0.894163983765729,10.897643796292591
2021-07-06,-0.14664315613904216,-2.9207207843960115
2021-07-07,0.3686160664749729,-2.536185886397511
2021-07-08,-1.3821531696668186,9.492679690647742
2021-07-09,-3.601464850715954,-7.205539467504524
2021-07-12,1.6228255732794261,3.476483387102258
2021-07-13,1.3694023523422914,5.060002663034926
2021-07-14,-0.5548385206987801,-1.8225849422726594
2021-07-15,6.567010810245381,8.215432410037522
2021-07-16,5.071981603916801,5.123180901253405
2021-07-19,4.808296095893114,5.598008871252132
2021-07-20,10.052913819780656,11.860471427443537
2021-07-21,-26.331011225019026,-25.31231385058223
2021-07-22,-7.323118347617843,-7.560154859805916
2021-07-23,-13.345175554040782,-32.49141950168328
2021-07-26,41.4858665836913,-34.26100044749292
2021-07-27,-3.9976583821820735,-2.223894131991662
2021-07-28,29.972386273304277,5.86815394105608
2021-07-29,11.147515378510267,3.1322135088626335
2021-07-30,38.20834371178295,20.323530232478216
2021-08-02,-47.13495015296275,-29.686413838020066
2021-08-03,-31.56946787334379,-22.78246250270765
2021-08-04,13.47469304269577,12.487959630778828
2021-08-05,0.011948479875281137,-0.8924978454482275
2021-08-06,49.93587658108194,59.02377962945322
2021-08-09,37.43561194950977,28.660694867370704
2021-08-10,-5.9737549171765725,-5.140639356960219
2021-08-11,28.15344629132582,22.15041302813128
2021-08-12,-58.50083037065978,-48.02131250581174
2021-08-13,33.98395517107247,30.51596231841153
2021-08-16,5.843518936402062,5.386941984642883
2021-08-17,-2.435375275000607,-2.8621011054988914
2021-08-18,-8.631450422798718,-10.424140187849122
2021-08-19,2.2876915333155434,1.7682639947991436
2021-08-20,17.206870335060675,41.245269339129905
2021-08-23,23.83080171298063,28.64653777820361
2021-08-24,-22.151421489877485,-24.450169527997637
2021-08-25,-2.3487209299804483,-2.492303529014901
2021-08-26,-18.72614227376431,-30.637415918640908
2021-08-27,10.262050658150347,24.27304005585875
2021-08-30,-4.717474073185832,-9.179597858306769
2021-08-31,-2.6246415290183114,-6.412689172268893
2021-09-01,0.2546888537919205,0.2025935032717725
2021-09-02,10.212441869370599,38.187472558943384
2021-09-03,6.09166422349204,11.249430901622912
2021-09-06,20.079044213820573,28.154065187828216
2021-09-07,-77.57403846096082,-92.98647543998551
2021-09-08,-22.284269412578006,-27.0444494560762
2021-09-09,4.717283449039486,12.49636353666737
2021-09-10,1.7974430320155796,-8.812183864586228
2021-09-13,16.498877099275788,-3.429648995383607
2021-09-14,-26.28030828135697,0.42225093955179727
2021-09-15,-11.684657964479863,-0.5715538574745741
2021-09-16,0.1808631906034791,-0.20823790658394192
2021-09-17,-3.7469668394498554,-1.3115720033752774
2021-09-20,-14.010196829473935,-13.751161384894857
2021-09-21,3.636087038620393,-1.4006400497922418
2021-09-22,4.615905316064792,1.819176360202206
2021-09-23,-19.287740826680054,-5.051782227780706
2021-09-24,12.428289691607969,3.0125012609710535
2021-09-27,1.432626455091397,0.8134117820895324
2021-09-28,15.418353350537544,11.046693132324615
2021-09-29,-6.715086193095899,-4.7626223167219415
2021-09-30,-8.109868564263701,-6.695612408069985
2021-10-01,-32.5455528391631,-31.907215996733584
2021-10-04,-4.312781629166238,0.3356197491338645
2021-10-05,25.88694666086999,3.0071631701037105
2021-10-06,69.69314357031054,20.573900110955243
2021-10-07,-13.993424120750841,-6.171227841572491
2021-10-08,29.583709159881213,16.250812422849528
2021-10-11,53.29662137495844,38.95170737809679
2021-10-12,-23.348625810225943,-18.851237467008726
2021-10-13,-14.912764170145127,-12.856098550741077
2021-10-14,32.0682864872497,28.61252962851212
2021-10-15,70.03509576220247,63.95518931802136
2021-10-18,24.47233368842669,24.47233368842669
2021-10-19,10.223145643056064,10.223145643056064
2021-10-20,99.37620966243108,99.37620966243108
2021-10-21,-76.05261518850094,-76.05261518850094
2021-10-22,-82.28453957946583,-88.6521245379555
2021-10-25,39.506819325021354,70.6000147936338
2021-10-26,-16.545523805860395,-27.96759537054848
2021-10-27,-32.87807758161969,-56.01290170277558
2021-10-28,9.010122127244014,32.69495056978248
2021-10-29,-3.8909407436898364,-13.035741194086878
2021-11-01,2.651145453678379,11.335925152993092
2021-11-02,7.409766150304022,22.918274345246743
2021-11-03,-5.431162246558637,-16.20328650584161
2021-11-04,-1.4412272045647778,-2.2148015060022566
2021-11-05,-3.372191872322248,-2.4621338000268747
2021-11-08,8.979942073927589,36.51373893268698
2021-11-09,11.111984496774532,21.400529343529605
2021-11-10,17.405071377527015,14.58829868421139
2021-11-11,-47.208799929797856,-45.58843499413138
2021-11-12,-12.378854203755479,-11.447768101155912
2021-11-15,2.1863484319243915,5.473591349011156
2021-11-16,-23.74574775128995,-44.09325017058443
2021-11-17,-0.8072452173804312,-9.667931371210168
2021-11-18,3.8735062876774364,-3.055740336257178
2021-11-19,-5.163520812493618,-5.901315052768875
2021-11-22,7.809999603562411,1.8247205291759487
2021-11-23,7.150157844644909,2.0310059737538975
2021-11-24,20.35599857833287,6.849534554207361
2021-11-25,-34.304954334126585,-14.913266628129108
2021-11-26,47.25600804424097,26.33823472611913
2021-11-29,-36.68109251271929,-23.99824809407627
2021-11-30,-12.207605685498145,-10.10809672308832
2021-12-01,1.325781324099781,-0.2669164736698235
2021-12-02,7.467700118581774,8.90598740563702
2021-12-03,40.03986329528274,61.526983230540644
2021-12-06,6.958049481875124,4.41991175262349
2021-12-07,-40.10716740302089,-26.991537532340203
2021-12-08,6.163386857799036,5.439493271796268
2021-12-09,18.267467294441076,16.43945247107758
2021-12-10,-12.697789008727593,-12.534516337175793
2021-12-13,16.61880148722207,18.097843605145833
2021-12-14,5.760391593650741,6.32730534334484
2021-12-15,-1.024278068411434,-1.0544151137747373
2021-12-16,-7.522295306032502,-10.662949105673938
2021-12-17,5.96341623572511,9.958144574209804
2021-12-20,6.885012725319571,9.472534650882782
2021-12-21,-15.1662687119557,-20.378196304207364
2021-12-22,-0.34464822812848384,-1.280141877733877
2021-12-23,0.36306831055234395,1.4510740574013807
2021-12-24,-6.235471106520558,-10.455879888411243
2021-12-27,2.5193024143341387,-5.592233150332501
2021-12-28,-4.583168803880754,7.017188653455221
2021-12-29,-1.2964449991851044,3.4913314128550157
2021-12-30,1.6483496585202844,4.611055177232524
2021-12-31,-0.30298744521568927,1.888868531652142
2022-01-03,2.626051516215702,3.424587347980221
2022-01-04,-4.987174711693282,-6.4514571320444905
2022-01-05,7.085631451810493,9.009649183244509
2022-01-06,47.813563460080836,60.782160187381876
2022-01-07,20.988887815906388,18.177090560267906
2022-01-10,20.674741971216882,17.471481435727974
2022-01-11,-21.8601687663549,-19.563003431920638
2022-01-12,-54.35301329430827,-54.17005996608545
2022-01-13,-4.951745920796796,-6.795240296724268
2022-01-14,17.672125368022325,20.059219280954885
2022-01-17,7.363185686192711,13.879651917619187
2022-01-18,12.551069595635129,24.736287051152043
2022-01-19,-16.62264061522921,-27.61434955945967
2022-01-20,-9.997636785801411,-13.137323932580246
2022-01-21,141.43682964629699,195.9838859719363
2022-01-24,50.91616144728157,47.27660671011791
2022-01-25,-79.85855602699344,-78.58329689907238
2022-01-26,-58.89542432514952,-58.89542432514952
2022-01-27,35.20314227589721,38.521844700924966
2022-01-28,-18.414924296023198,-24.937936730838924
2022-01-31,3.001937555806924,6.741539827373024
2022-02-01,-12.661368884093086,-25.328025249918962
2022-02-02,5.286380820787481,17.423803563668656
2022-02-03,6.363885733391672,24.474166666655627
2022-02-04,-33.475431976615056,-91.71084000425246
2022-02-07,17.43929340175613,-13.62478042230125
2022-02-08,0.7099233331431933,-1.9026854648410203
2022-02-09,9.466038258107833,0.6742448744432927
2022-02-10,4.763790942198474,1.0428890171897895
2022-02-11,-31.84675474310691,-9.610019298928137
2022-02-14,-0.14233455076251603,-0.0838571735395142
2022-02-15,12.484290576736878,6.777344714678679
2022-02-16,-7.883040057513162,-4.180435478286953
2022-02-17,-27.89216601553928,-15.538425779763864
2022-02-18,-24.568498431532465,-22.51549962547573
2022-02-21,-4.332348766043051,-0.45406697339868773
2022-02-22,7.11424534914438,2.4402440294138774
2022-02-23,-10.041981541889097,-4.566225382185093
2022-02-24,43.464271450293126,21.931312236687905
2022-02-25,-55.80946382754411,-27.991116698421006
2022-02-28,-7.7108398676146255,-7.057988384761958
2022-03-01,-24.50606233608855,-26.535253328864595
2022-03-02,4.281750527013136,-1.227374960514791
2022-03-03,-7.440121279428686,1.2888110124844652
2022-03-04,-34.760182682476994,-6.3154543560933165
2022-03-07,0.0846971634037999,0.02383689915005073
2022-03-08,0.9233557542388737,0.41160755323630205
2022-03-09,-14.119024704074363,-7.57191881617693
2022-03-10,-2.458735298416055,1.551109261601707
2022-03-11,0.537188604035151,0.5476316191606267
2022-03-14,-0.6414655528999834,-0.5172280115445702
2022-03-15,0.22025700671666315,0.1704360102452156
2022-03-16,-5.42804145374871,-4.30518154994282
2022-03-17,0.41482153732790683,0.12823299098291802
2022-03-18,0.15086751655601185,-0.7464690003256013
2022-03-21,-1.7447066322171028,-0.4333626833202811
2022-03-22,7.629657406759175,2.7117638887396804
2022-03-23,-2.0479208465323007,-0.8282254533649644
2022-03-24,7.868732876739722,3.880422133160324
2022-03-25,11.028745764267718,6.300278457422133
2022-03-28,53.895660829751385,35.057065247227044
2022-03-29,4.757119534130165,2.923843585222306
2022-03-30,-16.105346732036974,-10.341047052568847
2022-03-31,-14.218703839538538,-10.316047356558109
2022-04-01,-3.8210999840748174,-1.78233261259191
2022-04-04,-14.258255135757135,-16.388422071583868
2022-04-05,-0.978138174955129,-0.5855937947556775
2022-04-06,-37.46419777344466,-49.73691052783817
2022-04-07,-12.815117377182009,-22.161948896502007
2022-04-08,1.3612305906737372,-10.729913852679953
2022-04-11,30.66974663785745,-9.536910723672214
2022-04-12,14.229943349165275,-2.1000334954536823
2022-04-13,-14.645644654936419,-1.3684019713868607
2022-04-14,7.9397861819093425,3.577134406808981
2022-04-15,4.249847434399193,-0.043504008374270264
2022-04-18,22.600763736503676,13.524253857504485
2022-04-19,-56.59495688385103,-34.39127426113912
2022-04-20,0.864520835965463,0.2605392689410426
2022-04-21,-8.334615418815208,-9.801362560390595
2022-04-22,15.95293719075553,24.53883747319988
2022-04-25,9.493497459023258,8.831969275757617
2022-04-26,-4.27545044327629,-3.2813017364224866
2022-04-27,12.186565909537002,9.377935681332016
2022-04-28,-7.5939508786324925,-7.892580535567276
2022-04-29,14.621947804820977,16.745324402374436
2022-05-02,-12.047098728117497,-12.241242779960523
2022-05-03,8.036769904028356,8.642350250634438
2022-05-04,-6.89447219430684,-8.030693481745296
2022-05-05,5.8715783725446,8.626625212212716
2022-05-06,49.59700146940231,56.39731525881234
2022-05-09,48.104489751595025,37.160558614535795
2022-05-10,40.994160245882306,30.668903724153786
2022-05-11,-22.828194792424963,-17.917539190839022
2022-05-12,72.34292891276768,62.84471160216122
2022-05-13,-12.466055022965772,-15.424039163911171
2022-05-16,14.104483622175417,14.104483622175417
2022-05-17,-16.888425331461043,-16.888425331461043
2022-05-18,19.727520241544795,24.065128937566243
2022-05-19,-13.313487785649917,-17.553430858280876
2022-05-20,0.7714042882638068,-2.363122871605224
2022-05-23,-4.79611550881621,-7.901435511162736
2022-05-24,15.438629986056716,30.483716404717665
2022-05-25,-9.598907335716659,-17.93518948410405
2022-05-26,6.242720593085131,12.21942828945954
2022-05-27,-0.4662718785739736,-0.8630338829416804
2022-05-30,-12.36474102652152,-24.716224925807612
2022-05-31,-6.090312110784013,-20.75849463512915
2022-06-01,-2.947059275866105,8.301836137324557
2022-06-02,-4.26769235330992,16.76991125218423
2022-06-03,0.3541711785607298,3.6080078303542984
2022-06-06,-5.66697103250332,-22.69844597865516
2022-06-07,-4.7466859309362714,22.962922785786407
2022-06-08,-1.1876723176250983,-8.32116803268578
2022-06-09,0.0114680131270893,4.335161762578557
2022-06-10,5.172953445609019,30.15568190425851
2022-06-13,83.64330666847162,85.01867495178854
2022-06-14,11.659165740461498,5.582628977210541
2022-06-15,44.19752351719597,32.42111785257579
2022-06-16,8.662401213967286,8.894301180552578
2022-06-17,44.21732443529306,43.94704815210125
2022-06-20,-41.20202438316765,-41.20202438316765
2022-06-21,-20.825621201346426,-20.825621201346426
2022-06-22,23.265329160896563,25.09204742851861
2022-06-23,3.376243741903604,2.5540784931445906
2022-06-24,-12.769941379251373,-20.717482627718617
2022-06-27,7.161701480981409,14.303730407059623
2022-06-28,-0.18307973167894787,-0.6179701279660561
2022-06-29,6.867557925734549,16.13241981250672
2022-06-30,11.40631042081755,21.85206801020931
2022-07-01,1.0654678862011095,1.4008125108238723
2022-07-04,-9.250892101987496,-14.010274038459222
2022-07-05,1.993011970628492,3.4584526374445828
2022-07-06,-8.825409907576532,-16.958829186195384
2022-07-07,-5.761621135450504,-15.002543198074303
2022-07-08,-8.651736719032536,2.946214912935946
2022-07-11,-3.722756309715902,11.3282505529198
2022-07-12,-1.1711248737439612,11.976784789678092
2022-07-13,1.576306232712654,8.86555595012831
2022-07-14,-4.754760260329986,-12.632860961945772
2022-07-15,-14.318953203459113,-48.97987852188699
2022-07-18,11.432423405295207,-34.28588206117203
2022-07-19,3.5951884120857214,-14.835474224581365
2022-07-20,47.420411045801245,-27.706608018132698
2022-07-21,-67.48849676942004,5.574734683268394
2022-07-22,2.6239783944582573,-2.315219308226445
2022-07-25,-30.784645327567546,-8.918475857864234
2022-07-26,-21.92797192082156,-7.373565308497624
2022-07-27,-2.0688716680208223,-0.5469003322285486
2022-07-28,-3.866173034897467,-2.2938795985945797
2022-07-29,-10.649621183161356,-5.906598945604326
2022-08-01,-8.154727449787405,-4.138051245292943
2022-08-02,-10.054769336210558,-5.642706968732316
2022-08-03,4.183288457126792,3.353718612630615
2022-08-04,-5.918370118546521,-4.775289322603937
2022-08-05,2.050114153936615,2.1215019224529
2022-08-08,7.350167680837293,10.488333255944607
2022-08-09,-15.148596214235,-12.877058455914053
2022-08-10,15.88967262888929,13.061389171077714
2022-08-11,5.61379097718568,6.5421994713460725
2022-08-12,-0.08580614379525986,-0.1377874089865716
2022-08-15,-9.686266535475383,-7.972116596769477
2022-08-16,-6.761343713226614,-7.242486188029085
2022-08-17,-4.724763339445397,-6.379583442364689
2022-08-18,0.9281258995651284,1.2306676381225958
2022-08-19,-8.638629378179091,-27.66070196876525
2022-08-22,6.807485864810783,1.7455149450237655
2022-08-23,-9.397682574382298,-2.652419587326442
2022-08-24,-0.17232617799084404,-0.05363957374820694
2022-08-25,-8.005620061833918,-3.6347948974363353
2022-08-26,57.25615022291624,37.40812841169002
2022-08-29,-10.544912765200065,-6.899645097136965
2022-08-30,16.945750125995694,11.80089154294563
2022-08-31,-10.456133736656053,-8.769398873930852
2022-09-01,14.794243798909378,13.195281302642542
2022-09-02,-0.4471166561904045,1.8305021811491349
2022-09-05,-3.6019286370025307,-3.7858850715949246
2022-09-06,0.2517660794405221,0.31781685791313974
2022-09-07,38.79261381070753,50.94903302518394
2022-09-08,-21.760933511064707,-22.584123991537233
2022-09-09,-92.00430364248855,-107.76431668577327
2022-09-12,11.240676239249643,-11.644867040193715
2022-09-13,-33.031332122291914,8.438464767535116
2022-09-14,-28.249096179151856,0.6011603029483046
2022-09-15,-11.205783105775438,1.2807073853426314
2022-09-16,-0.7065515683256143,-0.8404328783257904
2022-09-19,6.882999246367607,6.591409079229528
2022-09-20,3.379562253280523,3.1353707992553814
2022-09-21,-4.419744734342362,-3.028499946151825
2022-09-22,8.987470575229304,7.145732280729565
2022-09-23,-1.168561778735454,-0.7416358816939383
2022-09-26,-3.7790871311847845,-4.35745872716395
2022-09-27,-14.14307530115412,-19.991419941732246
2022-09-28,5.68934134210478,12.866281815259324
2022-09-29,2.1053582919902074,2.4564541332934176
2022-09-30,-1.63474409455885,-0.11690879622641148
2022-10-03,-1.2308290725201072,-3.325980158476169
2022-10-04,-3.389147833239265,-7.382502828877882
2022-10-05,-0.10385131008472004,2.235407311734974
2022-10-06,0.7331885371082174,-1.878121159272617
2022-10-07,-5.362573811372184,2.7702371664275915
2022-10-10,0.36809821824485256,1.809032928267147
2022-10-11,1.4142340379572529,2.0398456158928346
2022-10-12,-0.11221556915584868,-0.4132894944626151
2022-10-13,7.979856557014331,8.206324209839943
2022-10-14,-10.097128143957121,-8.42023726168699
2022-10-17,-4.597675486505059,-6.3646560454098475
2022-10-18,0.4228147516674121,0.9308409506532596
2022-10-19,1.0488435520132495,3.975112933083108
2022-10-20,-0.6213286733209339,-2.4710385463217612
2022-10-21,0.876953472716615,2.0783332535456753
2022-10-24,-1.561734227827568,-2.738153667000323
2022-10-25,-2.1197866927284235,-6.896127325051313
2022-10-26,-6.748159524490486,-40.92801963574456
2022-10-27,-11.590431450414565,-1.0313171683708022
2022-10-28,5.34726534785432,1.4511247682370658
2022-10-31,-26.788503995912947,-12.869179607288514
2022-11-01,4.415839992342839,2.2088046361755858
2022-11-02,1.7460846166247372,0.9915528462518939
2022-11-03,-5.334445335086466,-4.0656332267501005
2022-11-04,27.27064295416162,28.25667060417395
2022-11-07,-30.341105069346956,-23.19292994902077
2022-11-08,-43.48275726078232,-42.503841576763215
2022-11-09,-2.689526753854975,-33.82920115933118
2022-11-10,-18.35202628577721,-10.657279573133238
2022-11-11,56.478541484639116,18.714347084281922
2022-11-14,1.4849655644002064,0.5488610143316972
2022-11-15,-19.612317694124037,-13.033743691761694
2022-11-16,25.84171072148283,18.25588554205677
2022-11-17,-0.622792025738329,-0.7620378927878529
2022-11-18,-3.2897404031252684,-1.655798088560993
2022-11-21,19.477874342185295,21.46090118434612
2022-11-22,2.4082808400901325,2.607099121841047
2022-11-23,-19.800659072532273,-20.397234967602042
2022-11-24,-2.636509764055936,-3.698704140030099
2022-11-25,-0.051251247518428814,-0.006645147752929777
2022-11-28,6.759744664931188,13.575157050980758
2022-11-29,-3.4746960685635733,-6.0123159002843884
2022-11-30,-9.210713776062065,-18.893679906617262
2022-12-01,-2.88857419590599,-9.647963772156915
2022-12-02,1.526561181419649,4.222729933766355
2022-12-05,1.2973675550701107,-7.258139487788263
2022-12-06,-4.240779782631407,10.107724559286808
2022-12-07,-3.1825149693687513,6.344397180107763
2022-12-08,0.5057917430360277,-3.5160889380813853
2022-12-09,-0.7699766200284001,-14.385491433633613
2022-12-12,-3.225771299497616,4.195422535069937
2022-12-13,8.979070929465577,-26.560138930202026
2022-12-14,3.3892546933724157,-4.154114471992023
2022-12-15,-27.700774850072957,3.8090439033570327
2022-12-16,-34.05977155470092,-0.5564896305376887
2022-12-19,-0.2103968356133854,-0.20224515402880117
2022-12-20,-6.096665217906517,-5.145233155839691
2022-12-21,3.346110038863085,3.2407339406314
2022-12-22,3.5032910529261594,4.2199617993176775
2022-12-23,-4.247238144046535,-5.234929173759251
2022-12-26,0.008446427655280864,-0.08953334033360782
2022-12-27,1.286301712590029,2.084622916394
2022-12-28,0.5978557406347853,1.2689830088430734
2022-12-29,1.461447930091435,3.8393630847931313
2022-12-30,4.253735252549526,4.5898209635770595
2023-01-02,-9.655395123538229,-10.25624855530026
2023-01-03,0.49065244037065736,1.7488297562788935
2023-01-04,-4.456263342398576,-8.991726936043301
2023-01-05,-0.6529556524129614,-0.5535080907906362
2023-01-06,0.8668450311271001,-4.202588449769566
2023-01-09,15.921777889450246,-9.73254256976846
2023-01-10,1.6096917242594646,-0.23564215364002705
2023-01-11,20.653226754046294,2.7284499799801116
2023-01-12,245.03384493222143,93.2402143104038
2023-01-13,589.2747378213139,356.93594103082853
2023-01-16,4.585857099888527,2.111941268742458
2023-01-17,34.78330508283772,31.54144621184287
2023-01-18,11.3360042228568,11.749924917642765
2023-01-19,-50.41208321567081,-50.41208321567081
2023-01-20,172.65545346830194,172.65545346830194
2023-01-23,-24.683671487096365,-24.683671487096365
2023-01-24,15.585614274876686,15.585614274876686
2023-01-25,-28.113470053101906,-28.113470053101906
2023-01-26,39.78596304235388,39.78596304235388
2023-01-27,-6.059252777908525,-6.059252777908525
