index,BNB-USDT,BTC-USDT-SWAP,ETH-USDT-SWAP
2020-01-01,0.25,0.5,0.25
2020-01-02,0.25,0.5,0.25
2020-01-03,0.25,0.5,0.25
2020-01-04,0.25,0.5,0.25
2020-01-05,0.25,0.5,0.25
2020-01-06,0.25,0.5,0.25
2020-01-07,0.25,0.5,0.25
2020-01-08,0.25,0.5,0.25
2020-01-09,0.25,0.5,0.25
2020-01-10,0.25,0.5,0.25
2020-01-11,0.23183794558375773,0.5121080362774949,0.25605401813874745
2020-01-12,0.21601900287854076,0.5226539980809728,0.2613269990404864
2020-01-13,0.20211763089836898,0.5319215794010874,0.2659607897005437
2020-01-14,0.18980545185755995,0.5401296987616266,0.2700648493808133
2020-01-15,0.17882501722539654,0.5474499885164024,0.2737249942582012
2020-01-16,0.16897163807091872,0.5540189079527208,0.2770094539763604
2020-01-17,0.16008052853428884,0.5599463143104741,0.2799731571552371
2020-01-18,0.15201753406498497,0.5653216439566766,0.2826608219783383
2020-01-19,0.1446723300873353,0.5702184466084432,0.2851092233042216
2020-01-20,0.1379533558034653,0.5746977627976898,0.2873488813988449
2020-01-21,0.13178398775624225,0.5788106748291718,0.2894053374145859
2020-01-22,0.12609961307403,0.5826002579506466,0.2913001289753233
2020-01-23,0.12084536491216434,0.5861030900585571,0.29305154502927855
2020-01-24,0.11597435164592813,0.5893504322360479,0.29467521611802394
2020-01-25,0.11144625862183227,0.5923691609187784,0.2961845804593892
2020-01-26,0.10722623411924784,0.5951825105871681,0.29759125529358404
2020-01-27,0.10328399433354385,0.5978106704443041,0.29890533522215207
2020-01-28,0.09959309873801064,0.600271267507993,0.3001356337539965
2020-01-29,0.09613035914859255,0.602579760567605,0.3012898802838025
2020-01-30,0.09287535456903433,0.6047497636206437,0.30237488181032185
2020-01-31,0.0898100303653152,0.6067933130897899,0.30339665654489495
2020-02-01,0.08691836514976876,0.608721089900154,0.304360544950077
2020-02-02,0.08418609239608513,0.6105426050692766,0.3052713025346383
2020-02-03,0.08160046657382813,0.6122663556174479,0.30613317780872396
2020-02-04,0.07915006571192072,0.6138999561920528,0.3069499780960264
2020-02-05,0.07682462393836997,0.6154502507077533,0.30772512535387664
2020-02-06,0.07461488881753264,0.6169234074549782,0.3084617037274891
2020-02-07,0.07251249930407695,0.6183250004639487,0.30916250023197434
2020-02-08,0.07050988091943572,0.6196600793870428,0.3098300396935214
2020-02-09,0.06860015538049981,0.6209332297463335,0.31046661487316674
2020-02-10,0.0667770624081157,0.6221486250612561,0.31107431253062806
2020-02-11,0.06503489184233711,0.6233100721051086,0.3116550360525543
2020-02-12,0.06336842451349653,0.6244210503243357,0.31221052516216785
2020-02-13,0.06177288057927067,0.6254847462804862,0.3127423731402431
2020-02-14,0.06024387425058672,0.6265040838329422,0.3132520419164711
2020-02-15,0.05877737400323633,0.6274817506645092,0.3137408753322546
2020-02-16,0.05736966751508226,0.6284202216566118,0.3142101108283059
2020-02-17,0.05601733068677612,0.6293217795421493,0.31466088977107465
2020-02-18,0.054717200201711634,0.6301885331988589,0.31509426659942946
2020-02-19,0.05346634916229726,0.6310224338918018,0.3155112169459009
2020-02-20,0.059324700748116,0.6271168661679226,0.3135584330839613
2020-02-21,0.06488677136000488,0.6234088190933301,0.31170440954666506
2020-02-22,0.07017431916340158,0.619883787224399,0.3099418936121995
2020-02-23,0.07520702287070456,0.6165286514195303,0.30826432570976514
2020-02-24,0.08000272436701981,0.6133315170886535,0.30666575854432676
2020-02-25,0.08457763813974026,0.6102815745735065,0.30514078728675326
2020-02-26,0.08894653269271979,0.6073689782048535,0.30368448910242674
2020-02-27,0.09312288822191434,0.6045847411853904,0.3022923705926952
2020-02-28,0.09711903409910227,0.6019206439339319,0.3009603219669659
2020-02-29,0.10094626911737921,0.5993691539217473,0.29968457696087364
2020-03-01,0.10461496696843632,0.5969233553543758,0.2984616776771879
2020-03-02,0.10813466902526539,0.5945768873164897,0.29728844365824486
2020-03-03,0.1115141661777163,0.5923238892148558,0.2961619446074279
2020-03-04,0.11476157119873681,0.5901589525341755,0.29507947626708775
2020-03-05,0.1178843828954356,0.5880770780697097,0.29403853903485483
2020-03-06,0.12088954311280371,0.5860736379247976,0.2930368189623988
2020-03-07,0.12378348750219273,0.5841443416652049,0.29207217083260245
2020-03-08,0.12657219083600477,0.5822852061093301,0.29114260305466505
2020-03-09,0.1292612075400887,0.5804925283066075,0.29024626415330373
2020-03-10,0.13185570802248153,0.5787628613183456,0.2893814306591728
2020-03-11,0.13436051129847856,0.5770929924676809,0.28854649623384043
2020-03-12,0.1367801143451882,0.5754799237698744,0.2877399618849372
2020-03-13,0.13911871856178182,0.5739208542921455,0.2869604271460727
2020-03-14,0.1413802536629921,0.5724131642246719,0.28620658211233596
2020-03-15,0.1435683992917202,0.5709544004721866,0.2854772002360933
2020-03-16,0.14568660460079888,0.5695422635994675,0.28477113179973373
2020-03-17,0.14773810602311288,0.5681745959845914,0.2840872979922957
2020-03-18,0.14972594342264917,0.5668493710515673,0.28342468552578365
2020-03-19,0.15165297479600554,0.5655646834693296,0.2827823417346648
2020-03-20,0.15352188967389818,0.5643187402174012,0.2821593701087006
2020-03-21,0.1553352213548335,0.563109852430111,0.2815549262150555
2020-03-22,0.1570953580879735,0.561936427941351,0.2809682139706755
2020-03-23,0.15880455330901053,0.5607969644606596,0.2803984822303298
2020-03-24,0.16046493502130763,0.5596900433191282,0.2798450216595641
2020-03-25,0.16207851440443077,0.5586143237303796,0.2793071618651898
2020-03-26,0.16364719372330308,0.557568537517798,0.278784268758899
2020-03-27,0.1651727736033846,0.5565514842644103,0.27827574213220513
2020-03-28,0.16665695973038228,0.5555620268464119,0.27778101342320594
2020-03-29,0.16810136902690667,0.5545990873153955,0.27729954365769777
2020-03-30,0.1695075353531038,0.5536616430979308,0.2768308215489654
2020-03-31,0.1708769147735206,0.5527487234843196,0.2763743617421598
2020-04-01,0.1722108904282282,0.5518594063811813,0.2759297031905906
2020-04-02,0.17351077704246523,0.5509928153050232,0.2754964076525116
2020-04-03,0.1747778251057144,0.5501481165961905,0.2750740582980952
2020-04-04,0.17601322474814102,0.5493245168345726,0.2746622584172863
2020-04-05,0.17721810933965773,0.5485212604402282,0.2742606302201141
2020-04-06,0.17839355883449678,0.5477376274436688,0.2738688137218344
2020-04-07,0.17954060288204102,0.5469729314119726,0.2734864657059863
2020-04-08,0.18066022372275092,0.5462265175181661,0.27311325875908304
2020-04-09,0.18175335888631158,0.5454977607424589,0.27274888037122946
2020-04-10,0.18282090370758133,0.5447860641949458,0.2723930320974729
2020-04-11,0.18386371367453527,0.5440908575503098,0.2720454287751549
2020-04-12,0.1848826066211489,0.5434115955859007,0.27170579779295034
2020-04-13,0.18587836477703862,0.5427477568153075,0.27137387840765376
2020-04-14,0.18685173668465743,0.5420988422102283,0.27104942110511415
2020-04-15,0.1878034389939247,0.5414643740040501,0.27073218700202506
2020-04-16,0.18873415814333488,0.54084389457111,0.270421947285555
2020-04-17,0.1896445519358356,0.5402369653761095,0.2701184826880548
2020-04-18,0.19053525101708071,0.539643165988613,0.2698215829943065
2020-04-19,0.19140686026304132,0.5390620931579725,0.26953104657898624
2020-04-20,0.19225996008339447,0.5384933599444036,0.2692466799722018
2020-04-21,0.1930951076465928,0.5379365949022714,0.2689682974511357
2020-04-22,0.19391283803205134,0.5373914413119658,0.2686957206559829
2020-04-23,0.19471366531446074,0.5368575564570262,0.2684287782285131
2020-04-24,0.19549808358484616,0.5363346109434359,0.26816730547171796
2020-04-25,0.1962665679126349,0.5358222880582434,0.2679111440291217
2020-04-26,0.1970195752526719,0.5353202831648853,0.26766014158244267
2020-04-27,0.19775754530082298,0.5348283031327847,0.26741415156639237
2020-04-28,0.19848090130153367,0.5343460657989775,0.26717303289948874
2020-04-29,0.19919005081046323,0.5338732994596912,0.2669366497298456
2020-04-30,0.1998853864150808,0.5334097423899462,0.2667048711949731
2020-05-01,0.20056728641590427,0.5329551423893971,0.26647757119469856
2020-05-02,0.2012361154708661,0.5325092563527559,0.26625462817637796
2020-05-03,0.20189222520511368,0.5320718498632575,0.26603592493162875
2020-05-04,0.20253595478838907,0.5316426968077407,0.26582134840387034
2020-05-05,0.20316763148198022,0.5312215790120132,0.2656107895060066
2020-05-06,0.20378757115709956,0.530808285895267,0.2654041429476335
2020-05-07,0.20439607878641497,0.53040261414239,0.265201307071195
2020-05-08,0.20499344891034285,0.5300043673931049,0.26500218369655243
2020-05-09,0.2055799660796007,0.5296133559469328,0.2648066779734664
2020-05-10,0.2061559052754193,0.5292293964830538,0.2646146982415269
2020-05-11,0.20672153230871765,0.5288523117941882,0.2644261558970941
2020-05-12,0.20727710419945988,0.5284819305336934,0.2642409652668467
2020-05-13,0.207822869537333,0.5281180869751113,0.26405904348755566
2020-05-14,0.20835906882480898,0.5277606207834608,0.2638803103917304
2020-05-15,0.208885934803587,0.5274093767976086,0.2637046883988043
2020-05-16,0.20940369276534873,0.5270642048231008,0.2635321024115504
2020-05-17,0.20991256084769716,0.5267249594348685,0.26336247971743426
2020-05-18,0.21041275031609838,0.5263914997892678,0.2631957498946339
2020-05-19,0.21090446583259173,0.5260636894449388,0.2630318447224694
2020-05-20,0.21138790571198782,0.5257413961920081,0.26287069809600405
2020-05-21,0.21186326216622758,0.5254244918891815,0.26271224594459075
2020-05-22,0.21233072153753765,0.5251128523083083,0.26255642615415414
2020-05-23,0.21279046452097475,0.5248063569860169,0.2624031784930084
2020-05-24,0.2132426663769202,0.5245048890820532,0.2622524445410266
2020-05-25,0.21368749713404855,0.5242083352439677,0.26210416762198385
2020-05-26,0.21412512178326545,0.523916585477823,0.2619582927389115
2020-05-27,0.21455570046308034,0.5236295330246131,0.26181476651230656
2020-05-28,0.21497938863685148,0.523347074242099,0.2616735371210495
2020-05-29,0.21539633726231658,0.523069108491789,0.2615345542458945
2020-05-30,0.21580669295379729,0.5227955380308017,0.26139776901540085
2020-05-31,0.21621059813744534,0.5225262679083698,0.2612631339541849
2020-06-01,0.21660819119987448,0.5222612058667503,0.26113060293337514
2020-06-02,0.21699960663050663,0.5220002622463289,0.26100013112316445
2020-06-03,0.21738497515793817,0.5217433498947078,0.2608716749473539
2020-06-04,0.21776442388061956,0.521490384079587,0.2607451920397935
2020-06-05,0.2181380763921204,0.521241282405253,0.2606206412026265
2020-06-06,0.2185060529012432,0.5209959647325045,0.26049798236625227
2020-06-07,0.21886847034722773,0.5207543531018481,0.26037717655092407
2020-06-08,0.21922544251028145,0.5205163716598125,0.26025818582990623
2020-06-09,0.21957708011765384,0.5202819465882307,0.26014097329411534
2020-06-10,0.21992349094546412,0.5200510060363572,0.2600255030181786
2020-06-11,0.22026477991647814,0.5198234800556812,0.2599117400278406
2020-06-12,0.22060104919402232,0.5195993005373185,0.25979965026865925
2020-06-13,0.22093239827221087,0.5193784011518594,0.2596892005759297
2020-06-14,0.22125892406265435,0.5191607172915638,0.2595803586457819
2020-06-15,0.22158072097780837,0.5189461860147945,0.25947309300739724
2020-06-16,0.22189788101111346,0.5187347459925911,0.25936737299629553
2020-06-17,0.22221049381406968,0.5185263374572869,0.25926316872864347
2020-06-18,0.222518646770381,0.5183209021530794,0.2591604510765397
2020-06-19,0.2228224250672996,0.5181183832884669,0.25905919164423347
2020-06-20,0.22312191176429205,0.517918725490472,0.258959362745236
2020-06-21,0.223417187859144,0.5177218747605706,0.2588609373802853
2020-06-22,0.22370833235161453,0.517527778432257,0.2587638892161285
2020-06-23,0.22399542230474503,0.5173363851301699,0.25866819256508494
2020-06-24,0.2242785329039232,0.517147644730718,0.258573822365359
2020-06-25,0.22455773751379668,0.5169615083241355,0.2584807541620677
2020-06-26,0.22483310773312912,0.5167779281779139,0.25838896408895695
2020-06-27,0.2251047134476818,0.5165968577015455,0.25829842885077275
2020-06-28,0.22537262288120619,0.5164182514125292,0.2582091257062646
2020-06-29,0.2256369026446242,0.5162420649035839,0.25812103245179197
2020-06-30,0.2258976177834708,0.5160682548110195,0.25803412740550974
2020-07-01,0.22615483182367105,0.5158967787842194,0.2579483893921097
2020-07-02,0.22640860681571826,0.5157275954561877,0.25786379772809387
2020-07-03,0.22665900337731948,0.5155606644151204,0.2577803322075602
2020-07-04,0.226906080734568,0.5153959461769547,0.25769797308847736
2020-07-05,0.22714989676170422,0.5152334021588639,0.25761670107943196
2020-07-06,0.2273905080195191,0.515072994653654,0.257536497326827
2020-07-07,0.22762796979245503,0.5149146868050299,0.25745734340251497
2020-07-08,0.22786233612445492,0.5147584425836966,0.2573792212918483
2020-07-09,0.22809365985360888,0.5146042267642608,0.2573021133821304
2020-07-10,0.22832199264564457,0.5144520049029037,0.25722600245145183
2020-07-11,0.22854738502630703,0.5143017433157954,0.2571508716578977
2020-07-12,0.22876988641266988,0.51415340905822,0.25707670452911
2020-07-13,0.22898954514341915,0.5140069699043873,0.25700348495219366
2020-07-14,0.22920640850814858,0.513862394327901,0.2569311971639505
2020-07-15,0.22942052277570457,0.5137196514828637,0.25685982574143185
2020-07-16,0.2296319332216156,0.5135787111855896,0.2567893555927948
2020-07-17,0.22984068415464093,0.513439543896906,0.256719771948453
2020-07-18,0.2300468189424716,0.5133021207050189,0.25665106035250945
2020-07-19,0.23025038003661463,0.5131664133089237,0.2565832066544618
2020-07-20,0.23045140899649091,0.5130323940023395,0.25651619700116973
2020-07-21,0.23064994651277554,0.5129000356581497,0.25645001782907484
2020-07-22,0.23084603243000815,0.5127693117133278,0.2563846558566639
2020-07-23,0.23103970576850008,0.5126401961543333,0.25632009807716666
2020-07-24,0.23123100474556288,0.5125126635029581,0.25625633175147905
2020-07-25,0.23141996679608398,0.5123866888026106,0.2561933444013053
2020-07-26,0.23160662859247141,0.512262247605019,0.2561311238025095
2020-07-27,0.2317910260639909,0.5121393159573394,0.2560696579786697
2020-07-28,0.23197319441551642,0.5120178703896556,0.2560089351948278
2020-07-29,0.2321531681457154,0.5118978879028564,0.2559489439514282
2020-07-30,0.23233098106468741,0.511779345956875,0.2558896729784375
2020-07-31,0.23250666631107658,0.5116622224592824,0.2558311112296412
2020-08-01,0.2326802563686747,0.5115464957542168,0.2557732478771084
2020-08-02,0.23285178308253418,0.5114321446116439,0.25571607230582194
2020-08-03,0.23302127767460573,0.5113191482169296,0.2556595741084648
2020-08-04,0.2331887707589189,0.5112074861607208,0.2556037430803604
2020-08-05,0.2333542923563198,0.5110971384291202,0.2555485692145601
2020-08-06,0.23351787190878145,0.5109880853941456,0.2554940426970728
2020-08-07,0.23367953829330118,0.5108803078044659,0.25544015390223296
2020-08-08,0.2338393198353984,0.5107737867764011,0.25538689338820053
2020-08-09,0.23399724432222724,0.5106685037851819,0.25533425189259096
2020-08-10,0.2341533390153153,0.5105644406564565,0.2552822203282282
2020-08-11,0.23430763066294233,0.5104615795580384,0.2552307897790192
2020-08-12,0.23446014551216962,0.5103599029918869,0.25517995149594347
2020-08-13,0.23461090932053183,0.5102593937863121,0.25512969689315607
2020-08-14,0.23475994736740297,0.510160035088398,0.255080017544199
2020-08-15,0.23490728446504563,0.5100618103566362,0.2550309051783181
2020-08-16,0.2350529449693555,0.509964703353763,0.2549823516768815
2020-08-17,0.23519695279030914,0.509868698139794,0.254934349069897
2020-08-18,0.23533933140212582,0.5097737790652495,0.2548868895326247
2020-08-19,0.23548010385315224,0.5096799307645652,0.2548399653822826
2020-08-20,0.23561929277547825,0.5095871381496812,0.2547935690748406
2020-08-21,0.23575692039429308,0.5094953864038047,0.2547476932019023
2020-08-22,0.2358930085369894,0.5094046609753404,0.2547023304876702
2020-08-23,0.23602757864202353,0.5093149475719843,0.25465747378599213
2020-08-24,0.23616065176753942,0.5092262321549736,0.2546131160774868
2020-08-25,0.23629224859976322,0.5091385009334912,0.2545692504667456
2020-08-26,0.23642238946117608,0.5090517403592159,0.2545258701796079
2020-08-27,0.23655109431847227,0.5089659371210185,0.2544829685605092
2020-08-28,0.23667838279030767,0.5088810781397949,0.25444053906989744
2020-08-29,0.2368042741548471,0.5087971505634353,0.25439857528171766
2020-08-30,0.23692878735711476,0.5087141417619234,0.2543570708809617
2020-08-31,0.23705194101615543,0.5086320393225631,0.25431601966128153
2020-09-01,0.23717375343200997,0.5085508310453267,0.25427541552266336
2020-09-02,0.23729424259251305,0.5084705049383246,0.2542352524691623
2020-09-03,0.23741342617991681,0.5083910492133888,0.2541955246066944
2020-09-04,0.2375313215773458,0.5083124522817695,0.25415622614088473
2020-09-05,0.23764794587508914,0.5082347027499405,0.25411735137497027
2020-09-06,0.23776331587673344,0.508157789415511,0.2540788947077555
2020-09-07,0.237877448105142,0.5080817012632387,0.25404085063161935
2020-09-08,0.23799035880828445,0.5080064274611437,0.25400321373057183
2020-09-09,0.23810206396492134,0.507931957356719,0.2539659786783595
2020-09-10,0.2382125792901476,0.5078582804732349,0.25392914023661745
2020-09-11,0.23832192024079923,0.5077853865061339,0.25389269325306696
2020-09-12,0.23843010202072681,0.5077132653195154,0.2538566326597577
2020-09-13,0.23853713958594053,0.5076419069427064,0.2538209534713532
2020-09-14,0.23864304764962865,0.5075713015669142,0.2537856507834571
2020-09-15,0.23874784068705518,0.5075014395419633,0.2537507197709816
2020-09-16,0.2388515329403382,0.5074323113731078,0.2537161556865539
2020-09-17,0.23895413842311367,0.5073639077179243,0.25368195385896214
2020-09-18,0.23905567092508673,0.5072962193832755,0.25364810969163776
2020-09-19,0.23915614401647484,0.50722923732235,0.253614618661175
2020-09-20,0.2392555710523448,0.5071629526317701,0.25358147631588507
2020-09-21,0.23935396517684676,0.5070973565487689,0.25354867827438443
2020-09-22,0.23945133932734866,0.5070324404484342,0.2535162202242171
2020-09-23,0.2395477062384732,0.5069681958410178,0.2534840979205089
2020-09-24,0.23964307844604021,0.5069046143693066,0.2534523071846533
2020-09-25,0.23973746829091686,0.5068416878060554,0.2534208439030277
2020-09-26,0.23983088792277887,0.5067794080514808,0.2533897040257404
2020-09-27,0.23992334930378392,0.5067177671308107,0.25335888356540537
2020-09-28,0.2400148642121609,0.5066567571918927,0.25332837859594637
2020-09-29,0.24010544424571642,0.5065963705028558,0.2532981852514279
2020-09-30,0.24019510082526105,0.506536599449826,0.253268299724913
2020-10-01,0.24028384519795756,0.506477436534695,0.2532387182673475
2020-10-02,0.2403716884405929,0.5064188743729381,0.25320943718646904
2020-10-03,0.2404586414627764,0.5063609056914824,0.2531804528457412
2020-10-04,0.24054471501006575,0.5063035233266228,0.2531517616633114
2020-10-05,0.24062991966702266,0.5062467202219849,0.25312336011099246
2020-10-06,0.24071426586020025,0.5061904894265332,0.2530952447132666
2020-10-07,0.24079776386106405,0.506134824092624,0.253067412046312
2020-10-08,0.24088042378884783,0.5060797174741015,0.25303985873705076
2020-10-09,0.24096225561334636,0.5060251629244358,0.2530125814622179
2020-10-10,0.24104326915764676,0.5059711538949022,0.2529855769474511
2020-10-11,0.24112347410079965,0.5059176839328002,0.2529588419664001
2020-10-12,0.241202879980432,0.505864746679712,0.252932373339856
2020-10-13,0.241281496195303,0.505812335869798,0.252906167934899
2020-10-14,0.24135933200780438,0.5057604453281304,0.2528802226640652
2020-10-15,0.24143639654640678,0.5057090689690621,0.25285453448453105
2020-10-16,0.2415126988080531,0.5056582007946312,0.2528291003973156
2020-10-17,0.2415882476605008,0.5056078348929994,0.2528039174464997
2020-10-18,0.24166305184461365,0.5055579654369242,0.2527789827184621
2020-10-19,0.24173711997660507,0.5055085866822633,0.25275429334113164
2020-10-20,0.24181046055023336,0.505459692966511,0.2527298464832555
2020-10-21,0.24188308193895086,0.5054112787073661,0.25270563935368306
2020-10-22,0.2419549923980073,0.5053633384013284,0.2526816692006642
2020-10-23,0.24202620006650952,0.505315866622327,0.2526579333111635
2020-10-24,0.24209671296943747,0.505268858020375,0.2526344290101875
2020-10-25,0.24216653901961843,0.5052223073202543,0.25261115366012715
2020-10-26,0.24223568601966028,0.5051762093202264,0.2525881046601132
2020-10-27,0.24230416166384433,0.5051305588907704,0.2525652794453852
2020-10-28,0.2423719735399794,0.5050853509733471,0.25254267548667353
2020-10-29,0.2424391291312175,0.5050405805791883,0.25252029028959416
2020-10-30,0.2425056358178326,0.5049962427881116,0.2524981213940558
2020-10-31,0.2425715008789625,0.5049523327473583,0.25247616637367915
2020-11-01,0.2426367314943159,0.5049088456704561,0.25245442283522807
2020-11-02,0.24270133474584402,0.504865776836104,0.252432888418052
2020-11-03,0.24276531761937936,0.5048231215870804,0.2524115607935402
2020-11-04,0.24282868700624055,0.5047808753291729,0.25239043766458646
2020-11-05,0.2428914497048055,0.5047390335301297,0.25236951676506486
2020-11-06,0.24295361242205277,0.5046975917186316,0.2523487958593158
2020-11-07,0.24301518177507228,0.5046565454832851,0.25232827274164255
2020-11-08,0.24307616429254641,0.5046158904716358,0.2523079452358179
2020-11-09,0.24313656641620052,0.5045756223891997,0.25228781119459986
2020-11-10,0.24319639450222644,0.5045357369985157,0.25226786849925786
2020-11-11,0.24325565482267672,0.5044962301182155,0.25224811505910777
2020-11-12,0.243314353566832,0.504457097622112,0.252228548811056
2020-11-13,0.2433724968425416,0.5044183354383056,0.2522091677191528
2020-11-14,0.24343009067753793,0.504379939548308,0.252189969774154
2020-11-15,0.2434871410207256,0.5043419059861829,0.25217095299309145
2020-11-16,0.24354365374344503,0.5043042308377033,0.25215211541885163
2020-11-17,0.24359963464071235,0.5042669102395251,0.25213345511976254
2020-11-18,0.243655089432435,0.5042299403783767,0.2521149701891883
2020-11-19,0.2437100237646041,0.504193317490264,0.252096658745132
2020-11-20,0.24376444321046423,0.5041570378596905,0.25207851892984523
2020-11-21,0.24381835327166082,0.5041210978188928,0.2520605489094464
2020-11-22,0.2438717593793655,0.5040854937470897,0.25204274687354483
2020-11-23,0.24392466689538078,0.5040502220697461,0.2520251110348731
2020-11-24,0.2439770811132232,0.5040152792578513,0.25200763962892564
2020-11-25,0.2440290072591865,0.503980661827209,0.2519903309136045
2020-11-26,0.24408045049338506,0.5039463663377434,0.2519731831688717
2020-11-27,0.24413141591077722,0.5039123893928151,0.25195619469640756
2020-11-28,0.2441819085421704,0.503878727638553,0.2519393638192765
2020-11-29,0.2442319333552066,0.5038453777631956,0.2519226888815978
2020-11-30,0.24428149525533038,0.5038123364964464,0.2519061682482232
2020-12-01,0.244330599086739,0.5037796006088407,0.2518898003044204
2020-12-02,0.2443792496333144,0.5037471669111236,0.2518735834555618
2020-12-03,0.24442745161953916,0.5037150322536404,0.2518575161268202
2020-12-04,0.2444752097113948,0.5036831935257369,0.25184159676286844
2020-12-05,0.2445225285172438,0.5036516476551708,0.2518258238275854
2020-12-06,0.24456941258869658,0.5036203916075356,0.2518101958037678
2020-12-07,0.24461586642146155,0.5035894223856924,0.2517947111928462
2020-12-08,0.24466189445618047,0.5035587370292129,0.25177936851460647
2020-12-09,0.24470750107924902,0.5035283326138339,0.25176416630691695
2020-12-10,0.24475269062362187,0.5034982062509187,0.25174910312545934
2020-12-11,0.24479746736960414,0.5034683550869306,0.2517341775434653
2020-12-12,0.24484183554562824,0.5034387763029146,0.2517193881514573
2020-12-13,0.24488579932901733,0.5034094671139885,0.25170473355699424
2020-12-14,0.24492936284673494,0.5033804247688434,0.2516902123844217
2020-12-15,0.24497253017612153,0.5033516465492524,0.2516758232746262
2020-12-16,0.24501530534561783,0.503323129769588,0.251661564884794
2020-12-17,0.24505769233547614,0.5032948717763492,0.2516474358881746
2020-12-18,0.24509969507845816,0.5032668699476945,0.25163343497384727
2020-12-19,0.24514131746052178,0.5032391216929855,0.25161956084649273
2020-12-20,0.2451825633214949,0.5032116244523367,0.25160581222616835
2020-12-21,0.2452234364557385,0.5031843756961744,0.2515921878480872
2020-12-22,0.24526394061279744,0.5031573729248018,0.2515786864624009
2020-12-23,0.24530407949804062,0.503130613667973,0.2515653068339865
2020-12-24,0.24534385677328993,0.5031040954844733,0.25155204774223666
2020-12-25,0.24538327605743845,0.5030778159617076,0.2515389079808538
2020-12-26,0.245422340927058,0.5030517727152947,0.25152588635764733
2020-12-27,0.24546105491699644,0.5030259633886691,0.25151298169433456
2020-12-28,0.24549942152096482,0.5030003856526901,0.25150019282634506
2020-12-29,0.24553744419211487,0.5029750372052568,0.2514875186026284
2020-12-30,0.245575126343606,0.5029499157709294,0.2514749578854647
2020-12-31,0.24561247134916364,0.5029250191005575,0.25146250955027877
2021-01-01,0.2456494825436277,0.5029003449709148,0.2514501724854574
2021-01-02,0.24568616322349185,0.5028758911843387,0.25143794559216937
2021-01-03,0.24572251664743405,0.5028516555683773,0.25142582778418865
2021-01-04,0.2457585460368382,0.5028276359754412,0.2514138179877206
2021-01-05,0.24579425457630688,0.5028038302824621,0.25140191514123106
2021-01-06,0.24582964541416602,0.502780236390556,0.251390118195278
2021-01-07,0.24586472166296092,0.5027568522246927,0.25137842611234634
2021-01-08,0.2458994863999444,0.5027336757333705,0.25136683786668523
2021-01-09,0.24593394266755653,0.5027107048882956,0.2513553524441478
2021-01-10,0.24596809347389717,0.5026879376840685,0.25134396884203425
2021-01-11,0.2460019417931901,0.5026653721378732,0.2513326860689366
2021-01-12,0.24603549056624005,0.5026430062891732,0.2513215031445866
2021-01-13,0.24606874270088236,0.5026208381994117,0.25131041909970586
2021-01-14,0.24610170107242502,0.5025988659517167,0.25129943297585833
2021-01-15,0.2461343685240839,0.5025770876506107,0.25128854382530535
2021-01-16,0.24616674786741102,0.502555501421726,0.251277750710863
2021-01-17,0.24619884188271562,0.502534105411523,0.2512670527057615
2021-01-18,0.24623065331947883,0.5025128977870141,0.25125644889350707
2021-01-19,0.24626218489676172,0.5024918767354922,0.2512459383677461
2021-01-20,0.2462934393036066,0.5024710404642623,0.25123552023213114
2021-01-21,0.2463244191994323,0.5024503872003785,0.25122519360018924
2021-01-22,0.24635512721442296,0.5024299151903847,0.25121495759519236
2021-01-23,0.24638556594991082,0.5024096227000594,0.2512048113500297
2021-01-24,0.24641573797875307,0.5023895080141646,0.2511947540070823
2021-01-25,0.24644564584570247,0.5023695694361984,0.2511847847180992
2021-01-26,0.2464752920677726,0.5023498052881515,0.25117490264407577
2021-01-27,0.24650467913459728,0.5023302139102684,0.2511651069551342
2021-01-28,0.24653380950878412,0.5023107936608106,0.2511553968304053
2021-01-29,0.24656268562626307,0.5022915429158246,0.2511457714579123
2021-01-30,0.24659130989662925,0.5022724600689138,0.2511362300344569
2021-01-31,0.24661968470348067,0.5022535435310129,0.25112677176550646
2021-02-01,0.2466478124047505,0.5022347917301663,0.25111739586508314
2021-02-02,0.24667569533303482,0.5022162031113101,0.25110810155565505
2021-02-03,0.2467033357959147,0.502197776136057,0.2510988880680285
2021-02-04,0.2467307360762735,0.5021795092824843,0.25108975464124217
2021-02-05,0.2467578984326101,0.5021614010449266,0.2510807005224633
2021-02-06,0.2467848250993463,0.5021434499337691,0.25107172496688457
2021-02-07,0.2468115182871302,0.5021256544752466,0.2510628272376233
2021-02-08,0.2468379801831348,0.5021080132112434,0.2510540066056217
2021-02-09,0.24686421295135255,0.5020905246990983,0.25104526234954916
2021-02-10,0.2468902187328846,0.5020731875114102,0.2510365937557051
2021-02-11,0.24691599964622687,0.5020560002358488,0.2510280001179244
2021-02-12,0.24694155778755045,0.5020389614749664,0.2510194807374832
2021-02-13,0.24696689523097937,0.5020220698460137,0.25101103492300686
2021-02-14,0.2469920140288632,0.5020053239807579,0.25100266199037896
2021-02-15,0.24701691621204572,0.5019887225253029,0.25099436126265146
2021-02-16,0.24704160379013015,0.5019722641399132,0.2509861320699566
2021-02-17,0.2470660787517401,0.50195594749884,0.25097797374942
2021-02-18,0.24709034306477645,0.501939771290149,0.2509698856450745
2021-02-19,0.24711439867667123,0.5019237342155525,0.25096186710777624
2021-02-20,0.2471382475146369,0.501907834990242,0.250953917495121
2021-02-21,0.2471618914859127,0.5018920723427249,0.25094603617136246
2021-02-22,0.24718533247800692,0.501876445014662,0.250938222507331
2021-02-23,0.2472085723589363,0.5018609517607091,0.25093047588035455
2021-02-24,0.2472316129774611,0.5018455913483593,0.25092279567417963
2021-02-25,0.24725445616331754,0.5018303625577883,0.2509151812788942
2021-02-26,0.2472771037274465,0.5018152641817024,0.2509076320908512
2021-02-27,0.247299557462219,0.5018002950251873,0.25090014751259365
2021-02-28,0.24732181914165885,0.5017854539055608,0.2508927269527804
2021-03-01,0.2473438905216612,0.5017707396522259,0.2508853698261129
2021-03-02,0.24736577334020912,0.5017561511065273,0.25087807555326364
2021-03-03,0.2473874693175862,0.5017416871216092,0.2508708435608046
2021-03-04,0.2474089801565867,0.5017273465622755,0.25086367328113773
2021-03-05,0.2474303075427224,0.5017131283048518,0.2508565641524259
2021-03-06,0.24745145314442668,0.501699031237049,0.2508495156185245
2021-03-07,0.24747241861325575,0.5016850542578295,0.25084252712891475
2021-03-08,0.24749320558408713,0.5016711962772752,0.2508355981386376
2021-03-09,0.24751381567531516,0.5016574562164565,0.25082872810822826
2021-03-10,0.24753425048904382,0.5016438330073042,0.2508219165036521
2021-03-11,0.247554511611277,0.501630325592482,0.250815162796241
2021-03-12,0.24757460061210618,0.5016169329252625,0.2508084664626313
2021-03-13,0.24759451904589522,0.5016036539694032,0.2508018269847016
2021-03-14,0.24761426845146284,0.5015904876990247,0.25079524384951235
2021-03-15,0.24763385035226268,0.5015774330984916,0.2507887165492458
2021-03-16,0.24765326625656042,0.501564489162293,0.2507822445811465
2021-03-17,0.2476725176576092,0.5015516548949273,0.25077582744746363
2021-03-18,0.24769160603382176,0.5015389293107855,0.25076946465539274
2021-03-19,0.2477105328489412,0.5015263114340391,0.25076315571701957
2021-03-20,0.24772929955220863,0.5015138002985275,0.2507569001492638
2021-03-21,0.24774790757852883,0.5015013949476474,0.2507506974738237
2021-03-22,0.2477663583486339,0.501489094434244,0.250744547217122
2021-03-23,0.2477846532692443,0.5014768978205039,0.25073844891025193
2021-03-24,0.24780279373322792,0.5014648041778481,0.25073240208892406
2021-03-25,0.24782078111975714,0.5014528125868286,0.2507264062934143
2021-03-26,0.2478386167944635,0.5014409221370243,0.25072046106851215
2021-03-27,0.24785630210959067,0.5014291319269396,0.2507145659634698
2021-03-28,0.24787383840414473,0.5014174410639035,0.25070872053195176
2021-03-29,0.24789122700404345,0.5014058486639711,0.25070292433198554
2021-03-30,0.24790846922226256,0.501394353851825,0.2506971769259125
2021-03-31,0.24792556635898083,0.5013829557606794,0.2506914778803397
2021-04-01,0.24794251970172287,0.5013716535321847,0.25068582676609236
2021-04-02,0.2479593305255,0.5013604463163333,0.2506802231581666
2021-04-03,0.24797600009294973,0.5013493332713669,0.25067466663568344
2021-04-04,0.2479925296544726,0.501338313563685,0.2506691567818425
2021-04-05,0.24800892044836823,0.5013273863677545,0.25066369318387727
2021-04-06,0.2480251737009687,0.5013165508660208,0.2506582754330104
2021-04-07,0.24804129062677086,0.5013058062488195,0.25065290312440974
2021-04-08,0.24805727242856626,0.5012951517142892,0.2506475758571446
2021-04-09,0.24807312029757023,0.5012845864682866,0.2506422932341433
2021-04-10,0.24808883541354837,0.501274109724301,0.2506370548621505
2021-04-11,0.24810441894494245,0.5012637207033717,0.25063186035168583
2021-04-12,0.2481198720489934,0.5012534186340044,0.2506267093170022
2021-04-13,0.24813519587186397,0.5012432027520907,0.25062160137604533
2021-04-14,0.24815039154875912,0.5012330723008273,0.2506165361504136
2021-04-15,0.24816546020404498,0.5012230265306367,0.25061151326531833
2021-04-16,0.24818040295136642,0.501213064699089,0.2506065323495445
2021-04-17,0.24819522089376309,0.5012031860708246,0.2506015930354123
2021-04-18,0.24820991512378374,0.5011933899174775,0.25059669495873876
2021-04-19,0.24822448672359954,0.5011836755176002,0.2505918377588001
2021-04-20,0.24823893676511577,0.5011740421565896,0.2505870210782948
2021-04-21,0.2482532663100816,0.5011644891266123,0.25058224456330613
2021-04-22,0.24826747641019964,0.5011550157265335,0.25057750786326677
2021-04-23,0.248281568107233,0.5011456212618447,0.25057281063092235
2021-04-24,0.2482955424331114,0.5011363050445924,0.2505681525222962
2021-04-25,0.2483094004100362,0.5011270663933092,0.2505635331966546
2021-04-26,0.24832314305058392,0.5011179046329441,0.25055895231647207
2021-04-27,0.24833677135780816,0.5011088190947945,0.25055440954739727
2021-04-28,0.2483502863253411,0.5010998091164394,0.2505499045582197
2021-04-29,0.24836368893749253,0.5010908740416716,0.2505454370208358
2021-04-30,0.2483769801693491,0.5010820132204339,0.25054100661021694
2021-05-01,0.2483901609868709,0.5010732260087527,0.25053661300437635
2021-05-02,0.24840323234698797,0.5010645117686747,0.25053225588433736
2021-05-03,0.24841619519769495,0.5010558698682034,0.2505279349341017
2021-05-04,0.24842905047814498,0.5010472996812367,0.25052364984061837
2021-05-05,0.24844179911874212,0.5010388005875053,0.25051940029375264
2021-05-06,0.248454442041233,0.5010303719725113,0.25051518598625566
2021-05-07,0.248466980158797,0.5010220132274686,0.2505110066137343
2021-05-08,0.24847941437613558,0.5010137237492429,0.25050686187462146
2021-05-09,0.24849174558956047,0.5010055029402931,0.25050275147014656
2021-05-10,0.24850397468708058,0.5009973502086129,0.25049867510430646
2021-05-11,0.24851610254848847,0.5009892649676744,0.2504946324838372
2021-05-12,0.24852813004544483,0.5009812466363701,0.25049062331818506
2021-05-13,0.24854005804156293,0.5009732946389581,0.25048664731947906
2021-05-14,0.24855188739249134,0.5009654084050058,0.2504827042025029
2021-05-15,0.248563618945996,0.5009575873693359,0.25047879368466797
2021-05-16,0.2485752535420414,0.5009498309719724,0.2504749154859862
2021-05-17,0.2485867920128703,0.5009421386580865,0.2504710693290432
2021-05-18,0.24859823518308316,0.5009345098779445,0.25046725493897226
2021-05-19,0.2486095838697161,0.5009269440868559,0.25046347204342795
2021-05-20,0.24862083888231823,0.5009194407451212,0.2504597203725606
2021-05-21,0.24863200102302802,0.5009119993179814,0.2504559996589907
2021-05-22,0.2486430710866485,0.5009046192755676,0.2504523096377838
2021-05-23,0.24865404986072223,0.5008973000928519,0.25044865004642597
2021-05-24,0.24866493812560442,0.500890041249597,0.2504450206247985
2021-05-25,0.24867573665453632,0.5008828422303091,0.25044142111515455
2021-05-26,0.2486864462137167,0.5008757025241889,0.25043785126209445
2021-05-27,0.2486970675623732,0.5008686216250846,0.2504343108125423
2021-05-28,0.24870760145283255,0.500861599031445,0.2504307995157225
2021-05-29,0.2487180486305901,0.5008546342462733,0.25042731712313665
2021-05-30,0.24872840983437844,0.500847726777081,0.2504238633885405
2021-05-31,0.2487386857962353,0.500840876135843,0.2504204380679215
2021-06-01,0.24874887724157063,0.500834081838953,0.2504170409194765
2021-06-02,0.2487589848892328,0.5008273434071782,0.2504136717035891
2021-06-03,0.24876900945157432,0.500820660365617,0.2504103301828085
2021-06-04,0.24877895163451677,0.5008140322436554,0.2504070161218277
2021-06-05,0.2487888121376145,0.5008074585749237,0.25040372928746185
2021-06-06,0.24879859165411805,0.5008009388972547,0.25040046944862737
2021-06-07,0.24880829087103695,0.500794472752642,0.250397236376321
2021-06-08,0.24881791046920163,0.500788059687199,0.2503940298435995
2021-06-09,0.24882745112332422,0.5007816992511172,0.2503908496255586
2021-06-10,0.24883691350205955,0.500775390998627,0.2503876954993135
2021-06-11,0.2488462982680645,0.5007691344879569,0.25038456724397845
2021-06-12,0.24885560607805762,0.5007629292812948,0.2503814646406474
2021-06-13,0.24886483758287717,0.5007567749447486,0.2503783874723743
2021-06-14,0.248873993427539,0.5007506710483073,0.25037533552415364
2021-06-15,0.24888307425129402,0.500744617165804,0.250372308582902
2021-06-16,0.2488920806876844,0.5007386128748771,0.25036930643743854
2021-06-17,0.24890101336459952,0.5007326577569337,0.2503663288784668
2021-06-18,0.24890987290433145,0.5007267513971124,0.2503633756985562
2021-06-19,0.24891865992362916,0.5007208933842472,0.2503604466921236
2021-06-20,0.24892737503375317,0.5007150833108313,0.2503575416554156
2021-06-21,0.24893601884052838,0.5007093207729811,0.25035466038649057
2021-06-22,0.24894459194439728,0.5007036053704018,0.2503518026852009
2021-06-23,0.24895309494047219,0.5006979367063519,0.25034896835317594
2021-06-24,0.24896152841858676,0.5006923143876088,0.2503461571938044
2021-06-25,0.2489698929633474,0.5006867380244351,0.25034336901221754
2021-06-26,0.24897818915418338,0.5006812072305444,0.2503406036152722
2021-06-27,0.24898641756539724,0.5006757216230685,0.25033786081153425
2021-06-28,0.24899457876621417,0.5006702808225238,0.2503351404112619
2021-06-29,0.24900267332083068,0.5006648844527795,0.25033244222638973
2021-06-30,0.24901070178846324,0.5006595321410244,0.2503297660705122
2021-07-01,0.24901866472339604,0.5006542235177359,0.25032711175886796
2021-07-02,0.24902656267502826,0.5006489582166478,0.2503244791083239
2021-07-03,0.24903439618792095,0.5006437358747194,0.2503218679373597
2021-07-04,0.24904216580184324,0.5006385561321045,0.25031927806605225
2021-07-05,0.24904987205181842,0.5006334186321211,0.25031670931606054
2021-07-06,0.24905751546816884,0.5006283230212207,0.25031416151061037
2021-07-07,0.24906509657656117,0.5006232689489593,0.2503116344744796
2021-07-08,0.24907261589805027,0.5006182560679665,0.25030912803398325
2021-07-09,0.2490800739491235,0.5006132840339177,0.25030664201695885
2021-07-10,0.2490874712417438,0.5006083525055042,0.2503041762527521
2021-07-11,0.24909480828339273,0.5006034611444048,0.2503017305722024
2021-07-12,0.24910208557711308,0.5005986096152579,0.25029930480762896
2021-07-13,0.24910930362155057,0.5005937975856329,0.25029689879281647
2021-07-14,0.2491164629109956,0.5005890247260029,0.25029451236300143
2021-07-15,0.24912356393542456,0.500584290709717,0.2502921453548585
2021-07-16,0.2491306071805401,0.5005795952129732,0.2502897976064866
2021-07-17,0.24913759312781172,0.5005749379147922,0.2502874689573961
2021-07-18,0.24914452225451544,0.5005703184969897,0.25028515924849487
2021-07-19,0.24915139503377334,0.500565736644151,0.2502828683220755
2021-07-20,0.2491582119345925,0.5005611920436049,0.25028059602180247
2021-07-21,0.24916497342190347,0.5005566843853977,0.25027834219269884
2021-07-22,0.2491716799565985,0.5005522133622676,0.2502761066811338
2021-07-23,0.24917833199556963,0.5005477786696203,0.25027388933481015
2021-07-24,0.24918492999174546,0.500543380005503,0.2502716900027515
2021-07-25,0.24919147439412873,0.5005390170705808,0.2502695085352904
2021-07-26,0.2491979656478326,0.5005346895681115,0.25026734478405577
2021-07-27,0.249204404194117,0.500530397203922,0.250265198601961
2021-07-28,0.24921079047042435,0.5005261396863838,0.2502630698431919
2021-07-29,0.24921712491041514,0.5005219167263899,0.25026095836319495
2021-07-30,0.2492234079440031,0.5005177280373313,0.25025886401866565
2021-07-31,0.24922963999738978,0.5005135733350735,0.25025678666753676
2021-08-01,0.249235821493099,0.500509452337934,0.250254726168967
2021-08-02,0.2492419528500109,0.5005053647666593,0.25025268238332965
2021-08-03,0.24924803448339575,0.5005013103444028,0.2502506551722014
2021-08-04,0.24925406680494688,0.5004972887967021,0.25024864439835104
2021-08-05,0.24926005022281408,0.5004932998514573,0.25024664992572865
2021-08-06,0.24926598514163603,0.5004893432389093,0.25024467161945463
2021-08-07,0.24927187196257286,0.5004854186916181,0.25024270934580906
2021-08-08,0.24927771108333768,0.5004815259444416,0.2502407629722208
2021-08-09,0.24928350289822865,0.5004776647345143,0.25023883236725714
2021-08-10,0.2492892477981602,0.5004738348012265,0.25023691740061327
2021-08-11,0.24929494617069403,0.500470035886204,0.250235017943102
2021-08-12,0.24930059840006974,0.5004662677332868,0.2502331338666434
2021-08-13,0.24930620486723534,0.5004625300885098,0.2502312650442549
2021-08-14,0.24931176594987722,0.5004588227000818,0.2502294113500409
2021-08-15,0.2493172820224501,0.5004551453183665,0.2502275726591833
2021-08-16,0.24932275345620625,0.5004514976958625,0.25022574884793125
2021-08-17,0.24932818061922488,0.5004478795871834,0.2502239397935917
2021-08-18,0.24933356387644093,0.5004442907490394,0.2502221453745197
2021-08-19,0.24933890358967373,0.5004407309402176,0.2502203654701088
2021-08-20,0.24934420011765518,0.5004371999215632,0.2502185999607816
2021-08-21,0.24934945381605794,0.5004336974559613,0.25021684872798067
2021-08-22,0.24935466503752307,0.5004302233083179,0.25021511165415894
2021-08-23,0.24935983413168755,0.5004267772455416,0.2502133886227708
2021-08-24,0.2493649614452113,0.5004233590365258,0.2502116795182629
2021-08-25,0.24937004732180437,0.5004199684521304,0.2502099842260652
2021-08-26,0.2493750921022534,0.5004166052651644,0.2502083026325822
2021-08-27,0.24938009612444806,0.500413269250368,0.250206634625184
2021-08-28,0.24938505972340716,0.5004099601843952,0.2502049800921976
2021-08-29,0.2493899832313046,0.500406677845797,0.2502033389228985
2021-08-30,0.24939486697749483,0.5004034220150035,0.25020171100750177
2021-08-31,0.24939971128853827,0.5004001924743079,0.25020009623715395
2021-09-01,0.2494045164882265,0.500396989007849,0.2501984945039245
2021-09-02,0.2494092828976071,0.5003938114015953,0.25019690570079767
2021-09-03,0.249414010835008,0.500390659443328,0.250195329721664
2021-09-04,0.2494187006160623,0.5003875329226252,0.2501937664613126
2021-09-05,0.24942335255373196,0.5003844316308453,0.25019221581542267
2021-09-06,0.24942796695833208,0.500381355361112,0.250190677680556
2021-09-07,0.24943254413755422,0.5003783039082972,0.2501891519541486
2021-09-08,0.24943708439649007,0.5003752770690065,0.25018763853450326
2021-09-09,0.2494415880376546,0.5003722746415636,0.2501861373207818
2021-09-10,0.2494460553610089,0.5003692964259941,0.2501846482129971
2021-09-11,0.24945048666398303,0.5003663422240113,0.25018317111200566
2021-09-12,0.24945488224149873,0.5003634118390009,0.25018170591950045
2021-09-13,0.2494592423859913,0.5003605050760058,0.2501802525380029
2021-09-14,0.24946356738743217,0.5003576217417119,0.25017881087085597
2021-09-15,0.24946785753335035,0.5003547616444332,0.2501773808222166
2021-09-16,0.24947211310885445,0.500351924594097,0.2501759622970485
2021-09-17,0.24947633439665395,0.5003491104022307,0.25017455520111537
2021-09-18,0.2494805216770804,0.5003463188819464,0.2501731594409732
2021-09-19,0.24948467522810872,0.5003435498479275,0.25017177492396375
2021-09-20,0.24948879532537768,0.5003408031164148,0.2501704015582074
2021-09-21,0.24949288224221097,0.5003380785051926,0.2501690392525963
2021-09-22,0.24949693624963726,0.5003353758335752,0.2501676879167876
2021-09-23,0.24950095761641047,0.500332694922393,0.2501663474611965
2021-09-24,0.2495049466090303,0.5003300355939798,0.2501650177969899
2021-09-25,0.24950890349176152,0.5003273976721591,0.25016369883607953
2021-09-26,0.24951282852665382,0.5003247809822308,0.2501623904911154
2021-09-27,0.24951672197356162,0.500322185350959,0.2501610926754795
2021-09-28,0.24952058409016276,0.5003196106065582,0.2501598053032791
2021-09-29,0.24952441513197818,0.5003170565786812,0.2501585282893406
2021-09-30,0.2495282153523905,0.5003145230984063,0.25015726154920315
2021-10-01,0.24953198500266302,0.5003120099982247,0.25015600499911234
2021-10-02,0.249535724331958,0.500309517112028,0.250154758556014
2021-10-03,0.24953943358735542,0.5003070442750964,0.2501535221375482
2021-10-04,0.2495431130138708,0.5003045913240861,0.25015229566204306
2021-10-05,0.2495467628544737,0.5003021580970176,0.2501510790485088
2021-10-06,0.2495503833501051,0.5002997444332633,0.25014987221663165
2021-10-07,0.24955397473969562,0.5002973501735363,0.25014867508676814
2021-10-08,0.24955753726018273,0.5002949751598781,0.25014748757993904
2021-10-09,0.2495610711465283,0.5002926192356478,0.2501463096178239
2021-10-10,0.2495645766317356,0.5002902822455096,0.2501451411227548
2021-10-11,0.24956805394686654,0.5002879640354223,0.25014398201771115
2021-10-12,0.24957150332105865,0.5002856644526276,0.2501428322263138
2021-10-13,0.2495749249815416,0.5002833833456389,0.25014169167281947
2021-10-14,0.2495783191536539,0.5002811205642308,0.2501405602821154
2021-10-15,0.2495816860608592,0.5002788759594272,0.2501394379797136
2021-10-16,0.2495850259247628,0.5002766493834914,0.2501383246917457
2021-10-17,0.24958833896512772,0.5002744406899149,0.25013722034495744
2021-10-18,0.24959162539989024,0.5002722497334064,0.2501361248667032
2021-10-19,0.24959488544517647,0.5002700763698824,0.2501350381849412
2021-10-20,0.24959811931531728,0.5002679204564552,0.2501339602282276
2021-10-21,0.24960132722286435,0.5002657818514238,0.2501328909257119
2021-10-22,0.24960450937860537,0.5002636604142631,0.25013183020713153
2021-10-23,0.24960766599157924,0.5002615560056138,0.2501307780028069
2021-10-24,0.24961079726909122,0.5002594684872725,0.25012973424363627
2021-10-25,0.2496139034167279,0.5002573977221815,0.25012869886109074
2021-10-26,0.24961698463837192,0.5002553435744187,0.25012767178720935
2021-10-27,0.24962004113621697,0.5002533059091887,0.25012665295459435
2021-10-28,0.24962307311078188,0.5002512845928121,0.25012564229640605
2021-10-29,0.24962608076092535,0.5002492794927164,0.2501246397463582
2021-10-30,0.24962906428386025,0.5002472904774264,0.2501236452387132
2021-10-31,0.24963202387516759,0.500245317416555,0.2501226587082775
2021-11-01,0.2496349597288105,0.500243360180793,0.2501216800903965
2021-11-02,0.24963787203714852,0.500241418641901,0.2501207093209505
2021-11-03,0.24964076099095095,0.5002394926726994,0.2501197463363497
2021-11-04,0.24964362677941063,0.5002375821470596,0.2501187910735298
2021-11-05,0.24964646959015746,0.500235686939895,0.2501178434699475
2021-11-06,0.24964928960927193,0.500233806927152,0.250116903463576
2021-11-07,0.24965208702129812,0.5002319419858012,0.2501159709929006
2021-11-08,0.249654862009257,0.5002300919938287,0.25011504599691436
2021-11-09,0.2496576147546594,0.500228256830227,0.2501141284151135
2021-11-10,0.2496603454375192,0.5002264363749872,0.2501132181874936
2021-11-11,0.2496630542363656,0.5002246305090896,0.2501123152545448
2021-11-12,0.2496657413282562,0.5002228391144958,0.2501114195572479
2021-11-13,0.24966840688878944,0.5002210620741403,0.25011053103707015
2021-11-14,0.24967105109211712,0.5002192992719219,0.25010964963596094
2021-11-15,0.2496736741109566,0.5002175505926957,0.25010877529634784
2021-11-16,0.24967627611660295,0.5002158159222647,0.25010790796113236
2021-11-17,0.2496788572789414,0.5002140951473724,0.2501070475736862
2021-11-18,0.24968141776645913,0.5002123881556939,0.25010619407784696
2021-11-19,0.2496839577462571,0.5002106948358286,0.2501053474179143
2021-11-20,0.24968647738406194,0.5002090150772921,0.25010450753864605
2021-11-21,0.24968897684423755,0.5002073487705083,0.25010367438525416
2021-11-22,0.2496914562897968,0.5002056958068021,0.25010284790340104
2021-11-23,0.249693915882413,0.5002040560783914,0.2501020280391957
2021-11-24,0.24969635578243093,0.5002024294783793,0.25010121473918967
2021-11-25,0.24969877614887873,0.5002008159007475,0.25010040795037375
2021-11-26,0.24970117713947843,0.5001992152403477,0.25009960762017386
2021-11-27,0.2497035589106574,0.500197627392895,0.2500988136964475
2021-11-28,0.2497059216175593,0.5001960522549604,0.2500980261274802
2021-11-29,0.24970826541405472,0.5001944897239636,0.2500972448619818
2021-11-30,0.24971059045275204,0.5001929396981654,0.2500964698490827
2021-12-01,0.24971289688500833,0.5001914020766611,0.25009570103833056
2021-12-02,0.24971518486093966,0.5001898767593735,0.25009493837968677
2021-12-03,0.2497174545294317,0.5001883636470456,0.2500941818235228
2021-12-04,0.24971970603814997,0.5001868626412332,0.2500934313206166
2021-12-05,0.2497219395335505,0.5001853736442996,0.2500926868221498
2021-12-06,0.24972415516088955,0.500183896559407,0.2500919482797035
2021-12-07,0.24972635306423407,0.5001824312905107,0.2500912156452553
2021-12-08,0.24972853338647158,0.5001809777423523,0.25009048887117613
2021-12-09,0.2497306962693202,0.5001795358204532,0.2500897679102266
2021-12-10,0.24973284185333844,0.5001781054311076,0.2500890527155538
2021-12-11,0.24973497027793498,0.5001766864813767,0.25008834324068835
2021-12-12,0.24973708168137823,0.5001752788790812,0.2500876394395406
2021-12-13,0.24973917620080618,0.5001738825327959,0.25008694126639797
2021-12-14,0.24974125397223562,0.500172497351843,0.2500862486759215
2021-12-15,0.24974331513057174,0.5001711232462855,0.25008556162314277
2021-12-16,0.24974535980961743,0.5001697601269217,0.25008488006346086
2021-12-17,0.24974738814208253,0.5001684079052783,0.25008420395263914
2021-12-18,0.24974940025959294,0.5001670664936047,0.2500835332468023
2021-12-19,0.2497513962926999,0.5001657358048668,0.2500828679024334
2021-12-20,0.2497533763708886,0.500164415752741,0.2500822078763705
2021-12-21,0.24975534062258764,0.5001631062516082,0.2500815531258041
2021-12-22,0.2497572891751776,0.5001618072165483,0.2500809036082742
2021-12-23,0.24975922215499963,0.5001605185633335,0.2500802592816668
2021-12-24,0.24976113968736466,0.5001592402084236,0.2500796201042118
2021-12-25,0.24976304189656143,0.500157972068959,0.2500789860344795
2021-12-26,0.24976492890586566,0.5001567140627562,0.2500783570313781
2021-12-27,0.2497668008375479,0.5001554661083014,0.2500777330541507
2021-12-28,0.24976865781288243,0.5001542281247451,0.25007711406237254
2021-12-29,0.24977049995215525,0.5001530000318966,0.2500765000159483
2021-12-30,0.2497723273746725,0.5001517817502183,0.2500758908751092
2021-12-31,0.2497741401987687,0.5001505732008209,0.25007528660041045
2022-01-01,0.24977593854181462,0.5001493743054569,0.25007468715272846
2022-01-02,0.2497777225202256,0.5001481849865163,0.2500740924932581
2022-01-03,0.24977949224946927,0.5001470051670205,0.25007350258351024
2022-01-04,0.24978124784407363,0.5001458347706176,0.2500729173853088
2022-01-05,0.24978298941763474,0.5001446737215769,0.25007233686078845
2022-01-06,0.24978471708282463,0.5001435219447836,0.2500717609723918
2022-01-07,0.24978643095139885,0.5001423793657341,0.25007118968286707
2022-01-08,0.24978813113420423,0.5001412459105306,0.2500706229552653
2022-01-09,0.24978981774118628,0.5001401215058757,0.25007006075293786
2022-01-10,0.24979149088139696,0.5001390060790687,0.25006950303953435
2022-01-11,0.2497931506630017,0.5001378995579988,0.2500689497789994
2022-01-12,0.2497947971932872,0.5001368018711418,0.2500684009355709
2022-01-13,0.24979643057866838,0.5001357129475544,0.2500678564737772
2022-01-14,0.24979805092469584,0.5001346327168694,0.2500673163584347
2022-01-15,0.24979965833606296,0.5001335611092913,0.25006678055464565
2022-01-16,0.24980125291661306,0.5001324980555912,0.2500662490277956
2022-01-17,0.24980283476934634,0.5001314434871024,0.2500657217435512
2022-01-18,0.24980440399642706,0.5001303973357153,0.25006519866785765
2022-01-19,0.24980596069919017,0.5001293595338732,0.2500646797669366
2022-01-20,0.24980750497814858,0.5001283300145676,0.2500641650072838
2022-01-21,0.24980903693299963,0.5001273087113336,0.2500636543556668
2022-01-22,0.249810556662632,0.5001262955582453,0.25006314777912264
2022-01-23,0.24981206426513247,0.5001252904899116,0.2500626452449558
2022-01-24,0.24981355983779235,0.5001242934414717,0.25006214672073585
2022-01-25,0.24981504347711433,0.5001233043485904,0.2500616521742952
2022-01-26,0.24981651527881873,0.5001223231474542,0.2500611615737271
2022-01-27,0.24981797533785008,0.5001213497747665,0.25006067488738326
2022-01-28,0.2498194237483838,0.5001203841677442,0.2500601920838721
2022-01-29,0.24982086060383193,0.500119426264112,0.250059713132056
2022-01-30,0.2498222859968502,0.5001184760020999,0.25005923800104995
2022-01-31,0.24982370001934354,0.5001175333204376,0.2500587666602188
2022-02-01,0.24982510276247294,0.5001165981583514,0.2500582990791757
2022-02-02,0.24982649431666112,0.5001156704555593,0.25005783522777963
2022-02-03,0.2498278747715988,0.5001147501522675,0.25005737507613374
2022-02-04,0.24982924421625077,0.5001138371891662,0.2500569185945831
2022-02-05,0.24983060273886176,0.5001129315074255,0.25005646575371276
2022-02-06,0.24983195042696255,0.5001120330486917,0.25005601652434584
2022-02-07,0.24983328736737562,0.5001111417550829,0.25005557087754143
2022-02-08,0.24983461364622137,0.5001102575691858,0.2500551287845929
2022-02-09,0.2498359293489233,0.5001093804340512,0.2500546902170256
2022-02-10,0.24983723456021434,0.5001085102931905,0.25005425514659524
2022-02-11,0.24983852936414233,0.5001076470905719,0.25005382354528594
2022-02-12,0.24983981384407536,0.5001067907706164,0.2500533953853082
2022-02-13,0.24984108808270802,0.5001059412781947,0.25005297063909737
2022-02-14,0.24984235216206618,0.5001050985586226,0.2500525492793113
2022-02-15,0.24984360616351303,0.500104262557658,0.250052131278829
2022-02-16,0.24984485016775435,0.5001034332214971,0.25005171661074854
2022-02-17,0.24984608425484398,0.5001026104967707,0.25005130524838537
2022-02-18,0.24984730850418896,0.5001017943305407,0.25005089716527035
2022-02-19,0.24984852299455515,0.5001009846702965,0.25005049233514826
2022-02-20,0.2498497278040723,0.5001001814639519,0.2500500907319759
2022-02-21,0.2498509230102392,0.5000993846598405,0.25004969232992025
2022-02-22,0.24985210868992916,0.5000985942067139,0.25004929710335694
2022-02-23,0.24985328491939487,0.5000978100537368,0.2500489050268684
2022-02-24,0.24985445177427357,0.5000970321504843,0.25004851607524214
2022-02-25,0.2498556093295921,0.5000962604469386,0.2500481302234693
2022-02-26,0.24985675765977206,0.5000954948934853,0.25004774744674263
2022-02-27,0.24985789683863446,0.5000947354409104,0.2500473677204552
2022-02-28,0.24985902693940476,0.5000939820403968,0.2500469910201984
2022-03-01,0.24986014803471807,0.5000932346435213,0.25004661732176064
2022-03-02,0.24986126019662347,0.500092493202251,0.2500462466011255
2022-03-03,0.24986236349658908,0.5000917576689405,0.25004587883447027
2022-03-04,0.24986345800550694,0.5000910279963287,0.2500455139981643
2022-03-05,0.24986454379369744,0.5000903041375351,0.25004515206876754
2022-03-06,0.2498656209309141,0.5000895860460572,0.2500447930230286
2022-03-07,0.24986668948634844,0.5000888736757677,0.25004443683788385
2022-03-08,0.24986774952863414,0.5000881669809105,0.25004408349045526
2022-03-09,0.24986880112585208,0.5000874659160987,0.2500437329580493
2022-03-10,0.2498698443455344,0.5000867704363104,0.2500433852181552
2022-03-11,0.24987087925466933,0.5000860804968872,0.2500430402484436
2022-03-12,0.24987190591970546,0.5000853960535298,0.2500426980267649
2022-03-13,0.24987292440655626,0.5000847170622958,0.2500423585311479
2022-03-14,0.24987393478060435,0.5000840434795971,0.25004202173979856
2022-03-15,0.2498749371067059,0.5000833752621962,0.2500416876310981
2022-03-16,0.24987593144919482,0.5000827123672034,0.2500413561836017
2022-03-17,0.24987691787188732,0.5000820547520751,0.25004102737603756
2022-03-18,0.24987789643808572,0.5000814023746095,0.25004070118730476
2022-03-19,0.2498788672105829,0.5000807551929447,0.25004037759647235
2022-03-20,0.2498798302516664,0.5000801131655557,0.25004005658277784
2022-03-21,0.24988078562312266,0.5000794762512516,0.2500397381256258
2022-03-22,0.24988173338624078,0.5000788444091728,0.2500394222045864
2022-03-23,0.24988267360181693,0.5000782175987887,0.25003910879939434
2022-03-24,0.24988360633015821,0.5000775957798944,0.2500387978899472
2022-03-25,0.2498845316310867,0.5000769789126088,0.2500384894563044
2022-03-26,0.24988544956394326,0.5000763669573712,0.2500381834786856
2022-03-27,0.2498863601875915,0.500075759874939,0.2500378799374695
2022-03-28,0.24988726356042187,0.5000751576263853,0.25003757881319266
2022-03-29,0.24988815974035533,0.5000745601730964,0.2500372800865482
2022-03-30,0.2498890487848472,0.5000739674767686,0.2500369837383843
2022-03-31,0.24988993075089078,0.5000733794994061,0.25003668974970306
2022-04-01,0.24989080569502162,0.500072796203319,0.2500363981016595
2022-04-02,0.24989167367332052,0.5000722175511196,0.2500361087755598
2022-04-03,0.2498925347414179,0.5000716435057213,0.25003582175286065
2022-04-04,0.24989338895449723,0.5000710740303352,0.2500355370151676
2022-04-05,0.24989423636729827,0.5000705090884678,0.2500352545442339
2022-04-06,0.24989507703412128,0.5000699486439191,0.25003497432195954
2022-04-07,0.24989591100883038,0.5000693926607798,0.2500346963303899
2022-04-08,0.24989673834485684,0.5000688411034288,0.2500344205517144
2022-04-09,0.24989755909520298,0.5000682939365313,0.25003414696826565
2022-04-10,0.24989837331244544,0.5000677511250364,0.2500338755625182
2022-04-11,0.2498991810487386,0.5000672126341743,0.25003360631708715
2022-04-12,0.24989998235581815,0.5000666784294545,0.25003333921472726
2022-04-13,0.24990077728500448,0.5000661484766636,0.2500330742383318
2022-04-14,0.24990156588720594,0.5000656227418627,0.25003281137093136
2022-04-15,0.24990234821292223,0.5000651011913853,0.2500325505956926
2022-04-16,0.24990312431224765,0.5000645837918348,0.2500322918959174
2022-04-17,0.24990389423487475,0.5000640705100835,0.25003203525504175
2022-04-18,0.24990465803009695,0.5000635613132687,0.25003178065663434
2022-04-19,0.24990541574681244,0.5000630561687917,0.2500315280843958
2022-04-20,0.24990616743352692,0.5000625550443154,0.2500312775221577
2022-04-21,0.2499069131383569,0.500062057907762,0.250031028953881
2022-04-22,0.24990765290903305,0.5000615647273113,0.25003078236365567
2022-04-23,0.24990838679290306,0.5000610754713979,0.25003053773569894
2022-04-24,0.249909114836935,0.5000605901087101,0.25003029505435503
2022-04-25,0.24990983708771997,0.5000601086081866,0.2500300543040933
2022-04-26,0.24991055359147576,0.5000596309390161,0.25002981546950803
2022-04-27,0.2499112643940495,0.5000591570706338,0.2500295785353169
2022-04-28,0.24991196954092043,0.5000586869727197,0.25002934348635986
2022-04-29,0.24991266907720353,0.5000582206151977,0.25002911030759883
2022-04-30,0.24991336304765188,0.5000577579682322,0.2500288789841161
2022-05-01,0.24991405149665988,0.5000572990022267,0.25002864950111336
2022-05-02,0.24991473446826612,0.5000568436878225,0.2500284218439113
2022-05-03,0.24991541200615625,0.5000563919958958,0.2500281959979479
2022-05-04,0.24991608415366567,0.5000559438975561,0.25002797194877807
2022-05-05,0.24991675095378263,0.5000554993641448,0.2500277496820724
2022-05-06,0.24991741244915094,0.5000550583672327,0.25002752918361637
2022-05-07,0.24991806868207259,0.5000546208786182,0.2500273104393091
2022-05-08,0.24991871969451082,0.5000541868703261,0.25002709343516305
2022-05-09,0.24991936552809255,0.5000537563146049,0.25002687815730246
2022-05-10,0.24992000622411134,0.5000533291839258,0.2500266645919629
2022-05-11,0.24992064182352997,0.50005290545098,0.25002645272549
2022-05-12,0.24992127236698308,0.500052485088678,0.250026242544339
2022-05-13,0.24992189789477995,0.5000520680701467,0.25002603403507334
2022-05-14,0.24992251844690697,0.5000516543687287,0.25002582718436434
2022-05-15,0.24992313406303043,0.5000512439579797,0.25002562197898986
2022-05-16,0.2499237447824989,0.5000508368116674,0.2500254184058337
2022-05-17,0.24992435064434598,0.5000504329037694,0.2500252164518847
2022-05-18,0.24992495168729273,0.5000500322084716,0.2500250161042358
2022-05-19,0.2499255479497502,0.5000496347001665,0.25002481735008325
2022-05-20,0.24992613946982212,0.500049240353452,0.250024620176726
2022-05-21,0.24992672628530693,0.5000488491431287,0.2500244245715644
2022-05-22,0.2499273084337008,0.5000484610441994,0.2500242305220997
2022-05-23,0.24992788595219978,0.5000480760318669,0.2500240380159334
2022-05-24,0.24992845887770207,0.5000476940815319,0.25002384704076597
2022-05-25,0.24992902724681076,0.5000473151687929,0.25002365758439643
2022-05-26,0.249929591095836,0.5000469392694427,0.25002346963472133
2022-05-27,0.24993015046079742,0.5000465663594683,0.25002328317973416
2022-05-28,0.2499307053774265,0.500046196415049,0.2500230982075245
2022-05-29,0.24993125588116877,0.5000458294125542,0.2500229147062771
2022-05-30,0.24993180200718626,0.5000454653285424,0.2500227326642712
2022-05-31,0.2499323437903598,0.5000451041397601,0.25002255206988006
2022-06-01,0.24993288126529112,0.5000447458231393,0.25002237291156965
2022-06-02,0.24993341446630518,0.5000443903557965,0.25002219517789825
2022-06-03,0.24993394342745254,0.5000440377150316,0.2500220188575158
2022-06-04,0.2499344681825114,0.5000436878783258,0.2500218439391629
2022-06-05,0.24993498876498974,0.5000433408233402,0.2500216704116701
2022-06-06,0.24993550520812768,0.5000429965279148,0.2500214982639574
2022-06-07,0.24993601754489964,0.5000426549700668,0.2500213274850334
2022-06-08,0.24993652580801629,0.5000423161279891,0.25002115806399455
2022-06-09,0.24993703002992687,0.5000419799800488,0.2500209899900244
2022-06-10,0.249937530242821,0.500041646504786,0.250020823252393
2022-06-11,0.24993802647863128,0.5000413156809125,0.25002065784045624
2022-06-12,0.2499385187690349,0.5000409874873102,0.2500204937436551
2022-06-13,0.24993900714545572,0.5000406619030295,0.25002033095151477
2022-06-14,0.24993949163906667,0.5000403389072888,0.2500201694536444
2022-06-15,0.24993997228079154,0.5000400184794723,0.25002000923973616
2022-06-16,0.24994044910130678,0.5000397005991288,0.2500198502995644
2022-06-17,0.24994092213104385,0.5000393852459708,0.2500196926229854
2022-06-18,0.24994139140019098,0.5000390723998727,0.25001953619993633
2022-06-19,0.24994185693869528,0.5000387620408698,0.2500193810204349
2022-06-20,0.2499423187762644,0.500038454149157,0.2500192270745785
2022-06-21,0.24994277694236886,0.5000381487050874,0.2500190743525437
2022-06-22,0.24994323146624353,0.5000378456891709,0.25001892284458543
2022-06-23,0.24994368237688994,0.5000375450820733,0.25001877254103666
2022-06-24,0.24994412970307778,0.5000372468646148,0.2500186234323074
2022-06-25,0.24994457347334695,0.5000369510177687,0.25001847550888434
2022-06-26,0.24994501371600944,0.5000366575226604,0.2500183287613302
2022-06-27,0.24994545045915112,0.5000363663605659,0.25001818318028296
2022-06-28,0.24994588373063345,0.500036077512911,0.2500180387564555
2022-06-29,0.24994631355809557,0.5000357909612697,0.25001789548063486
2022-06-30,0.24994673996895567,0.500035506687363,0.2500177533436815
2022-07-01,0.2499471629904131,0.5000352246730579,0.25001761233652897
2022-07-02,0.2499475826494501,0.5000349449003666,0.2500174724501833
2022-07-03,0.24994799897283332,0.5000346673514444,0.2500173336757222
2022-07-04,0.24994841198711581,0.5000343920085895,0.25001719600429473
2022-07-05,0.24994882171863853,0.500034118854241,0.2500170594271205
2022-07-06,0.2499492281935322,0.5000338478709785,0.25001692393548924
2022-07-07,0.24994963143771892,0.5000335790415207,0.25001678952076034
2022-07-08,0.24995003147691391,0.5000333123487241,0.25001665617436203
2022-07-09,0.24995042833662695,0.500033047775582,0.250016523887791
2022-07-10,0.2499508220421644,0.5000327853052237,0.25001639265261183
2022-07-11,0.2499512126186306,0.500032524920913,0.2500162624604565
2022-07-12,0.24995160009092934,0.5000322666060472,0.2500161333030236
2022-07-13,0.24995198448376582,0.5000320103441561,0.25001600517207806
2022-07-14,0.2499523658216481,0.5000317561189013,0.25001587805945064
2022-07-15,0.24995274412888854,0.5000315039140744,0.2500157519570372
2022-07-16,0.24995311942960555,0.5000312537135964,0.2500156268567982
2022-07-17,0.24995349174772505,0.5000310055015166,0.2500155027507583
2022-07-18,0.24995386110698214,0.5000307592620119,0.25001537963100595
2022-07-19,0.24995422753092245,0.5000305149793851,0.25001525748969256
2022-07-20,0.24995459104290374,0.5000302726380642,0.2500151363190321
2022-07-21,0.24995495166609746,0.5000300322226017,0.25001501611130084
2022-07-22,0.24995530942349023,0.5000297937176732,0.2500148968588366
2022-07-23,0.24995566433788516,0.5000295571080765,0.25001477855403825
2022-07-24,0.24995601643190365,0.5000293223787309,0.25001466118936544
2022-07-25,0.2499563657279865,0.5000290895146757,0.25001454475733786
2022-07-26,0.2499567122483955,0.5000288585010697,0.25001442925053485
2022-07-27,0.24995705601521495,0.50002862932319,0.250014314661595
2022-07-28,0.249957397050353,0.5000284019664314,0.2500142009832157
2022-07-29,0.24995773537554297,0.5000281764163047,0.25001408820815235
2022-07-30,0.24995807101234496,0.5000279526584366,0.2500139763292183
2022-07-31,0.2499584039821472,0.5000277306785685,0.25001386533928427
2022-08-01,0.24995873430616702,0.5000275104625552,0.2500137552312776
2022-08-02,0.24995906200545298,0.5000272919963646,0.2500136459981823
2022-08-03,0.24995938710088553,0.5000270752660764,0.2500135376330382
2022-08-04,0.2499597096131786,0.500026860257881,0.2500134301289405
2022-08-05,0.24996002956288105,0.5000266469580793,0.25001332347903965
2022-08-06,0.24996034697037797,0.5000264353530814,0.2500132176765407
2022-08-07,0.24996066185589177,0.5000262254294056,0.2500131127147028
2022-08-08,0.2499609742394837,0.5000260171736776,0.2500130085868388
2022-08-09,0.2499612841410551,0.50002581057263,0.250012905286315
2022-08-10,0.2499615915803486,0.5000256056131009,0.25001280280655047
2022-08-11,0.2499618965769495,0.5000254022820336,0.2500127011410168
2022-08-12,0.24996219915028692,0.5000252005664754,0.2500126002832377
2022-08-13,0.24996249931963513,0.5000250004535766,0.2500125002267883
2022-08-14,0.24996279710411476,0.5000248019305902,0.2500124009652951
2022-08-15,0.24996309252269405,0.5000246049848707,0.25001230249243533
2022-08-16,0.24996338559418999,0.5000244096038733,0.25001220480193664
2022-08-17,0.24996367633726974,0.5000242157751535,0.2500121078875768
2022-08-18,0.2499639647704515,0.5000240234863657,0.2500120117431828
2022-08-19,0.249964250912106,0.5000238327252626,0.2500119163626313
2022-08-20,0.2499645347804576,0.500023643479695,0.2500118217398475
2022-08-21,0.2499648163935853,0.5000234557376099,0.25001172786880493
2022-08-22,0.2499650957694241,0.5000232694870506,0.2500116347435253
2022-08-23,0.24996537292576612,0.5000230847161559,0.25001154235807793
2022-08-24,0.24996564788026168,0.5000229014131589,0.25001145070657943
2022-08-25,0.24996592065042042,0.5000227195663863,0.25001135978319317
2022-08-26,0.24996619125361252,0.5000225391642583,0.25001126958212916
2022-08-27,0.2499664597070697,0.5000223601952869,0.25001118009764345
2022-08-28,0.24996672602788642,0.5000221826480757,0.25001109132403787
2022-08-29,0.249966990233021,0.5000220065113193,0.25001100325565967
2022-08-30,0.24996725233929654,0.5000218317738023,0.25001091588690116
2022-08-31,0.2499675123634022,0.5000216584243985,0.25001082921219925
2022-09-01,0.24996777032189424,0.5000214864520706,0.2500107432260353
2022-09-02,0.2499680262311968,0.5000213158458687,0.25001065792293437
2022-09-03,0.24996828010760352,0.500021146594931,0.2500105732974655
2022-09-04,0.249968531967278,0.5000209786884814,0.2500104893442407
2022-09-05,0.24996878182625512,0.5000208121158299,0.25001040605791497
2022-09-06,0.24996902970044216,0.5000206468663719,0.25001032343318597
2022-09-07,0.24996927560561957,0.500020482929587,0.2500102414647935
2022-09-08,0.24996951955744218,0.5000203202950386,0.2500101601475193
2022-09-09,0.2499697615714401,0.5000201589523733,0.25001007947618664
2022-09-10,0.24997000166301975,0.5000199988913201,0.25000999944566005
2022-09-11,0.24997023984746497,0.50001984010169,0.250009920050845
2022-09-12,0.2499704761399377,0.5000196825733748,0.2500098412866874
2022-09-13,0.24997071055547926,0.5000195262963472,0.2500097631481736
2022-09-14,0.2499709431090111,0.5000193712606592,0.2500096856303296
2022-09-15,0.24997117381533598,0.5000192174564427,0.25000960872822137
2022-09-16,0.2499714026891386,0.5000190648739076,0.2500095324369538
2022-09-17,0.24997162974498685,0.500018913503342,0.250009456751671
2022-09-18,0.24997185499733265,0.5000187633351115,0.25000938166755576
2022-09-19,0.2499720784605128,0.5000186143596582,0.2500093071798291
2022-09-20,0.24997230014874985,0.5000184665675,0.25000923328375
2022-09-21,0.24997252007615336,0.5000183199492312,0.2500091599746156
2022-09-22,0.24997273825672023,0.5000181744955199,0.25000908724775994
2022-09-23,0.24997295470433614,0.5000180301971092,0.2500090150985546
2022-09-24,0.24997316943277623,0.5000178870448159,0.25000894352240793
2022-09-25,0.24997338245570586,0.5000177450295294,0.2500088725147647
2022-09-26,0.24997359378668163,0.5000176041422122,0.2500088020711061
2022-09-27,0.24997380343915238,0.5000174643738985,0.25000873218694925
2022-09-28,0.24997401142645956,0.5000173257156936,0.2500086628578468
2022-09-29,0.24997421776183873,0.5000171881587742,0.2500085940793871
2022-09-30,0.24997442245841991,0.5000170516943867,0.25000852584719335
2022-10-01,0.24997462552922872,0.5000169163138475,0.25000845815692374
2022-10-02,0.24997482698718698,0.5000167820085419,0.25000839100427097
2022-10-03,0.24997502684511377,0.5000166487699241,0.25000832438496207
2022-10-04,0.2499752251157261,0.500016516589516,0.250008258294758
2022-10-05,0.24997542181163962,0.5000163854589069,0.25000819272945346
2022-10-06,0.2499756169453698,0.5000162553697535,0.25000812768487674
2022-10-07,0.2499758105293324,0.5000161263137785,0.2500080631568892
2022-10-08,0.2499760025758443,0.5000159982827705,0.2500079991413853
2022-10-09,0.2499761930971244,0.5000158712685837,0.25000793563429186
2022-10-10,0.24997638210529452,0.5000157452631371,0.25000787263156854
2022-10-11,0.24997656961237963,0.5000156202584135,0.25000781012920675
2022-10-12,0.2499767556303095,0.5000154962464604,0.2500077481232302
2022-10-13,0.2499769401709185,0.5000153732193877,0.25000768660969386
2022-10-14,0.24997712324594712,0.5000152511693686,0.2500076255846843
2022-10-15,0.24997730486704234,0.5000151300886385,0.25000756504431926
2022-10-16,0.24997748504575834,0.5000150099694944,0.2500075049847472
2022-10-17,0.24997766379355765,0.500014890804295,0.2500074454021475
2022-10-18,0.24997784112181123,0.5000147725854591,0.25000738629272956
2022-10-19,0.24997801704179992,0.5000146553054667,0.25000732765273337
2022-10-20,0.2499781915647145,0.500014538956857,0.2500072694784285
2022-10-21,0.24997836470165688,0.5000144235322287,0.25000721176611435
2022-10-22,0.24997853646364063,0.5000143090242396,0.2500071545121198
2022-10-23,0.24997870686159154,0.5000141954256055,0.2500070977128028
2022-10-24,0.2499788759063488,0.5000140827291009,0.25000704136455043
2022-10-25,0.24997904360866496,0.5000139709275567,0.25000698546377836
2022-10-26,0.2499792099792073,0.5000138600138618,0.2500069300069309
2022-10-27,0.24997937502855816,0.5000137499809613,0.25000687499048063
2022-10-28,0.24997953876721565,0.5000136408218563,0.25000682041092814
2022-10-29,0.24997970120559443,0.5000135325296037,0.25000676626480184
2022-10-30,0.24997986235402633,0.5000134250973158,0.2500067125486579
2022-10-31,0.24998002222276083,0.5000133185181594,0.2500066592590797
2022-11-01,0.24998018082196607,0.5000132127853559,0.25000660639267797
2022-11-02,0.24998033816172924,0.5000131078921806,0.2500065539460903
2022-11-03,0.2499804942520572,0.5000130038319619,0.25000650191598095
2022-11-04,0.24998064910287732,0.5000129005980818,0.2500064502990409
2022-11-05,0.24998080272403794,0.5000127981839747,0.25000639909198735
2022-11-06,0.2499809551253091,0.5000126965831272,0.2500063482915636
2022-11-07,0.2499811063163832,0.5000125957890779,0.25000629789453893
2022-11-08,0.2499812563068754,0.5000124957954164,0.2500062478977082
2022-11-09,0.24998140510632447,0.5000123965957838,0.2500061982978919
2022-11-10,0.2499815527241932,0.5000122981838712,0.2500061490919356
2022-11-11,0.24998169916986937,0.5000122005534204,0.2500061002767102
2022-11-12,0.24998184445266583,0.5000121036982228,0.2500060518491114
2022-11-13,0.24998198858182152,0.5000120076121191,0.25000600380605953
2022-11-14,0.2499821315665018,0.5000119122889988,0.2500059561444994
2022-11-15,0.24998227341579926,0.5000118177228006,0.2500059088614003
2022-11-16,0.24998241413873407,0.5000117239075107,0.25000586195375535
2022-11-17,0.24998255374425465,0.5000116308371636,0.2500058154185818
2022-11-18,0.2499826922412384,0.5000115385058411,0.25000576925292056
2022-11-19,0.249982829638492,0.5000114469076721,0.25000572345383604
2022-11-20,0.24998296594475208,0.5000113560368319,0.25000567801841594
2022-11-21,0.2499831011686859,0.5000112658875426,0.2500056329437713
2022-11-22,0.24998323531889183,0.5000111764540721,0.25000558822703606
2022-11-23,0.24998336840389962,0.5000110877307335,0.2500055438653668
2022-11-24,0.2499835004321714,0.5000109997118857,0.25000549985594284
2022-11-25,0.24998363141210203,0.500010912391932,0.250005456195966
2022-11-26,0.24998376135201944,0.5000108257653203,0.25000541288266015
2022-11-27,0.24998389026018558,0.500010739826543,0.2500053699132715
2022-11-28,0.24998401814479645,0.5000106545701357,0.25000532728506786
2022-11-29,0.24998414501398308,0.5000105699906779,0.25000528499533897
2022-11-30,0.24998427087581174,0.5000104860827921,0.25000524304139604
2022-12-01,0.24998439573828474,0.5000104028411436,0.2500052014205718
2022-12-02,0.24998451960934037,0.5000103202604397,0.25000516013021984
2022-12-03,0.2499846424968543,0.5000102383354305,0.25000511916771523
2022-12-04,0.24998476440863923,0.5000101570609072,0.2500050785304536
2022-12-05,0.2499848853524459,0.5000100764317028,0.2500050382158514
2022-12-06,0.24998500533596332,0.5000099964426911,0.25000499822134553
2022-12-07,0.24998512436681955,0.500009917088787,0.2500049585443935
2022-12-08,0.24998524245258186,0.5000098383649455,0.25000491918247275
2022-12-09,0.24998535960075727,0.5000097602661617,0.25000488013308086
2022-12-10,0.24998547581879346,0.500009682787471,0.2500048413937355
2022-12-11,0.24998559111407853,0.5000096059239476,0.2500048029619738
2022-12-12,0.2499857054939421,0.5000095296707053,0.25000476483535267
2022-12-13,0.24998581896565528,0.5000094540228964,0.2500047270114482
2022-12-14,0.24998593153643167,0.5000093789757122,0.2500046894878561
2022-12-15,0.24998604321342735,0.5000093045243819,0.25000465226219093
2022-12-16,0.24998615400374144,0.5000092306641724,0.2500046153320862
2022-12-17,0.2499862639144168,0.5000091573903888,0.2500045786951944
2022-12-18,0.24998637295244025,0.5000090846983731,0.25000454234918656
2022-12-19,0.24998648112474303,0.5000090125835046,0.2500045062917523
2022-12-20,0.24998658843820132,0.5000089410411991,0.25000447052059954
2022-12-21,0.24998669489963662,0.5000088700669089,0.25000443503345443
2022-12-22,0.2499868005158162,0.5000087996561224,0.2500043998280612
2022-12-23,0.24998690529345372,0.5000087298043643,0.25000436490218214
2022-12-24,0.249987009239209,0.500008660507194,0.250004330253597
2022-12-25,0.24998711235968946,0.500008591760207,0.2500042958801035
2022-12-26,0.2499872146614498,0.5000085235590335,0.25000426177951673
2022-12-27,0.24998731615099246,0.5000084558993384,0.2500042279496692
2022-12-28,0.24998741683476844,0.5000083887768211,0.25000419438841054
2022-12-29,0.24998751671917732,0.5000083221872151,0.25000416109360757
2022-12-30,0.24998761581056786,0.5000082561262881,0.25000412806314404
2022-12-31,0.2499877141152384,0.500008190589841,0.2500040952949205
2023-01-01,0.24998781163943717,0.5000081255737086,0.2500040627868543
2023-01-02,0.24998790838936275,0.5000080610737582,0.2500040305368791
2023-01-03,0.24998800437116447,0.5000079970858904,0.2500039985429452
2023-01-04,0.24998809959094273,0.5000079336060381,0.25000396680301906
2023-01-05,0.24998819405474956,0.5000078706301669,0.25000393531508347
2023-01-06,0.2499882877685888,0.5000078081542741,0.2500039040771371
2023-01-07,0.24998838073841662,0.5000077461743889,0.25000387308719446
2023-01-08,0.2499884729701418,0.5000076846865721,0.25000384234328604
2023-01-09,0.24998856446962625,0.5000076236869159,0.25000381184345793
2023-01-10,0.2499886552426852,0.5000075631715433,0.25000378158577163
2023-01-11,0.2499887452950877,0.5000075031366081,0.25000375156830407
2023-01-12,0.24998883463255703,0.5000074435782953,0.25000372178914765
2023-01-13,0.24998892326077088,0.5000073844928193,0.25000369224640967
2023-01-14,0.2499890111853619,0.5000073258764254,0.2500036629382127
2023-01-15,0.249989098411918,0.5000072677253881,0.25000363386269403
2023-01-16,0.24998918494598243,0.5000072100360117,0.25000360501800584
2023-01-17,0.24998927079305483,0.5000071528046302,0.2500035764023151
2023-01-18,0.2499893559585907,0.5000070960276062,0.2500035480138031
2023-01-19,0.24998944044800253,0.5000070397013316,0.2500035198506658
2023-01-20,0.24998952426665963,0.500006983822227,0.2500034919111135
2023-01-21,0.24998960741988854,0.5000069283867409,0.25000346419337044
2023-01-22,0.24998968991297382,0.5000068733913507,0.2500034366956754
2023-01-23,0.24998977175115772,0.5000068188325615,0.25000340941628074
2023-01-24,0.2499898529396409,0.500006764706906,0.250003382353453
2023-01-25,0.24998993348358287,0.5000067110109447,0.25000335550547237
2023-01-26,0.24999001338810192,0.5000066577412654,0.2500033288706327
2023-01-27,0.24999009265827576,0.5000066048944829,0.25000330244724145
2023-01-28,0.24999017129914172,0.5000065524672388,0.2500032762336194
2023-01-29,0.24999024931569727,0.5000065004562018,0.2500032502281009
2023-01-30,0.24999032671289997,0.5000064488580667,0.25000322442903333
2023-01-31,0.2499904034956681,0.5000063976695546,0.2500031988347773
