Date,High,Low,Mid,Last,Bid,Ask,Volume
2022-10-02,19386.0,19049.0,19165.5,19155.0,19165.0,19166.0,209.49276838
2022-10-01,19475.0,19165.0,19325.0,19323.0,19322.0,19328.0,44.73537926
2022-09-30,20170.0,19158.0,19379.5,19380.0,19377.0,19382.0,285.13212127
2022-09-29,19642.0,18857.0,19455.0,19451.0,19452.0,19458.0,264.15649679
2022-09-28,19768.0,18482.0,19490.5,19492.0,19489.0,19492.0,535.5859834
2022-09-27,20369.0,18833.0,19079.5,19082.0,19077.0,19082.0,469.50748247
2022-09-26,19309.0,18691.0,19141.5,19138.0,19139.0,19144.0,518.60822357
2022-09-25,19177.0,18644.0,18784.5,18784.0,18784.0,18785.0,310.31272031
2022-09-24,19395.0,18817.0,18872.5,18870.0,18871.0,18874.0,99.65138725999999
2022-09-23,19508.0,18527.0,19328.5,19329.0,19328.0,19329.0,177.56808645
2022-09-22,19497.0,18369.0,19386.5,19386.0,19386.0,19387.0,266.02653013
2022-09-21,19938.0,18159.0,18485.5,18483.0,18478.0,18493.0,896.64167143
2022-09-20,19628.0,18738.0,18950.0,18952.0,18948.0,18952.0,488.72564014
2022-09-19,19673.0,18259.0,19629.0,19624.0,19625.0,19633.0,576.75268213
2022-09-18,20138.0,19342.0,19440.5,19440.0,19440.0,19441.0,164.31623605
2022-09-17,20181.0,19701.0,20122.5,20121.0,20122.0,20123.0,304.31660593
2022-09-16,19880.0,19340.0,19733.5,19735.0,19732.0,19735.0,460.37207941
2022-09-15,20331.0,19505.0,19731.5,19728.0,19731.0,19732.0,268.73888302
2022-09-14,20525.0,19594.0,20293.5,20295.0,20291.0,20296.0,605.58099494
2022-09-13,22777.0,19877.0,20227.5,20229.0,20227.0,20228.0,659.27997429
2022-09-12,22471.0,21548.0,22302.5,22301.0,22302.0,22303.0,308.05582638
2022-09-11,21860.0,21358.0,21637.5,21643.0,21637.0,21638.0,161.58030128
2022-09-10,21793.0,21132.0,21780.5,21787.0,21775.0,21786.0,223.36369901
2022-09-09,21422.0,19286.0,21367.5,21368.0,21367.0,21368.0,437.66678893
2022-09-08,19453.0,19027.0,19303.0,19304.0,19301.0,19305.0,630.42429527
2022-09-07,19464.0,18545.0,19335.0,19337.0,19333.0,19337.0,346.34045293
2022-09-06,20181.0,18654.0,18912.5,18913.0,18912.0,18913.0,560.34080924
2022-09-05,20048.0,19642.0,19797.0,19796.0,19794.0,19800.0,104.1794513
2022-09-04,19949.0,19598.0,19837.5,19836.0,19836.0,19839.0,88.73469793
2022-09-03,20052.0,19664.0,19792.5,19792.0,19792.0,19793.0,85.63265598
2022-09-02,20440.0,19766.0,19992.5,19992.0,19992.0,19993.0,299.61068685
2022-09-01,20198.0,19576.0,20080.5,20080.0,20080.0,20081.0,376.3153453
2022-08-31,20484.0,19762.0,20147.5,20151.0,20147.0,20148.0,319.6679888
2022-08-30,20571.0,19555.0,19886.5,19888.0,19885.0,19888.0,362.40170193
2022-08-29,20419.0,19531.0,20196.0,20197.0,20195.0,20197.0,334.85889254
2022-08-28,20165.0,19819.0,19918.0,19920.0,19915.0,19921.0,262.65006894
2022-08-27,20624.0,19805.0,20012.5,20014.0,20012.0,20013.0,410.29697684
2022-08-26,21863.0,20542.0,20617.0,20619.0,20616.0,20618.0,405.03525943
2022-08-25,21811.0,21321.0,21583.5,21583.0,21582.0,21585.0,130.24714477
2022-08-24,21885.0,21161.0,21500.0,21502.0,21498.0,21502.0,525.97139948
2022-08-23,21681.0,20898.0,21480.5,21482.0,21480.0,21481.0,244.13066752
2022-08-22,21639.0,20910.0,21173.5,21173.0,21173.0,21174.0,167.89948204
2022-08-21,21781.0,21077.0,21566.5,21569.0,21566.0,21567.0,155.24313627
2022-08-20,21366.0,20776.0,21127.5,21127.0,21127.0,21128.0,186.11232946
2022-08-19,23380.0,20907.0,20964.5,20961.0,20964.0,20965.0,1336.15780701
2022-08-18,23591.0,23242.0,23346.5,23341.0,23343.0,23350.0,285.72780102
2022-08-17,24432.0,23190.0,23342.0,23345.0,23337.0,23347.0,608.24369448
2022-08-16,24239.0,23684.0,23857.5,23857.0,23857.0,23858.0,369.72672670000003
2022-08-15,25191.0,23888.0,24032.5,24037.0,24028.0,24037.0,934.73665005
2022-08-14,25011.0,24162.0,24276.5,24276.0,24276.0,24277.0,524.89652564
2022-08-13,24882.0,24201.0,24393.0,24390.0,24390.0,24396.0,334.99949051
2022-08-12,24269.0,23600.0,24227.5,24224.0,24223.0,24232.0,395.68615849
2022-08-11,24881.0,23826.0,23911.5,23918.0,23905.0,23918.0,992.84005736
2022-08-10,24207.0,22651.0,23839.5,23841.0,23837.0,23842.0,699.7227055
2022-08-09,23916.0,22881.0,23165.0,23167.0,23163.0,23167.0,314.36993151
2022-08-08,24243.0,23067.0,23805.0,23807.0,23803.0,23807.0,374.50845954
2022-08-07,23396.0,22846.0,23239.5,23230.0,23237.0,23242.0,206.96452611
2022-08-06,23341.0,22993.0,23164.0,23170.0,23158.0,23170.0,244.74941871000001
2022-08-05,23463.0,22575.0,23245.5,23239.0,23241.0,23250.0,310.21877282
2022-08-04,23215.0,22402.0,22628.0,22632.0,22623.0,22633.0,331.78082728
2022-08-03,23627.0,22680.0,22929.0,22934.0,22924.0,22934.0,406.3102591
2022-08-02,23469.0,22651.0,23088.5,23089.0,23088.0,23089.0,1488.62088599
2022-08-01,23493.0,22856.0,23168.5,23170.0,23164.0,23173.0,760.34083369
2022-07-31,24184.0,23246.0,23352.5,23354.0,23351.0,23354.0,946.708036
2022-07-30,24616.0,23509.0,23705.0,23709.0,23701.0,23709.0,1066.29218004
2022-07-29,24400.0,23434.0,23941.5,23944.0,23939.0,23944.0,949.28745113
2022-07-28,24186.0,22600.0,23972.0,23979.0,23970.0,23974.0,784.45487527
2022-07-27,23100.0,21049.0,22865.5,22864.0,22863.0,22868.0,686.02994326
2022-07-26,21748.0,20720.0,21110.5,21103.0,21108.0,21113.0,503.65381429
2022-07-25,22747.0,21519.0,21685.5,21688.0,21683.0,21688.0,720.68356592
2022-07-24,23015.0,22267.0,22688.5,22695.0,22682.0,22695.0,575.16311413
2022-07-23,22989.0,21937.0,22485.0,22480.0,22482.0,22488.0,590.18734687
2022-07-22,23743.0,22507.0,22720.5,22717.0,22717.0,22724.0,871.76026922
2022-07-21,23423.0,22352.0,23030.5,23021.0,23022.0,23039.0,1094.40003472
2022-07-20,24256.0,22922.0,23316.5,23312.0,23312.0,23321.0,1933.69906786
2022-07-19,23781.0,21573.0,23493.5,23495.0,23492.0,23495.0,3541.6683965
2022-07-18,22745.0,20762.0,21781.5,21786.0,21777.0,21786.0,1363.34697295
2022-07-17,21663.0,20824.0,21001.5,21001.0,21001.0,21002.0,502.72538429
2022-07-16,21579.0,20487.0,21288.5,21292.0,21284.0,21293.0,334.46544412000003
2022-07-15,21184.0,20391.0,20897.0,20901.0,20896.0,20898.0,235.90179733
2022-07-14,20894.0,19633.0,20506.0,20507.0,20505.0,20507.0,294.23828346
2022-07-13,20113.0,18915.0,19846.5,19844.0,19844.0,19849.0,1088.5746783
2022-07-12,20054.0,19254.0,19356.5,19350.0,19353.0,19360.0,420.32448173
2022-07-11,20876.0,19984.0,20038.5,20035.0,20038.0,20039.0,446.31726831
2022-07-10,21640.0,20650.0,20854.5,20854.0,20854.0,20855.0,317.01773052
2022-07-09,21976.0,21331.0,21624.5,21624.0,21624.0,21625.0,426.07828713
2022-07-08,22496.0,21184.0,21769.5,21757.0,21769.0,21770.0,1326.78036597
2022-07-07,21828.0,20264.0,21622.0,21639.0,21618.0,21626.0,528.68562221
2022-07-06,20600.0,19779.0,20529.5,20528.0,20529.0,20530.0,627.14548668
2022-07-05,20745.0,19298.0,20398.0,20396.0,20397.0,20399.0,581.5791027
2022-07-04,20264.0,19058.0,20158.0,20162.0,20154.0,20162.0,294.53012335
2022-07-03,19652.0,18795.0,19308.5,19308.0,19308.0,19309.0,127.2397363
2022-07-02,19454.0,18989.0,19332.0,19328.0,19328.0,19336.0,116.19574571
2022-07-01,20923.0,18881.0,19302.0,19302.0,19298.0,19306.0,609.58764709
2022-06-30,20220.0,18636.0,18885.5,18887.0,18885.0,18886.0,837.61867679
2022-06-29,20443.0,19858.0,20224.5,20221.0,20223.0,20226.0,382.59411895
2022-06-28,21203.0,20205.0,20306.0,20307.0,20305.0,20307.0,308.78068614
2022-06-27,21542.0,20522.0,20821.5,20818.0,20818.0,20825.0,587.2311198900001
2022-06-26,21876.0,20981.0,21156.0,21143.0,21148.0,21164.0,641.62152867
2022-06-25,21598.0,20919.0,21431.0,21430.0,21428.0,21434.0,587.79397219
2022-06-24,21547.0,20741.0,21341.5,21345.0,21340.0,21343.0,651.44310309
2022-06-23,21224.0,19894.0,20984.5,20986.0,20981.0,20988.0,866.90371446
2022-06-22,20929.0,19778.0,20124.5,20128.0,20124.0,20125.0,986.67987256
2022-06-21,21706.0,20372.0,20870.0,20868.0,20868.0,20872.0,917.66882384
2022-06-20,21061.0,19644.0,20517.0,20518.0,20514.0,20520.0,1288.3200044
2022-06-19,20816.0,17946.0,20695.0,20694.0,20693.0,20697.0,1359.87582284
2022-06-18,20765.0,17615.0,19170.5,19173.0,19168.0,19173.0,2951.05433235
2022-06-17,21369.0,20236.0,20451.0,20473.0,20448.0,20454.0,3993.32688383
2022-06-16,22979.0,20348.0,20356.0,20348.0,20351.0,20361.0,2088.2294695
2022-06-15,22777.0,20085.0,22483.5,22480.0,22479.0,22488.0,2402.62980726
2022-06-14,23343.0,20850.0,21601.5,21596.0,21597.0,21606.0,1408.92724757
2022-06-13,27173.0,22599.0,22605.5,22610.0,22601.0,22610.0,4285.52487078
2022-06-12,28534.0,26904.0,26978.0,26974.0,26970.0,26986.0,991.05461933
2022-06-11,29430.0,28112.0,28636.5,28636.0,28636.0,28637.0,441.53260044
2022-06-10,30350.0,28864.0,29178.5,29178.0,29178.0,29179.0,772.1923594
2022-06-09,30700.0,29938.0,30052.0,30054.0,30049.0,30055.0,146.53157653
2022-06-08,31379.0,29862.0,30316.0,30305.0,30314.0,30318.0,477.03163835
2022-06-07,31579.0,29228.0,31274.0,31250.0,31261.0,31287.0,975.05655313
2022-06-06,31760.0,29900.0,31434.5,31392.0,31433.0,31436.0,758.9547761
2022-06-05,30210.0,29540.0,30026.5,30026.0,30026.0,30027.0,458.0830114
2022-06-04,29999.0,29490.0,29802.5,29806.0,29802.0,29803.0,267.70454777
2022-06-03,30682.0,29297.0,29730.0,29724.0,29727.0,29733.0,511.2252984
2022-06-02,30700.0,29600.0,30505.5,30480.0,30502.0,30509.0,219.02785606
2022-06-01,31979.0,29335.0,29743.0,29751.0,29737.0,29749.0,486.78477468
2022-05-31,32400.0,31237.0,31863.0,31879.0,31860.0,31866.0,388.87766955
2022-05-30,32286.0,29315.0,31762.0,31789.0,31759.0,31765.0,737.87083524
2022-05-29,29579.0,28839.0,29427.5,29430.0,29425.0,29430.0,201.75433339
2022-05-28,29248.0,28530.0,28988.0,28991.0,28986.0,28990.0,851.96188929
2022-05-27,29454.0,28283.0,28836.0,28827.0,28834.0,28838.0,526.7028903300001
2022-05-26,29880.0,28011.0,29501.5,29508.0,29501.0,29502.0,781.09506499
2022-05-25,30215.0,29346.0,29783.0,29781.0,29782.0,29784.0,276.53241355
2022-05-24,29644.0,28674.0,29614.0,29616.0,29612.0,29616.0,313.76132784
2022-05-23,30664.0,29036.0,29191.0,29212.0,29187.0,29195.0,310.99188371
2022-05-22,30467.0,29234.0,30296.5,30293.0,30293.0,30300.0,200.27803309
2022-05-21,29648.0,28952.0,29401.5,29402.0,29401.0,29402.0,375.07880837
2022-05-20,30750.0,28723.0,29168.5,29148.0,29165.0,29172.0,480.76396835
2022-05-19,30530.0,28648.0,30218.0,30223.0,30215.0,30221.0,581.35991854
2022-05-18,30697.0,28752.0,29015.0,29003.0,29012.0,29018.0,474.27288519
2022-05-17,30769.0,29465.0,30365.5,30364.0,30363.0,30368.0,346.06100399
2022-05-16,31399.0,29091.0,30037.5,30022.0,30033.0,30042.0,599.75263837
2022-05-15,31445.0,29475.0,31114.5,31102.0,31105.0,31124.0,494.28207367
2022-05-14,30330.0,28642.0,30248.5,30256.0,30248.0,30249.0,474.06414026
2022-05-13,31055.0,28773.0,29816.5,29807.0,29810.0,29823.0,702.55650227
2022-05-12,30243.0,26642.0,28864.0,28855.0,28856.0,28872.0,6408.51306524
2022-05-11,32165.0,27817.0,28858.0,28849.0,28849.0,28867.0,5241.37240133
2022-05-10,32650.0,29754.0,30730.5,30725.0,30726.0,30735.0,3512.14718529
2022-05-09,34261.0,30355.0,31109.5,31112.0,31108.0,31111.0,3399.08376189
2022-05-08,35758.0,33718.0,34278.0,34283.0,34272.0,34284.0,1828.47975005
2022-05-07,36136.0,34798.0,35036.5,35036.0,35036.0,35037.0,638.0251003
2022-05-06,36671.0,35241.0,36013.5,36013.0,36013.0,36014.0,1887.36928665
2022-05-05,39839.0,35557.0,36256.5,36253.0,36250.0,36263.0,1354.05368483
2022-05-04,40045.0,37661.0,39682.5,39682.0,39682.0,39683.0,650.28096429
2022-05-03,38729.0,37530.0,37743.5,37743.0,37743.0,37744.0,657.33995035
2022-05-02,39151.0,38066.0,38591.0,38588.0,38585.0,38597.0,1417.41124744
2022-05-01,38667.0,37404.0,38301.5,38327.0,38301.0,38302.0,985.37837935
2022-04-30,38777.0,38167.0,38241.0,38244.0,38239.0,38243.0,519.27381043
2022-04-29,39918.0,38182.0,38587.0,38586.0,38586.0,38588.0,582.98680037
2022-04-28,40374.0,38854.0,39796.0,39794.0,39791.0,39801.0,1105.59144104
2022-04-27,39479.0,37721.0,39074.5,39073.0,39074.0,39075.0,1005.44401072
2022-04-26,40785.0,37717.0,38220.5,38220.0,38220.0,38221.0,859.99980757
2022-04-25,40619.0,38190.0,40354.0,40361.0,40347.0,40361.0,1528.20911399
2022-04-24,39930.0,38932.0,39559.5,39560.0,39559.0,39560.0,629.17181027
2022-04-23,39979.0,39301.0,39803.0,39806.0,39801.0,39805.0,287.40077581
2022-04-22,40788.0,39169.0,39716.5,39720.0,39716.0,39717.0,899.39813397
2022-04-21,42962.0,39800.0,40377.5,40366.0,40369.0,40386.0,750.69971763
2022-04-20,42183.0,40894.0,41464.5,41464.0,41464.0,41465.0,904.49981845
2022-04-19,41770.0,40580.0,41409.5,41400.0,41407.0,41412.0,622.03278684
2022-04-18,41090.0,38538.0,40946.5,40956.0,40944.0,40949.0,1609.41889825
2022-04-17,42184.0,39844.0,39987.5,39987.0,39987.0,39988.0,923.0182339
2022-04-16,40692.0,40001.0,40415.5,40416.0,40415.0,40416.0,406.86475731
2022-04-15,40860.0,39785.0,40457.0,40467.0,40452.0,40462.0,706.46304862
2022-04-14,41494.0,39574.0,39833.0,39835.0,39832.0,39834.0,625.49211834
2022-04-13,41534.0,39590.0,41327.0,41319.0,41325.0,41329.0,1063.03534168
2022-04-12,40684.0,39267.0,39838.5,39839.0,39838.0,39839.0,1133.84057714
2022-04-11,42421.0,39210.0,39750.0,39743.0,39739.0,39761.0,1170.81771956
2022-04-10,43413.0,41897.0,42120.0,42098.0,42111.0,42129.0,544.17936892
2022-04-09,42646.0,42131.0,42527.0,42533.0,42526.0,42528.0,380.27563680000003
2022-04-08,43973.0,42250.0,42283.5,42273.0,42283.0,42284.0,730.28411301
2022-04-07,43888.0,42751.0,43592.0,43597.0,43583.0,43601.0,518.8302923
2022-04-06,45880.0,43188.0,43531.5,43526.0,43526.0,43537.0,913.44707214
2022-04-05,47184.0,45470.0,45856.0,45851.0,45853.0,45859.0,642.26061081
2022-04-04,46834.0,45133.0,46721.0,46727.0,46715.0,46727.0,632.85368659
2022-04-03,47455.0,45543.0,46681.5,46682.0,46673.0,46690.0,718.61150709
2022-04-02,47190.0,45624.0,46119.5,46117.0,46117.0,46122.0,412.73059164
2022-04-01,46698.0,44222.0,46345.5,46342.0,46342.0,46349.0,724.35051669
2022-03-31,47597.0,45518.0,45781.0,45790.0,45773.0,45789.0,782.12612509
2022-03-30,47675.0,46527.0,47067.0,47069.0,47065.0,47069.0,797.3991273
2022-03-29,48116.0,46905.0,47310.5,47309.0,47308.0,47313.0,1005.40481
2022-03-28,48179.0,46572.0,47524.5,47527.0,47522.0,47527.0,1346.59274856
2022-03-27,46930.0,44397.0,46633.0,46628.0,46629.0,46637.0,1377.57580231
2022-03-26,44781.0,44085.0,44383.0,44385.0,44381.0,44385.0,237.51217346
2022-03-25,45071.0,43577.0,44279.0,44279.0,44274.0,44284.0,748.10052561
2022-03-24,44218.0,42406.0,43950.0,43953.0,43945.0,43955.0,1031.3635958
2022-03-23,42742.0,41751.0,42493.5,42494.0,42493.0,42494.0,743.84448255
2022-03-22,43321.0,40878.0,42516.5,42526.0,42514.0,42519.0,1449.18554724
2022-03-21,41528.0,40500.0,41101.0,41097.0,41094.0,41108.0,727.10928575
2022-03-20,42279.0,40920.0,41381.5,41410.0,41374.0,41389.0,484.5447056
2022-03-19,42418.0,41522.0,41937.5,41933.0,41935.0,41940.0,446.05203378
2022-03-18,42323.0,40143.0,41689.5,41693.0,41686.0,41693.0,1025.78235675
2022-03-17,41444.0,40504.0,40987.5,40999.0,40987.0,40988.0,705.94172638
2022-03-16,41713.0,38837.0,40872.5,40865.0,40872.0,40873.0,1800.74900691
2022-03-15,39899.0,38134.0,39509.5,39502.0,39507.0,39512.0,724.79176512
2022-03-14,39929.0,37564.0,39393.5,39394.0,39393.0,39394.0,906.69607958
2022-03-13,39304.0,37568.0,37767.5,37758.0,37758.0,37777.0,585.91255429
2022-03-12,39450.0,38700.0,38769.0,38764.0,38764.0,38774.0,507.31643608
2022-03-11,40221.0,38229.0,38664.0,38674.0,38656.0,38672.0,1008.17575228
2022-03-10,42042.0,38520.0,39431.0,39401.0,39424.0,39438.0,1431.90124726
2022-03-09,42580.0,38717.0,41961.0,41972.0,41954.0,41968.0,2243.97155944
2022-03-08,39367.0,38012.0,38719.5,38712.0,38714.0,38725.0,1246.73640971
2022-03-07,39536.0,37171.0,38033.5,38037.0,38033.0,38034.0,2119.07746963
2022-03-06,39707.0,38140.0,38441.5,38446.0,38438.0,38445.0,737.73881643
2022-03-05,39601.0,38582.0,39377.0,39381.0,39374.0,39380.0,528.93467101
2022-03-04,42358.0,38572.0,39155.5,39156.0,39155.0,39156.0,1476.86894813
2022-03-03,44075.0,41846.0,42433.0,42433.0,42427.0,42439.0,988.65610038
2022-03-02,45314.0,43345.0,43877.5,43874.0,43877.0,43878.0,1445.73474979
2022-03-01,44931.0,42858.0,44385.5,44427.0,44376.0,44395.0,1590.41013213
2022-02-28,44215.0,37467.0,43190.0,43215.0,43181.0,43199.0,3489.66244992
2022-02-27,39859.0,37019.0,37700.5,37695.0,37689.0,37712.0,1231.6775655
2022-02-26,40282.0,38592.0,39117.5,39114.0,39114.0,39121.0,974.75536853
2022-02-25,39672.0,38030.0,39201.5,39203.0,39199.0,39204.0,2506.87498494
2022-02-24,39700.0,34324.0,38364.5,38365.0,38364.0,38365.0,5555.44921283
2022-02-23,39245.0,37053.0,37229.0,37224.0,37227.0,37231.0,1677.86400173
2022-02-22,38408.0,36366.0,38249.0,38256.0,38242.0,38256.0,2148.43611307
2022-02-21,39500.0,36800.0,37063.5,37066.0,37061.0,37066.0,4012.78718397
2022-02-20,40076.0,38004.0,38416.0,38413.0,38407.0,38425.0,1112.32432279
2022-02-19,40438.0,39647.0,40074.5,40079.0,40070.0,40079.0,686.79495759
2022-02-18,40946.0,39467.0,39985.5,39982.0,39982.0,39989.0,2386.19449303
2022-02-17,44150.0,40082.0,40502.0,40508.0,40496.0,40508.0,2964.0655809
2022-02-16,44397.0,43321.0,43871.0,43873.0,43866.0,43876.0,1689.21520995
2022-02-15,44729.0,42444.0,44489.5,44489.0,44489.0,44490.0,1366.97629823
2022-02-14,42830.0,41566.0,42572.5,42580.0,42565.0,42580.0,795.76092594
2022-02-13,42750.0,41885.0,42101.0,42110.0,42091.0,42111.0,549.78800442
2022-02-12,42992.0,41743.0,42197.5,42176.0,42190.0,42205.0,520.21924374
2022-02-11,43912.0,41961.0,42391.0,42372.0,42386.0,42396.0,1231.67292494
2022-02-10,45826.0,43200.0,43484.0,43485.0,43482.0,43486.0,1384.51384256
2022-02-09,44801.0,43139.0,44372.0,44382.0,44362.0,44382.0,847.78444901
2022-02-08,45473.0,42682.0,44102.0,44083.0,44096.0,44108.0,1468.9516249
2022-02-07,44444.0,41658.0,43871.0,43878.0,43865.0,43877.0,1681.90886738
2022-02-06,42640.0,41129.0,42467.5,42457.0,42457.0,42478.0,389.6023812
2022-02-05,41915.0,40954.0,41423.0,41454.0,41412.0,41434.0,615.36782659
2022-02-04,41721.0,37043.0,41554.5,41571.0,41545.0,41564.0,1811.46314841
2022-02-03,37341.0,36261.0,37238.0,37247.0,37229.0,37247.0,593.70140741
2022-02-02,38852.0,36610.0,36891.5,36877.0,36884.0,36899.0,734.73039906
2022-02-01,39315.0,38010.0,38719.5,38724.0,38708.0,38731.0,874.74404886
2022-01-31,38733.0,36652.0,38408.5,38405.0,38401.0,38416.0,1134.63613852
2022-01-30,38396.0,37352.0,37919.0,37910.0,37912.0,37926.0,565.68939907
2022-01-29,38697.0,37262.0,38143.5,38147.0,38141.0,38146.0,697.23073633
2022-01-28,38003.0,36169.0,37670.5,37675.0,37666.0,37675.0,749.10525795
2022-01-27,37288.0,35507.0,37100.0,37112.0,37091.0,37109.0,1107.50820712
2022-01-26,38912.0,36277.0,36775.0,36782.0,36772.0,36778.0,1219.0393743
2022-01-25,37560.0,35719.0,36892.5,36894.0,36892.0,36893.0,1520.69280864
2022-01-24,37535.0,32938.0,36600.5,36602.0,36599.0,36602.0,4122.99749144
2022-01-23,36504.0,34613.0,36207.0,36209.0,36206.0,36208.0,2899.5151841
2022-01-22,36699.0,34016.0,35090.5,35078.0,35082.0,35099.0,3955.95792121
2022-01-21,41095.0,35455.0,36540.0,36557.0,36523.0,36557.0,3659.54440892
2022-01-20,43488.0,40571.0,40680.0,40684.0,40673.0,40687.0,1097.53996532
2022-01-19,42550.0,41143.0,41691.5,41724.0,41687.0,41696.0,1437.22527648
2022-01-18,42665.0,41295.0,42380.0,42389.0,42375.0,42385.0,1589.1365168
2022-01-17,43081.0,41559.0,42269.0,42270.0,42264.0,42274.0,1092.10636032
2022-01-16,43463.0,42608.0,43095.5,43114.0,43093.0,43098.0,458.69578225
2022-01-15,43794.0,42570.0,43081.5,43075.0,43077.0,43086.0,797.59847584
2022-01-14,43437.0,41769.0,43152.0,43146.0,43149.0,43155.0,1688.32471225
2022-01-13,44414.0,42330.0,42596.0,42609.0,42594.0,42598.0,1089.94754766
2022-01-12,44295.0,41623.0,43934.0,43930.0,43932.0,43936.0,2209.55868644
2022-01-11,43087.0,41262.0,42765.0,42772.0,42758.0,42772.0,1979.56213913
2022-01-10,42252.0,39658.0,41872.0,41862.0,41867.0,41877.0,3663.8872038
2022-01-09,42774.0,41226.0,41845.0,41834.0,41839.0,41851.0,1558.17166253
2022-01-08,42297.0,40529.0,41686.5,41679.0,41678.0,41695.0,1806.41974777
2022-01-07,43015.0,40616.0,41672.5,41674.0,41671.0,41674.0,3320.04384533
2022-01-06,43783.0,42449.0,43096.5,43097.0,43096.0,43097.0,2256.24586724
2022-01-05,47055.0,42470.0,43378.0,43397.0,43370.0,43386.0,3237.82158782
2022-01-04,47574.0,45573.0,45893.5,45894.0,45893.0,45894.0,1701.81445202
2022-01-03,47571.0,45706.0,46513.5,46513.0,46513.0,46514.0,1373.87791709
2022-01-02,47963.0,46660.0,47258.5,47258.0,47258.0,47259.0,1200.49982692
2022-01-01,47955.0,46240.0,47738.5,47751.0,47736.0,47741.0,983.9264074
2021-12-31,48558.0,45658.0,46236.0,46240.0,46235.0,46237.0,2444.025171
2021-12-30,47902.0,46011.0,47126.5,47126.0,47126.0,47127.0,1815.28609152
2021-12-29,48134.0,46168.0,46545.5,46551.0,46544.0,46547.0,2558.20318842
2021-12-28,50554.0,47319.0,47590.0,47596.0,47584.0,47596.0,3757.4166271
2021-12-27,52092.0,50469.0,50652.5,50639.0,50647.0,50658.0,660.37546472
2021-12-26,51610.0,49441.0,50804.0,50803.0,50800.0,50808.0,1027.8471337
2021-12-25,51133.0,50149.0,50352.5,50354.0,50352.0,50353.0,843.50189553
2021-12-24,51815.0,50330.0,50784.5,50788.0,50784.0,50785.0,1466.2174928
2021-12-23,51348.0,48053.0,50837.5,50838.0,50837.0,50838.0,1624.26115686
2021-12-22,49555.0,48438.0,48637.5,48626.0,48632.0,48643.0,1379.34401205
2021-12-21,49313.0,46665.0,48926.5,48942.0,48924.0,48929.0,1498.685636
2021-12-20,47525.0,45579.0,46945.5,46944.0,46944.0,46947.0,1459.69301273
2021-12-19,48337.0,46437.0,46613.0,46647.0,46607.0,46619.0,1386.66056204
2021-12-18,47331.0,45500.0,46806.5,46803.0,46803.0,46810.0,1471.19755
2021-12-17,47991.0,45458.0,46212.0,46218.0,46204.0,46220.0,1514.71175941
2021-12-16,49422.0,47545.0,47645.0,47654.0,47636.0,47654.0,923.18055244
2021-12-15,49480.0,46558.0,48871.5,48871.0,48871.0,48872.0,1665.85234454
2021-12-14,48647.0,46300.0,48350.0,48334.0,48342.0,48358.0,2069.53802997
2021-12-13,50165.0,45723.0,46598.5,46584.0,46598.0,46599.0,2474.07829019
2021-12-12,50764.0,48649.0,50070.5,50035.0,50062.0,50079.0,1331.69941064
2021-12-11,48902.0,46800.0,48507.5,48509.0,48507.0,48508.0,2123.0799165
2021-12-10,50100.0,46900.0,47242.0,47248.0,47236.0,47248.0,2139.62083664
2021-12-09,50754.0,47340.0,47615.5,47592.0,47607.0,47624.0,1123.41263743
2021-12-08,51200.0,48626.0,50471.0,50475.0,50467.0,50475.0,730.2505088199999
2021-12-07,51917.0,50043.0,50596.0,50580.0,50590.0,50602.0,602.23074709
2021-12-06,50877.0,47143.0,50493.0,50501.0,50486.0,50500.0,1080.2655749
2021-12-05,49685.0,47770.0,49429.0,49431.0,49419.0,49439.0,1264.94131524
2021-12-04,53818.0,39100.0,49276.5,49271.0,49263.0,49290.0,2784.98762054
2021-12-03,57587.0,51647.0,53665.0,53656.0,53662.0,53668.0,1104.70788511
2021-12-02,57361.0,55800.0,56523.5,56517.0,56517.0,56530.0,773.32849769
2021-12-01,59029.0,56480.0,57151.0,57170.0,57142.0,57160.0,494.57490431
2021-11-30,59159.0,55891.0,56756.0,56745.0,56746.0,56766.0,552.46574586
2021-11-29,58863.0,56698.0,57754.5,57755.0,57754.0,57755.0,473.97540784
2021-11-28,57423.0,53275.0,57417.5,57424.0,57411.0,57424.0,770.70713947
2021-11-27,55275.0,53931.0,54625.5,54645.0,54623.0,54628.0,723.53262124
2021-11-26,59162.0,53522.0,53790.0,53778.0,53778.0,53802.0,1521.81005852
2021-11-25,59385.0,57042.0,58944.5,58972.0,58931.0,58958.0,574.44944412
2021-11-24,57723.0,55890.0,57252.5,57252.0,57252.0,57253.0,754.59569914
2021-11-23,57861.0,55348.0,57586.0,57590.0,57575.0,57597.0,1371.40409277
2021-11-22,59514.0,55636.0,56246.0,56234.0,56234.0,56258.0,1197.7710796
2021-11-21,60007.0,58538.0,58685.0,58699.0,58671.0,58699.0,499.22028822
2021-11-20,59839.0,57381.0,59661.5,59654.0,59650.0,59673.0,785.84804277
2021-11-19,58348.0,55618.0,58147.0,58150.0,58146.0,58148.0,943.72331619
2021-11-18,60938.0,56503.0,57057.5,57057.0,57057.0,57058.0,1761.34092645
2021-11-17,60818.0,58390.0,60406.5,60408.0,60404.0,60409.0,1115.62434605
2021-11-16,62956.0,58600.0,60172.0,60168.0,60168.0,60176.0,2464.98457928
2021-11-15,66353.0,63362.0,63403.0,63396.0,63399.0,63407.0,853.52071226
2021-11-14,65756.0,63593.0,65735.0,65748.0,65730.0,65740.0,510.19176753
2021-11-13,64977.0,63398.0,64472.0,64459.0,64469.0,64475.0,306.6712113
2021-11-12,65433.0,62292.0,64170.0,64164.0,64168.0,64172.0,861.23545896
2021-11-11,65579.0,64109.0,64756.5,64755.0,64755.0,64758.0,802.71865154
2021-11-10,69000.0,62722.0,64813.5,64811.0,64811.0,64816.0,2208.20610018
2021-11-09,68519.0,66250.0,66971.5,66971.0,66971.0,66972.0,1019.13250579
2021-11-08,67747.0,63820.0,67434.5,67443.0,67434.0,67435.0,1614.05737082
2021-11-07,63060.0,61316.0,62822.0,62845.0,62817.0,62827.0,2116.56930104
2021-11-06,61525.0,60100.0,61362.0,61360.0,61360.0,61364.0,3730.15815546
2021-11-05,62571.0,60741.0,61063.0,61082.0,61059.0,61067.0,1935.30024258
2021-11-04,63060.0,60680.0,61151.0,61143.0,61147.0,61155.0,755.03713129
2021-11-03,63504.0,60032.0,62843.0,62827.0,62840.0,62846.0,1371.28807506
2021-11-02,64241.0,60645.0,62959.5,62958.0,62958.0,62961.0,1038.00314711
2021-11-01,62444.0,59415.0,61121.5,61123.0,61119.0,61124.0,1289.81585574
2021-10-31,62402.0,59983.0,61434.5,61424.0,61431.0,61438.0,886.88717861
2021-10-30,62399.0,60726.0,61554.5,61559.0,61550.0,61559.0,507.75074484
2021-10-29,62965.0,60192.0,62322.5,62318.0,62322.0,62323.0,992.46839344
2021-10-28,62541.0,55585.0,60553.0,60546.0,60546.0,60560.0,1480.87033648
2021-10-27,61461.0,58000.0,58814.5,58815.0,58814.0,58815.0,980.63933674
2021-10-26,63277.0,59836.0,60273.5,60300.0,60273.0,60274.0,536.33783564
2021-10-25,63686.0,60658.0,62977.5,62995.0,62977.0,62978.0,654.6670604
2021-10-24,61483.0,59527.0,60878.5,60878.0,60878.0,60879.0,480.14260286
2021-10-23,61748.0,59649.0,60998.5,60997.0,60998.0,60999.0,515.06483055
2021-10-22,63718.0,60014.0,60720.5,60744.0,60715.0,60726.0,1043.7047532
2021-10-21,66645.0,62037.0,62504.0,62511.0,62503.0,62505.0,2460.2137931
2021-10-20,66972.0,63500.0,65892.5,65881.0,65892.0,65893.0,1640.63387621
2021-10-19,64322.0,61391.0,64007.0,64012.0,64003.0,64011.0,1405.23789477
2021-10-18,62695.0,59885.0,62017.5,62015.0,62017.0,62018.0,1826.3730665799999
2021-10-17,61444.0,58922.0,61303.0,61295.0,61295.0,61311.0,917.08462784
2021-10-16,62374.0,60167.0,60758.0,60758.0,60756.0,60760.0,1066.96809777
2021-10-15,62914.0,56870.0,61264.0,61263.0,61260.0,61268.0,2310.04707585
2021-10-14,58505.0,56834.0,57602.5,57625.0,57602.0,57603.0,815.08427566
2021-10-13,57786.0,54252.0,57337.5,57338.0,57337.0,57338.0,574.66454797
2021-10-12,57654.0,53910.0,56444.5,56444.0,56444.0,56445.0,1047.79242505
2021-10-11,57824.0,54361.0,57112.5,57112.0,57112.0,57113.0,958.96351511
2021-10-10,56479.0,54125.0,54897.5,54907.0,54890.0,54905.0,790.51704133
2021-10-09,55467.0,53661.0,54875.5,54876.0,54875.0,54876.0,559.76610824
2021-10-08,56100.0,53627.0,54046.5,54046.0,54046.0,54047.0,937.01599541
2021-10-07,55606.0,53375.0,53880.5,53880.0,53880.0,53881.0,931.39789274
2021-10-06,55519.0,50400.0,55230.5,55230.0,55230.0,55231.0,1414.07899389
2021-10-05,51882.0,49050.0,51406.5,51406.0,51406.0,51407.0,1035.98863632
2021-10-04,49492.0,46931.0,48968.5,48970.0,48968.0,48969.0,1046.33864916
2021-10-03,49201.0,47094.0,47936.5,47935.0,47936.0,47937.0,698.65475764
2021-10-02,48322.0,47435.0,48070.0,48065.0,48066.0,48074.0,504.39850532
2021-10-01,48485.0,43305.0,47992.5,47994.0,47991.0,47994.0,1502.82463518
2021-09-30,44093.0,41308.0,43759.0,43756.0,43756.0,43762.0,1164.73208327
2021-09-29,42575.0,40768.0,41350.0,41352.0,41349.0,41351.0,1077.77615167
2021-09-28,43086.0,41134.0,41600.0,41594.0,41599.0,41601.0,856.28460942
2021-09-27,44325.0,42589.0,43182.0,43175.0,43176.0,43188.0,521.11452751
2021-09-26,43941.0,40771.0,42952.5,42952.0,42945.0,42960.0,1248.23091386
2021-09-25,42979.0,41671.0,42772.0,42782.0,42768.0,42776.0,890.92775781
2021-09-24,45158.0,40676.0,42972.5,42964.0,42972.0,42973.0,2297.28483777
2021-09-23,44986.0,43097.0,44718.5,44706.0,44718.0,44719.0,781.26896711
2021-09-22,44000.0,40238.0,43540.5,43545.0,43540.0,43541.0,1936.58404281
2021-09-21,43626.0,39621.0,40500.5,40487.0,40486.0,40515.0,3549.81492085
2021-09-20,47351.0,42477.0,43336.5,43339.0,43335.0,43338.0,2333.91391156
2021-09-19,48355.0,46837.0,47055.0,47074.0,47052.0,47058.0,497.65529317
2021-09-18,48777.0,47049.0,48050.5,48050.0,48050.0,48051.0,668.18268839
2021-09-17,48148.0,46772.0,46956.5,46947.0,46956.0,46957.0,771.45207336
2021-09-16,48471.0,47055.0,47640.5,47628.0,47640.0,47641.0,1311.48273051
2021-09-15,48407.0,46706.0,48328.0,48324.0,48325.0,48331.0,1007.64692362
2021-09-14,47237.0,44697.0,47093.5,47092.0,47093.0,47094.0,1031.88839147
2021-09-13,46854.0,43428.0,45112.5,45113.0,45112.0,45113.0,1963.83338532
2021-09-12,46241.0,44756.0,46014.5,46026.0,46003.0,46026.0,571.19647998
2021-09-11,45976.0,44629.0,45070.5,45065.0,45067.0,45074.0,616.00570146
2021-09-10,47014.0,44158.0,44360.5,44359.0,44352.0,44369.0,1390.65684171
2021-09-09,47381.0,45511.0,46477.5,46476.0,46474.0,46481.0,894.91250505
2021-09-08,47320.0,44460.0,46579.5,46576.0,46579.0,46580.0,1767.80662828
2021-09-07,52893.0,42800.0,46669.5,46669.0,46669.0,46670.0,3143.67493238
2021-09-06,52678.0,51008.0,52512.5,52510.0,52509.0,52516.0,1029.42434055
2021-09-05,51854.0,49464.0,51812.5,51817.0,51811.0,51814.0,991.68820768
2021-09-04,50529.0,49444.0,49869.5,49870.0,49869.0,49870.0,805.37669665
2021-09-03,51027.0,48341.0,49640.0,49640.0,49639.0,49641.0,1610.35140153
2021-09-02,50355.0,48512.0,49653.5,49653.0,49653.0,49654.0,1128.52628243
2021-09-01,49136.0,46529.0,48473.0,48465.0,48467.0,48479.0,623.35825125
2021-08-31,48236.0,46709.0,47056.0,47067.0,47055.0,47057.0,544.72864216
2021-08-30,49147.0,47387.0,47553.5,47553.0,47553.0,47554.0,422.17421483
2021-08-29,49616.0,47771.0,49156.5,49156.0,49155.0,49158.0,377.56000396
2021-08-28,49278.0,48364.0,48691.5,48691.0,48691.0,48692.0,330.93876984
2021-08-27,49162.0,46359.0,48970.0,48984.0,48968.0,48972.0,606.87812471
2021-08-26,49335.0,46293.0,47141.5,47141.0,47141.0,47142.0,638.00140631
2021-08-25,49232.0,47135.0,48870.5,48915.0,48870.0,48871.0,469.24785078
2021-08-24,49839.0,47774.0,48341.5,48342.0,48341.0,48342.0,787.80862224
2021-08-23,50492.0,49034.0,49617.5,49618.0,49617.0,49618.0,949.27733119
2021-08-22,49436.0,48076.0,49272.0,49287.0,49258.0,49286.0,457.245978
2021-08-21,49769.0,48247.0,49358.0,49360.0,49356.0,49360.0,604.81065815
2021-08-20,49489.0,46531.0,49224.5,49223.0,49224.0,49225.0,763.29575211
2021-08-19,47036.0,43959.0,47037.5,47033.0,47024.0,47051.0,696.31334693
2021-08-18,46007.0,44221.0,44879.5,44855.0,44879.0,44880.0,765.49547551
2021-08-17,47159.0,44413.0,44842.5,44882.0,44839.0,44846.0,724.2882652
2021-08-16,48012.0,45677.0,46086.0,46082.0,46082.0,46090.0,630.74482136
2021-08-15,47347.0,45505.0,47239.0,47289.0,47229.0,47249.0,727.5094227
2021-08-14,48132.0,46046.0,46860.0,46863.0,46857.0,46863.0,1275.37995531
2021-08-13,47860.0,44180.0,47562.5,47562.0,47562.0,47563.0,1007.5765307
2021-08-12,46197.0,43815.0,44026.0,43983.0,44025.0,44027.0,802.18835602
2021-08-11,46724.0,44140.0,45862.5,45874.0,45862.0,45863.0,922.11606378
2021-08-10,46666.0,44653.0,45489.5,45489.0,45489.0,45490.0,1004.5335722
2021-08-09,46455.0,42801.0,46189.0,46182.0,46188.0,46190.0,1566.55694157
2021-08-08,45296.0,43286.0,44290.5,44290.0,44290.0,44291.0,1156.87114391
2021-08-07,44542.0,42429.0,44098.0,44106.0,44097.0,44099.0,1283.86564433
2021-08-06,43367.0,39869.0,42702.0,42696.0,42699.0,42705.0,1359.5082063
2021-08-05,41371.0,37302.0,40981.0,40981.0,40980.0,40982.0,994.3771124900001
2021-08-04,39955.0,37512.0,39667.5,39668.0,39667.0,39668.0,767.84507538
2021-08-03,39775.0,37647.0,38423.5,38424.0,38423.0,38424.0,1189.83908656
2021-08-02,40442.0,38694.0,39431.5,39435.0,39429.0,39434.0,1666.93844164
2021-08-01,42567.0,39961.0,40278.0,40273.0,40274.0,40282.0,1762.96762509
2021-07-31,42387.0,41048.0,41811.0,41823.0,41809.0,41813.0,1632.09888111
2021-07-30,41585.0,38334.0,41423.0,41426.0,41422.0,41424.0,1920.08916575
2021-07-29,40628.0,39251.0,39796.5,39809.0,39795.0,39798.0,1515.33669609
2021-07-28,40900.0,38798.0,39634.5,39634.0,39634.0,39635.0,1562.10516507
2021-07-27,39440.0,36370.0,39106.0,39111.0,39098.0,39114.0,1285.97046913
2021-07-26,40537.0,34593.0,37624.5,37634.0,37615.0,37634.0,2435.8901454800002
2021-07-25,34789.0,33874.0,34674.5,34678.0,34671.0,34678.0,584.18913852
2021-07-24,34496.0,33177.0,34020.5,34023.0,34020.0,34021.0,502.05069093
2021-07-23,33276.0,31999.0,33114.5,33114.0,33114.0,33115.0,605.08749384
2021-07-22,32594.0,31729.0,32152.0,32146.0,32150.0,32154.0,744.86601597
2021-07-21,32836.0,29511.0,32051.0,32058.0,32044.0,32058.0,1508.57203099
2021-07-20,31061.0,29309.0,29586.0,29587.0,29584.0,29588.0,1373.13261904
2021-07-19,31900.0,30450.0,30880.0,30882.0,30878.0,30882.0,1625.3267122
2021-07-18,32434.0,31123.0,31527.0,31522.0,31524.0,31530.0,1533.27535972
2021-07-17,31960.0,31178.0,31615.5,31610.0,31611.0,31620.0,1202.53757519
2021-07-16,32241.0,31046.0,31592.5,31599.0,31587.0,31598.0,864.642171
2021-07-15,33177.0,31160.0,31820.5,31819.0,31820.0,31821.0,967.56406858
2021-07-14,33100.0,31584.0,32976.5,32978.0,32976.0,32977.0,921.28559288
2021-07-13,33332.0,32218.0,32559.5,32560.0,32557.0,32562.0,1092.31681156
2021-07-12,34667.0,32639.0,33016.5,33014.0,33016.0,33017.0,976.76196685
2021-07-11,34613.0,33329.0,34386.5,34387.0,34384.0,34389.0,426.85023199
2021-07-10,34266.0,33044.0,33614.5,33615.0,33614.0,33615.0,834.51857961
2021-07-09,34095.0,32280.0,34016.5,34022.0,34012.0,34021.0,683.73594332
2021-07-08,34096.0,32082.0,32602.5,32602.0,32602.0,32603.0,2191.76843113
2021-07-07,35052.0,33967.0,34123.5,34123.0,34123.0,34124.0,1082.62448373
2021-07-06,35104.0,33541.0,34022.0,34021.0,34016.0,34028.0,1469.55318085
2021-07-05,35467.0,33122.0,34017.5,34007.0,34014.0,34021.0,1405.7931072
2021-07-04,35950.0,34355.0,35270.5,35274.0,35267.0,35274.0,1034.74327864
2021-07-03,34934.0,33335.0,34506.0,34510.0,34502.0,34510.0,629.58808921
2021-07-02,33965.0,32714.0,33659.0,33657.0,33657.0,33661.0,1140.79929978
2021-07-01,35197.0,32720.0,33494.5,33485.0,33494.0,33495.0,1953.34064105
2021-06-30,36173.0,34419.0,34996.5,35000.0,34989.0,35004.0,560.07883858
2021-06-29,36589.0,34225.0,35915.5,35912.0,35911.0,35920.0,1525.35491075
2021-06-28,35286.0,33887.0,34393.5,34399.0,34390.0,34397.0,1078.58658829
2021-06-27,34572.0,31737.0,34330.5,34328.0,34326.0,34335.0,1694.25114557
2021-06-26,32704.0,30186.0,31744.0,31741.0,31738.0,31750.0,2967.3695765
2021-06-25,35498.0,31289.0,31443.5,31436.0,31439.0,31448.0,2869.029141
2021-06-24,35287.0,32331.0,34685.5,34686.0,34685.0,34686.0,1069.91967256
2021-06-23,34822.0,31730.0,33419.5,33430.0,33419.0,33420.0,1373.17304485
2021-06-22,33284.0,29002.0,32740.5,32738.0,32739.0,32742.0,4153.98040411
2021-06-21,35741.0,31275.0,31519.5,31517.0,31518.0,31521.0,2838.9166015
2021-06-20,36124.0,33359.0,35640.5,35641.0,35640.0,35641.0,1854.90449041
2021-06-19,36435.0,34857.0,35501.5,35497.0,35497.0,35506.0,1241.9442902
2021-06-18,38188.0,35145.0,35584.5,35573.0,35578.0,35591.0,1056.51636901
2021-06-17,39535.0,37391.0,37951.5,37952.0,37951.0,37952.0,1134.34523743
2021-06-16,40481.0,38318.0,38498.5,38497.0,38497.0,38500.0,1141.87398706
2021-06-15,41331.0,39540.0,40136.5,40130.0,40136.0,40137.0,809.00845107
2021-06-14,41004.0,38732.0,40177.5,40177.0,40177.0,40178.0,1473.70693269
2021-06-13,39350.0,34779.0,38774.5,38755.0,38774.0,38775.0,1761.84482653
2021-06-12,37446.0,34629.0,35748.5,35773.0,35742.0,35755.0,1395.54484964
2021-06-11,37665.0,35937.0,37362.0,37367.0,37356.0,37368.0,1388.43814623
2021-06-10,38411.0,35792.0,36864.0,36874.0,36861.0,36867.0,1889.07816498
2021-06-09,37307.0,32411.0,37001.5,36998.0,36999.0,37004.0,3481.98760339
2021-06-08,34169.0,31011.0,33495.0,33447.0,33492.0,33498.0,3544.91530731
2021-06-07,36777.0,33585.0,34108.0,34099.0,34105.0,34111.0,1491.49712851
2021-06-06,36452.0,35234.0,35551.0,35554.0,35547.0,35555.0,1225.39186711
2021-06-05,37892.0,34828.0,35186.5,35196.0,35186.0,35187.0,1918.41413434
2021-06-04,39274.0,35581.0,37170.5,37170.0,37166.0,37175.0,1460.30810297
2021-06-03,39471.0,37195.0,38840.5,38838.0,38840.0,38841.0,835.28895033
2021-06-02,38210.0,35932.0,37482.5,37483.0,37482.0,37483.0,1032.68634555
2021-06-01,37886.0,35692.0,36544.5,36553.0,36544.0,36545.0,1448.50872734
2021-05-31,37456.0,34165.0,36876.0,36907.0,36871.0,36881.0,1820.18510123
2021-05-30,36476.0,33402.0,35714.5,35720.0,35709.0,35720.0,1225.91595854
2021-05-29,37315.0,33661.0,34236.0,34220.0,34227.0,34245.0,1878.02336197
2021-05-28,38859.0,34719.0,35083.5,35083.0,35083.0,35084.0,3066.32566554
2021-05-27,40399.0,37162.0,38624.5,38627.0,38623.0,38626.0,1937.27159858
2021-05-26,40818.0,37813.0,38872.0,38860.0,38869.0,38875.0,2631.58452768
2021-05-25,39785.0,36454.0,38316.5,38311.0,38316.0,38317.0,3551.88704587
2021-05-24,39876.0,34249.0,38469.0,38474.0,38468.0,38470.0,4911.51254161
2021-05-23,38260.0,31110.0,33952.5,33956.0,33947.0,33958.0,8171.04388145
2021-05-22,38831.0,35214.0,37686.5,37687.0,37686.0,37687.0,4440.10891272
2021-05-21,42236.0,33276.0,36328.0,36347.0,36323.0,36333.0,8994.83875795
2021-05-20,42388.0,34914.0,41261.0,41234.0,41252.0,41270.0,7693.62787389
2021-05-19,43572.0,29837.0,38984.0,38926.0,38965.0,39003.0,12729.10661775
2021-05-18,45790.0,42406.0,42595.5,42613.0,42589.0,42602.0,3386.96206924
2021-05-17,46609.0,42057.0,43133.0,43154.0,43126.0,43140.0,6064.98735524
2021-05-16,49900.0,43842.0,45492.0,45497.0,45486.0,45498.0,7591.35244814
2021-05-15,50684.0,46926.0,47796.5,47805.0,47790.0,47803.0,3381.39830217
2021-05-14,51469.0,48756.0,49808.0,49796.0,49800.0,49816.0,3130.61977173
2021-05-13,52751.0,45780.0,48782.0,48770.0,48764.0,48800.0,15590.75957457
2021-05-12,57988.0,51568.0,52685.5,52676.0,52679.0,52692.0,4441.78175498
2021-05-11,56852.0,54455.0,56568.5,56562.0,56562.0,56575.0,2169.79893879
2021-05-10,59501.0,53650.0,56175.5,56182.0,56169.0,56182.0,2992.23689825
2021-05-09,59250.0,56255.0,58056.0,58058.0,58055.0,58057.0,1829.68083481
2021-05-08,59488.0,56904.0,58581.0,58583.0,58575.0,58587.0,1364.21221078
2021-05-07,58640.0,55253.0,57116.0,57122.0,57110.0,57122.0,1251.49413024
2021-05-06,58348.0,55280.0,56420.0,56418.0,56418.0,56422.0,1246.36272799
2021-05-05,57984.0,52936.0,57164.5,57161.0,57158.0,57171.0,1706.85150929
2021-05-04,57438.0,53218.0,54017.0,54014.0,53995.0,54039.0,2396.55744471
2021-05-03,58956.0,56361.0,57230.0,57224.0,57207.0,57253.0,1529.6301695
2021-05-02,57930.0,56065.0,56348.0,56346.0,56345.0,56351.0,934.68461812
2021-05-01,58400.0,57023.0,57606.5,57607.0,57606.0,57607.0,1334.52785768
2021-04-30,57399.0,53046.0,57247.0,57254.0,57243.0,57251.0,1337.39937539
2021-04-29,55179.0,52276.0,53433.0,53460.0,53430.0,53436.0,1550.89350055
2021-04-28,56411.0,53826.0,54474.5,54480.0,54468.0,54481.0,1092.5719177400001
2021-04-27,55429.0,53265.0,54823.5,54819.0,54818.0,54829.0,1388.23005133
2021-04-26,54325.0,48512.0,53492.5,53493.0,53476.0,53509.0,2660.30494233
2021-04-25,50554.0,47010.0,48664.0,48662.0,48655.0,48673.0,1818.77182707
2021-04-24,51148.0,48700.0,50298.5,50291.0,50281.0,50316.0,1810.94788576
2021-04-23,52223.0,47510.0,50568.5,50530.0,50561.0,50576.0,3594.48279059
2021-04-22,55481.0,48493.0,51789.0,51722.0,51781.0,51797.0,5272.48126341
2021-04-21,56734.0,53798.0,54176.5,54177.0,54153.0,54200.0,1912.05415148
2021-04-20,57046.0,53358.0,56506.5,56490.0,56505.0,56508.0,1920.61123539
2021-04-19,57507.0,54236.0,55884.0,55883.0,55882.0,55886.0,1545.04458178
2021-04-18,60535.0,50751.0,56489.0,56487.0,56488.0,56490.0,4514.65549369
2021-04-17,62488.0,59607.0,60719.0,60719.0,60718.0,60720.0,634.28327167
2021-04-16,63513.0,60057.0,61529.0,61508.0,61524.0,61534.0,1894.42439585
2021-04-15,63786.0,62061.0,63315.0,63275.0,63307.0,63323.0,710.38379275
2021-04-14,64908.0,61349.0,62885.0,62850.0,62876.0,62894.0,1636.12310967
2021-04-13,63625.0,59828.0,63284.5,63289.0,63279.0,63290.0,1569.15431533
2021-04-12,61274.0,59423.0,60046.0,60025.0,60044.0,60048.0,979.1872354
2021-04-11,60678.0,59251.0,60017.0,60024.0,60009.0,60025.0,638.58930644
2021-04-10,61294.0,57920.0,59152.5,59153.0,59148.0,59157.0,1424.41572362
2021-04-09,58898.0,57688.0,58067.0,58057.0,58066.0,58068.0,698.27191892
2021-04-08,58146.0,55720.0,57920.5,57925.0,57919.0,57922.0,847.05182548
2021-04-07,58628.0,55498.0,56465.5,56427.0,56462.0,56469.0,1955.04479668
2021-04-06,59484.0,57422.0,57861.5,57861.0,57861.0,57862.0,1578.78767041
2021-04-05,59281.0,56822.0,58795.5,58795.0,58795.0,58796.0,912.58126302
2021-04-04,58477.0,56448.0,58157.5,58165.0,58157.0,58158.0,816.43607851
2021-04-03,59770.0,57110.0,57392.5,57385.0,57387.0,57398.0,1082.21597313
2021-04-02,60161.0,58451.0,58849.5,58850.0,58849.0,58850.0,1110.00648077
2021-04-01,59469.0,57939.0,59021.5,59028.0,59016.0,59027.0,1125.11151955
2021-03-31,59798.0,56844.0,58702.0,58699.0,58699.0,58705.0,1843.832562
2021-03-30,59365.0,57093.0,58635.0,58638.0,58629.0,58641.0,1107.3296891
2021-03-29,58390.0,54909.0,57719.5,57700.0,57719.0,57720.0,1237.29873838
2021-03-28,56526.0,54720.0,55646.5,55644.0,55636.0,55657.0,512.17883737
2021-03-27,56619.0,53983.0,56373.5,56372.0,56372.0,56375.0,707.8624622
2021-03-26,54766.0,51259.0,54420.5,54406.0,54418.0,54423.0,1033.37235887
2021-03-25,53215.0,50491.0,51901.0,51887.0,51889.0,51913.0,2359.95474574
2021-03-24,57174.0,51715.0,52466.0,52502.0,52455.0,52477.0,1803.26302915
2021-03-23,55816.0,52955.0,54478.5,54484.0,54469.0,54488.0,946.32191923
2021-03-22,58421.0,53698.0,54756.5,54766.0,54747.0,54766.0,1141.17717237
2021-03-21,58595.0,55505.0,57729.5,57729.0,57729.0,57730.0,1413.54120993
2021-03-20,59890.0,57836.0,58354.5,58353.0,58354.0,58355.0,841.00105071
2021-03-19,59459.0,56296.0,58387.0,58426.0,58383.0,58391.0,770.26829065
2021-03-18,60077.0,57037.0,57853.0,57802.0,57843.0,57863.0,1258.46257821
2021-03-17,58961.0,54125.0,58473.5,58473.0,58468.0,58479.0,1669.47547397
2021-03-16,56793.0,53273.0,56247.5,56281.0,56244.0,56251.0,1390.85264043
2021-03-15,60710.0,54452.0,56220.5,56209.0,56208.0,56233.0,2312.99775686
2021-03-14,61665.0,58716.0,59005.5,58971.0,58975.0,59036.0,1114.70730304
2021-03-13,61756.0,56072.0,61288.0,61292.0,61286.0,61290.0,1815.31853765
2021-03-12,57869.0,55014.0,56843.5,56794.0,56816.0,56871.0,1238.94539856
2021-03-11,58154.0,54300.0,58040.0,58037.0,58038.0,58042.0,1251.83455595
2021-03-10,57374.0,53029.0,55638.5,55628.0,55628.0,55649.0,1996.1610171300001
2021-03-09,55000.0,51881.0,54880.5,54876.0,54863.0,54898.0,1689.72945469
2021-03-08,52515.0,49312.0,52467.0,52454.0,52451.0,52483.0,1961.87081624
2021-03-06,49165.0,47102.0,49014.5,49059.0,49007.0,49022.0,934.46908675
2021-03-05,49421.0,46320.0,48958.5,48962.0,48954.0,48963.0,1946.76855039
2021-03-04,51733.0,47559.0,47917.5,47893.0,47913.0,47922.0,2110.75845284
2021-03-03,52585.0,48319.0,50238.0,50224.0,50232.0,50244.0,1540.59830786
2021-03-02,50162.0,47110.0,48285.5,48292.0,48274.0,48297.0,1770.14413027
2021-03-01,49748.0,45468.0,49745.5,49748.0,49743.0,49748.0,2195.08097229
2021-02-28,46619.0,43018.0,45064.5,45086.0,45064.0,45065.0,4102.22330699
2021-02-27,48381.0,45016.0,45699.0,45706.0,45686.0,45712.0,1362.2548501
2021-02-26,48381.0,44120.0,46505.0,46525.0,46502.0,46508.0,4517.02018487
2021-02-25,52039.0,46546.0,46942.0,46937.0,46937.0,46947.0,1665.82297711
2021-02-24,51353.0,47009.0,49889.0,49899.0,49883.0,49895.0,1150.00296436
2021-02-23,53883.0,44926.0,48712.0,48716.0,48674.0,48750.0,5159.80270941
2021-02-22,57254.0,47512.0,53736.0,53744.0,53718.0,53754.0,6158.80105037
2021-02-21,58285.0,55473.0,57386.0,57420.0,57370.0,57402.0,2207.26414347
2021-02-20,57576.0,53940.0,55769.5,55779.0,55760.0,55779.0,2763.86751328
2021-02-19,56247.0,50750.0,56235.0,56240.0,56230.0,56240.0,2749.98601501
2021-02-18,52512.0,50917.0,51637.5,51628.0,51633.0,51642.0,1306.04615931
2021-02-17,52573.0,48975.0,52360.5,52350.0,52352.0,52369.0,1887.19107766
2021-02-16,50613.0,35195.0,49380.5,49381.0,49379.0,49382.0,3108.03327001
2021-02-15,48940.0,45684.0,47897.5,47718.0,47874.0,47921.0,2757.99133013
2021-02-14,49662.0,47214.0,48667.0,48665.0,48656.0,48678.0,1967.8185755
2021-02-13,48112.0,46228.0,47177.5,47205.0,47174.0,47181.0,1484.53857618
2021-02-12,48938.0,46049.0,47436.0,47450.0,47422.0,47450.0,2286.85112005
2021-02-11,48606.0,44001.0,48215.0,48228.0,48203.0,48227.0,1694.52116062
2021-02-10,47314.0,43750.0,44690.0,44715.0,44661.0,44719.0,1348.23368869
2021-02-09,48091.0,44969.0,46407.5,46386.0,46398.0,46417.0,2225.45432722
2021-02-08,46842.0,38017.0,46840.5,46867.0,46839.0,46842.0,4518.56675494
2021-02-07,39682.0,37357.0,38806.0,38780.0,38797.0,38815.0,1761.9414715
2021-02-06,40915.0,38284.0,39038.5,39059.0,39030.0,39047.0,2297.21397614
2021-02-05,38446.0,36578.0,38433.0,38410.0,38422.0,38444.0,959.12139302
2021-02-04,38708.0,36198.0,37030.5,36994.0,37018.0,37043.0,1116.006385
2021-02-03,37854.0,35543.0,37834.0,37839.0,37822.0,37846.0,1361.75304789
2021-02-02,35973.0,33503.0,35541.0,35603.0,35528.0,35554.0,1398.69118084
2021-02-01,34666.0,32309.0,33570.0,33556.0,33564.0,33576.0,1413.48904149
2021-01-31,34271.0,32200.0,32889.5,32888.0,32887.0,32892.0,1164.17177359
2021-01-30,34911.0,32839.0,34111.0,34050.0,34109.0,34113.0,1371.25977665
2021-01-29,38559.0,31941.0,34421.5,34438.0,34408.0,34435.0,6799.70811253
2021-01-28,33756.0,29852.0,33583.5,33581.0,33575.0,33592.0,1477.84576411
2021-01-27,32455.0,29258.0,30313.5,30293.0,30304.0,30323.0,4242.27604034
2021-01-26,32921.0,30836.0,32366.5,32367.0,32366.0,32367.0,2500.41939522
2021-01-25,34863.0,31798.0,32077.0,32013.0,32057.0,32097.0,2228.92719815
2021-01-24,33070.0,30931.0,32246.0,32253.0,32239.0,32253.0,2297.43805662
2021-01-23,33470.0,31407.0,31739.5,31745.0,31726.0,31753.0,1373.93312288
2021-01-22,33809.0,28829.0,32645.5,32652.0,32639.0,32652.0,3230.92860861
2021-01-21,35413.0,30115.0,30488.0,30487.0,30487.0,30489.0,4469.14376092
2021-01-20,36385.0,33392.0,35433.0,35427.0,35423.0,35443.0,2671.46639694
2021-01-19,37861.0,35607.0,35826.5,35824.0,35810.0,35843.0,2043.53305234
2021-01-18,37469.0,34797.0,36920.5,36920.0,36920.0,36921.0,2102.57806417
2021-01-17,36871.0,33893.0,35712.5,35709.0,35705.0,35720.0,1684.85729777
2021-01-16,37955.0,35400.0,35790.0,35780.0,35780.0,35800.0,1440.6860462
2021-01-15,39731.0,34431.0,37094.0,37116.0,37077.0,37111.0,1518.74580217
2021-01-14,40079.0,36739.0,39346.5,39355.0,39337.0,39356.0,1144.52481872
2021-01-13,37901.0,32439.0,37851.5,37834.0,37834.0,37869.0,3441.40881114
2021-01-12,36605.0,32546.0,33640.5,33648.0,33629.0,33652.0,2638.34439319
2021-01-11,38001.0,30434.0,35158.5,35152.0,35152.0,35165.0,5994.97167705
2021-01-10,41335.0,35063.0,37811.5,37812.0,37811.0,37812.0,2908.53919359
2021-01-09,41340.0,38736.0,40302.5,40317.0,40281.0,40324.0,2085.07112869
2021-01-08,41953.0,36500.0,40886.5,40902.0,40876.0,40897.0,2751.52596523
2021-01-07,40313.0,36307.0,39481.0,39489.0,39477.0,39485.0,3528.29592297
2021-01-06,37049.0,33326.0,36791.5,36738.0,36770.0,36813.0,2679.01775403
2021-01-05,34398.0,29920.0,33838.0,33833.0,33835.0,33841.0,2332.73485074
2021-01-04,33585.0,28163.0,32224.0,32227.0,32220.0,32228.0,3385.7863738
2021-01-03,34758.0,32017.0,32979.5,33000.0,32963.0,32996.0,3256.47129483
2021-01-02,33283.0,28969.0,32190.0,32203.0,32178.0,32202.0,3435.88338735
2021-01-01,29588.0,28686.0,29247.0,29238.0,29246.0,29248.0,1279.81609025
2020-12-31,29285.0,27915.0,28988.0,28999.0,28981.0,28995.0,2025.27213646
2020-12-30,28986.0,27339.0,28985.5,28996.0,28981.0,28990.0,2299.91759469
2020-12-29,27604.0,25884.0,27545.5,27545.0,27545.0,27546.0,1197.63093218
2020-12-28,27500.0,26406.0,26994.0,27000.0,26983.0,27005.0,1761.93716357
2020-12-27,28364.0,25841.0,26112.0,26103.0,26102.0,26122.0,3358.24986812
2020-12-26,26771.0,24504.0,26577.5,26579.0,26576.0,26579.0,3047.61050029
2020-12-25,24796.0,23428.0,24594.5,24595.0,24585.0,24604.0,1658.99438094
2020-12-24,23812.0,22717.0,23814.5,23814.0,23814.0,23815.0,845.48276278
2020-12-23,24113.0,22612.0,23078.5,23085.0,23072.0,23085.0,1897.13380603
2020-12-22,23860.0,22378.0,23741.0,23758.0,23733.0,23749.0,1431.55230314
2020-12-21,24114.0,21941.0,22762.0,22773.0,22750.0,22774.0,2559.62711901
2020-12-20,24312.0,23075.0,23412.5,23414.0,23410.0,23415.0,1471.77541759
2020-12-19,24165.0,22754.0,23753.5,23748.0,23752.0,23755.0,1659.37954319
2020-12-18,23283.0,22373.0,23078.5,23071.0,23073.0,23084.0,1508.01638354
2020-12-17,23694.0,21238.0,22773.5,22773.0,22773.0,22774.0,4746.79075763
2020-12-16,21541.0,19293.0,21389.5,21388.0,21388.0,21391.0,2837.25173481
2020-12-15,19568.0,19042.0,19434.5,19436.0,19434.0,19435.0,849.45083801
2020-12-14,19342.0,19006.0,19260.5,19271.0,19256.0,19265.0,355.65564654
2020-12-13,19406.0,18714.0,19132.5,19142.0,19132.0,19133.0,316.41201267
2020-12-12,18935.0,18150.0,18851.5,18867.0,18850.0,18853.0,339.64178526
2020-12-11,18210.0,17600.0,18131.0,18132.0,18129.0,18133.0,773.37157131
2020-12-10,18497.0,17921.0,18240.5,18247.0,18236.0,18245.0,941.34198812
2020-12-09,18631.0,17679.0,18519.0,18517.0,18517.0,18521.0,1313.1173883
2020-12-08,19297.0,18200.0,18294.5,18267.0,18288.0,18301.0,885.05352108
2020-12-07,19397.0,18910.0,19160.5,19157.0,19157.0,19164.0,374.90516093
2020-12-06,19417.0,18872.0,19403.5,19414.0,19401.0,19406.0,252.11295297
2020-12-05,19260.0,18584.0,19254.0,19261.0,19250.0,19258.0,190.57058882
2020-12-04,19523.0,18565.0,18566.5,18560.0,18565.0,18568.0,1029.51567389
2020-12-03,19599.0,18877.0,19414.0,19417.0,19413.0,19415.0,785.45383079
2020-12-02,19337.0,18341.0,19274.5,19265.0,19271.0,19278.0,1209.15003004
2020-12-01,19905.0,18121.0,18575.5,18560.0,18560.0,18591.0,2112.36639597
2020-11-30,19833.0,18277.0,19550.5,19548.0,19547.0,19554.0,1457.69518435
2020-11-29,18333.0,17528.0,18295.0,18294.0,18294.0,18296.0,686.5796659
2020-11-28,17870.0,16871.0,17705.5,17696.0,17705.0,17706.0,826.90166054
2020-11-27,17465.0,16470.0,17102.5,17104.0,17102.0,17103.0,1544.28317381
2020-11-26,18902.0,16243.0,17134.0,17131.0,17131.0,17137.0,7101.7005762
2020-11-25,19473.0,18475.0,18659.5,18648.0,18652.0,18667.0,711.98026653
2020-11-24,19410.0,18062.0,19184.0,19182.0,19183.0,19185.0,1311.06878997
2020-11-23,18762.0,18013.0,18330.0,18320.0,18326.0,18334.0,557.53781066
2020-11-22,18756.0,17635.0,18459.5,18462.0,18457.0,18462.0,539.27689112
2020-11-21,18960.0,18292.0,18685.0,18674.0,18683.0,18687.0,956.25936082
2020-11-20,18800.0,17752.0,18647.5,18646.0,18645.0,18650.0,379.06642103
2020-11-19,18169.0,17344.0,17877.5,17872.0,17872.0,17883.0,318.30682478
2020-11-18,18450.0,17139.0,17744.0,17742.0,17742.0,17746.0,1490.488248
2020-11-17,17816.0,16555.0,17666.5,17669.0,17664.0,17669.0,1551.05464703
2020-11-16,16869.0,15876.0,16740.0,16737.0,16739.0,16741.0,614.43996471
2020-11-15,16156.0,15783.0,15929.0,15937.0,15926.0,15932.0,197.24755415
2020-11-14,16303.0,15710.0,16083.5,16084.0,16082.0,16085.0,282.16381236
2020-11-13,16461.0,15962.0,16291.5,16291.0,16291.0,16292.0,740.41823617
2020-11-12,16340.0,15518.0,16291.5,16287.0,16287.0,16296.0,831.16800755
2020-11-11,15964.0,15295.0,15632.0,15628.0,15628.0,15636.0,527.06360591
2020-11-10,15460.0,15081.0,15281.0,15278.0,15279.0,15283.0,401.48363402
2020-11-09,15837.0,14817.0,15291.0,15312.0,15288.0,15294.0,569.96118025
2020-11-08,15644.0,14712.0,15481.5,15481.0,15481.0,15482.0,535.77807811
2020-11-07,15753.0,14377.0,14784.5,14788.0,14779.0,14790.0,1071.87531811
2020-11-06,15928.0,15169.0,15586.0,15592.0,15581.0,15591.0,1207.50379595
2020-11-05,15745.0,14101.0,15490.5,15481.0,15484.0,15497.0,2222.58385325
2020-11-04,14239.0,13534.0,14183.0,14183.0,14181.0,14185.0,568.1453769
2020-11-03,14054.0,13285.0,13992.5,13987.0,13988.0,13997.0,449.00249044
2020-11-02,13826.0,13207.0,13506.5,13506.0,13505.0,13508.0,338.98489752
2020-11-01,13888.0,13625.0,13660.0,13664.0,13657.0,13663.0,358.05353453
2020-10-31,14049.0,13416.0,13812.5,13801.0,13810.0,13815.0,1728.72795544
2020-10-30,13666.0,13124.0,13583.0,13583.0,13582.0,13584.0,398.80916653
2020-10-29,13635.0,12980.0,13436.0,13436.0,13435.0,13437.0,286.00635834
2020-10-28,13845.0,12889.0,13251.5,13251.0,13251.0,13252.0,643.0759736
2020-10-27,13771.0,13049.0,13767.5,13765.0,13765.0,13770.0,1276.67193374
2020-10-26,13233.0,12783.0,13041.5,13041.0,13041.0,13042.0,439.30554879
2020-10-25,13338.0,12904.0,13015.5,13012.0,13015.0,13016.0,436.87227247
2020-10-24,13161.0,12874.0,13079.5,13080.0,13078.0,13081.0,219.86583916
2020-10-23,13026.0,12730.0,12939.5,12939.0,12939.0,12940.0,336.17032127
2020-10-22,13180.0,12685.0,13009.0,12999.0,13007.0,13011.0,1263.80775508
2020-10-21,13194.0,11891.0,12819.5,12826.0,12813.0,12826.0,2420.78354987
2020-10-20,12040.0,11683.0,11944.0,11945.0,11943.0,11945.0,695.08010975
2020-10-19,11819.0,11414.0,11739.5,11741.0,11738.0,11741.0,396.50794486
2020-10-18,11486.0,11346.0,11469.5,11469.0,11469.0,11470.0,109.11205645
2020-10-17,11402.0,11258.0,11348.5,11346.0,11348.0,11349.0,292.75579277
2020-10-16,11537.0,11194.0,11343.0,11342.0,11341.0,11345.0,478.50398704
2020-10-15,11608.0,11266.0,11483.5,11484.0,11483.0,11484.0,747.5795238
2020-10-14,11541.0,11294.0,11402.5,11405.0,11401.0,11404.0,689.36488371
2020-10-13,11581.0,11316.0,11439.5,11435.0,11438.0,11441.0,390.67881311
2020-10-12,11717.0,11190.0,11638.5,11660.0,11637.0,11640.0,331.10000897
2020-10-11,11445.0,11271.0,11356.5,11349.0,11355.0,11358.0,113.34611569
2020-10-10,11478.0,11054.0,11337.5,11353.0,11336.0,11339.0,316.45063476
2020-10-09,11100.0,10835.0,11089.0,11078.0,11087.0,11091.0,710.77060944
2020-10-08,10944.0,10538.0,10893.0,10893.0,10892.0,10894.0,606.30491949
2020-10-07,10676.0,10549.0,10647.5,10648.0,10647.0,10648.0,215.57867886
2020-10-06,10796.0,10531.0,10593.5,10593.0,10593.0,10594.0,355.4441418
2020-10-05,10771.0,10623.0,10740.5,10741.0,10740.0,10741.0,273.69252136
2020-10-04,10694.0,10523.0,10651.0,10650.0,10649.0,10653.0,169.93450889
2020-10-03,10597.0,10496.0,10556.0,10558.0,10555.0,10557.0,163.35853952
2020-10-02,10660.0,10375.0,10558.5,10556.0,10555.0,10562.0,608.11934826
2020-10-01,10925.0,10450.0,10597.0,10601.0,10595.0,10599.0,673.95612494
2020-09-30,10861.0,10665.0,10751.0,10747.0,10749.0,10753.0,247.53626016
2020-09-29,10855.0,10643.0,10777.5,10774.0,10777.0,10778.0,398.16939
2020-09-28,10950.0,10736.0,10857.5,10865.0,10855.0,10860.0,280.09953685
2020-09-27,10796.0,10598.0,10733.5,10736.0,10731.0,10736.0,133.8575286
2020-09-26,10820.0,10650.0,10735.0,10740.0,10732.0,10738.0,95.46863647
2020-09-25,10760.0,10557.0,10687.5,10669.0,10686.0,10689.0,363.06470927
2020-09-24,10785.0,10206.0,10733.0,10724.0,10729.0,10737.0,366.91135618
2020-09-23,10541.0,10141.0,10250.0,10280.0,10247.0,10253.0,357.09912103
2020-09-22,10571.0,10361.0,10520.5,10505.0,10518.0,10523.0,226.27843681
2020-09-21,10979.0,10297.0,10474.5,10484.0,10471.0,10478.0,325.71472005
2020-09-20,11084.0,10760.0,10904.5,10876.0,10904.0,10905.0,154.45295701999999
2020-09-19,11164.0,10889.0,11041.0,11041.0,11039.0,11043.0,447.50842563
2020-09-18,11028.0,10797.0,10915.0,10916.0,10912.0,10918.0,316.74083784
2020-09-17,11039.0,10754.0,10927.5,10918.0,10926.0,10929.0,380.33487996
2020-09-16,11086.0,10668.0,11024.5,11025.0,11021.0,11028.0,412.17432012
2020-09-15,10926.0,10619.0,10779.5,10780.0,10776.0,10783.0,460.28065768
2020-09-14,10741.0,10244.0,10644.0,10650.0,10641.0,10647.0,400.86035643
2020-09-13,10587.0,10215.0,10300.0,10305.0,10297.0,10303.0,261.50531851
2020-09-12,10473.0,10271.0,10433.0,10428.0,10431.0,10435.0,132.46212899
2020-09-11,10395.0,10209.0,10366.0,10371.0,10364.0,10368.0,147.94916508
2020-09-10,10474.0,10178.0,10326.0,10324.0,10323.0,10329.0,485.33283144
2020-09-09,10337.0,9984.7,10275.5,10281.0,10273.0,10278.0,433.95329033
2020-09-08,10429.0,9853.6,10119.5,10123.0,10117.0,10122.0,784.36351397
2020-09-07,10400.0,9879.0,10371.0,10360.0,10368.0,10374.0,688.65410648
2020-09-06,10340.0,10000.0,10206.0,10202.0,10203.0,10209.0,559.63906951
2020-09-05,10559.0,9857.2,10066.0,10064.0,10064.0,10068.0,1521.0489636
2020-09-04,10653.0,9935.8,10456.5,10456.0,10453.0,10460.0,2450.05160301
2020-09-03,11474.0,10469.0,10600.5,10586.0,10597.0,10604.0,1520.57101489
2020-09-02,12007.0,11141.0,11404.0,11415.0,11400.0,11408.0,864.4158203
2020-09-01,12039.0,11530.0,11978.0,11977.0,11975.0,11981.0,728.51874771
2020-08-31,11768.0,11576.0,11665.5,11661.0,11662.0,11669.0,320.67856087
2020-08-30,11678.0,11455.0,11658.5,11655.0,11658.0,11659.0,459.39599637
2020-08-29,11578.0,11425.0,11491.5,11492.0,11491.0,11492.0,417.24640636
2020-08-28,11535.0,11279.0,11488.0,11481.0,11486.0,11490.0,354.19035026
2020-08-27,11600.0,11135.0,11291.5,11271.0,11288.0,11295.0,675.45577902
2020-08-26,11539.0,11253.0,11458.5,11461.0,11458.0,11459.0,421.14914102
2020-08-25,11777.0,11132.0,11358.0,11359.0,11357.0,11359.0,843.81183257
2020-08-24,11825.0,11588.0,11752.5,11742.0,11751.0,11754.0,567.27705887
2020-08-23,11710.0,11522.0,11659.5,11662.0,11657.0,11662.0,294.73493607
2020-08-22,11679.0,11378.0,11661.5,11666.0,11661.0,11662.0,604.77796747
2020-08-21,11875.0,11495.0,11567.0,11566.0,11566.0,11568.0,543.25006701
2020-08-20,11877.0,11674.0,11837.5,11838.0,11837.0,11838.0,285.78238388
2020-08-19,12027.0,11577.0,11722.5,11717.0,11719.0,11726.0,757.1524394099999
2020-08-18,12374.0,11794.0,12035.5,12040.0,12033.0,12038.0,708.11713378
2020-08-17,12436.0,11775.0,12381.0,12391.0,12380.0,12382.0,955.90010664
2020-08-16,11925.0,11693.0,11900.0,11903.0,11896.0,11904.0,255.71625566
2020-08-15,11975.0,11688.0,11828.0,11828.0,11825.0,11831.0,594.45818184
2020-08-14,11846.0,11639.0,11760.0,11762.0,11758.0,11762.0,506.72170555
2020-08-13,11781.0,11274.0,11746.0,11749.0,11742.0,11750.0,514.46013471
2020-08-11,11931.0,11131.0,11380.0,11385.0,11378.0,11382.0,616.15523424
2020-08-10,12048.0,11485.0,11813.5,11803.0,11812.0,11815.0,853.23003377
2020-08-09,11787.0,11530.0,11674.0,11675.0,11672.0,11676.0,159.87088606
2020-08-08,11798.0,11524.0,11745.5,11744.0,11744.0,11747.0,189.90660479
2020-08-07,11898.0,11330.0,11615.5,11624.0,11613.0,11618.0,573.46366428
2020-08-06,11889.0,11568.0,11735.0,11729.0,11734.0,11736.0,542.27282986
2020-08-05,11773.0,11104.0,11651.5,11654.0,11650.0,11653.0,734.23227682
2020-08-04,11407.0,11020.0,11202.5,11204.0,11200.0,11205.0,369.22946032
2020-08-03,11463.0,10955.0,11211.5,11214.0,11206.0,11217.0,449.65635562
2020-08-02,12092.0,10609.0,11127.0,11128.0,11124.0,11130.0,1845.63926626
2020-08-01,11845.0,11222.0,11772.5,11774.0,11769.0,11776.0,1551.59119153
2020-07-31,11428.0,10966.0,11304.5,11303.0,11302.0,11307.0,742.17754025
2020-07-30,11204.0,10841.0,11156.5,11162.0,11154.0,11159.0,741.28002424
2020-07-29,11329.0,10838.0,11209.0,11209.0,11206.0,11212.0,883.89639367
2020-07-28,11237.0,10564.0,10941.0,10940.0,10940.0,10942.0,1143.41661569
2020-07-27,11364.0,9904.7,11170.0,11171.0,11168.0,11172.0,1922.70992724
2020-07-26,10149.0,9651.0,9918.05,9918.1,9917.2,9918.9,1246.85159118
2020-07-25,9729.1,9518.0,9712.05,9715.0,9709.3,9714.8,445.01119486
2020-07-24,9630.6,9462.7,9545.8,9538.1,9544.0,9547.6,349.80727813
2020-07-23,9655.1,9444.1,9586.5,9586.0,9586.0,9587.0,312.41351311
2020-07-22,9537.8,9282.0,9522.3,9521.2,9520.4,9524.2,532.28779678
2020-07-21,9425.7,9155.8,9373.55,9374.5,9373.2,9373.9,377.16082866
2020-07-20,9228.0,9132.2,9169.55,9169.5,9168.7,9170.4,150.28662326
2020-07-19,9195.9,9105.7,9192.9,9190.9,9192.0,9193.8,152.6647126
2020-07-18,9198.5,9124.6,9173.55,9173.6,9173.5,9173.6,299.99632688
2020-07-17,9191.3,9092.1,9162.9,9165.1,9162.3,9163.5,86.83837282
2020-07-16,9221.8,9044.1,9138.15,9140.1,9136.8,9139.5,468.09414075
2020-07-15,9272.3,9164.6,9197.05,9199.4,9196.1,9198.0,112.76734834
2020-07-14,9273.2,9104.1,9253.8,9254.9,9251.8,9255.8,314.33211259
2020-07-13,9338.8,9202.1,9237.3,9238.1,9237.2,9237.4,328.47146889
2020-07-12,9341.8,9160.0,9280.65,9286.3,9278.7,9282.6,291.96080923
2020-07-11,9310.5,9184.4,9220.35,9218.4,9218.8,9221.9,121.80587246
2020-07-10,9248.8,9127.1,9225.65,9225.6,9225.6,9225.7,152.70633045
2020-07-09,9437.4,9160.0,9235.7,9234.0,9234.0,9237.4,298.64057467
2020-07-08,9465.2,9235.9,9433.95,9434.0,9433.9,9434.0,420.97452277
2020-07-07,9370.5,9207.5,9254.65,9254.3,9254.2,9255.1,256.18786072
2020-07-06,9344.2,9063.4,9289.2,9294.3,9287.4,9291.0,505.90050429
2020-07-05,9137.8,8916.3,9079.05,9076.2,9077.2,9080.9,392.27279579000003
2020-07-04,9187.8,9047.2,9125.05,9125.0,9125.0,9125.1,245.2468989
2020-07-03,9122.8,9040.4,9074.9,9076.4,9074.2,9075.6,228.17638455
2020-07-02,9262.7,8945.0,9100.15,9100.0,9099.9,9100.4,800.04003347
2020-07-01,9291.8,9099.2,9243.45,9244.4,9242.4,9244.5,219.44757907
2020-06-30,9205.5,9063.5,9149.9,9150.6,9148.0,9151.8,215.97570757
2020-06-29,9234.2,9032.7,9181.95,9186.4,9181.6,9182.3,325.33716023
2020-06-28,9189.3,8944.3,9109.05,9101.8,9107.3,9110.8,408.38407146
2020-06-27,9195.0,8844.3,8977.95,8979.4,8975.3,8980.6,524.37419957
2020-06-26,9292.8,9050.0,9155.55,9152.1,9154.2,9156.9,564.02013696
2020-06-25,9336.1,9011.0,9257.4,9254.7,9255.2,9259.6,761.70083456
2020-06-24,9670.3,9207.5,9297.55,9299.6,9297.1,9298.0,595.62978447
2020-06-23,9712.8,9584.3,9612.3,9610.0,9611.5,9613.1,376.05405252
2020-06-22,9773.9,9284.8,9665.4,9665.8,9665.2,9665.6,485.71780856
2020-06-21,9414.4,9290.7,9309.35,9310.5,9307.7,9311.0,172.23728004
2020-06-20,9401.3,9180.0,9358.35,9357.1,9357.1,9359.6,322.10038052
2020-06-19,9432.8,9246.1,9305.05,9304.7,9304.8,9305.3,345.95281393
2020-06-18,9480.4,9281.1,9374.9,9375.9,9373.1,9376.7,219.72659335
2020-06-17,9555.4,9250.2,9438.85,9436.5,9437.3,9440.4,312.25428133
2020-06-16,9585.0,9379.1,9513.4,9512.9,9512.5,9514.3,315.99439328
2020-06-15,9495.0,8916.4,9434.45,9435.2,9433.0,9435.9,685.02043576
2020-06-14,9473.9,9254.1,9375.9,9373.1,9373.8,9378.0,333.57167981
2020-06-13,9488.3,9356.7,9433.1,9435.5,9430.9,9435.3,97.65728193
2020-06-12,9560.2,9219.9,9463.5,9459.0,9458.8,9468.2,629.80149419
2020-06-11,9955.0,9060.3,9323.35,9323.3,9323.3,9323.4,575.0627295
2020-06-10,9981.0,9680.0,9886.0,9889.6,9882.4,9889.6,386.78764733
2020-06-09,9873.9,9577.0,9765.4,9763.7,9763.6,9767.2,207.29159106
2020-06-08,9795.3,9621.7,9706.6,9701.1,9705.9,9707.3,189.6268319
2020-06-07,9805.0,9382.3,9760.95,9762.3,9760.9,9761.0,199.23938444
2020-06-06,9730.0,9541.5,9643.95,9640.6,9643.9,9644.0,161.89859215
2020-06-05,9855.6,9610.1,9675.8,9680.5,9674.3,9677.3,200.49337892
2020-06-04,9881.8,9467.4,9803.9,9805.1,9801.8,9806.0,262.48450958
2020-06-03,9636.8,9396.0,9619.85,9629.4,9619.8,9619.9,166.48686796
2020-06-02,10367.0,9257.1,9482.25,9483.1,9481.6,9482.9,3111.17899051
2020-06-01,10087.0,9399.4,10080.0,10084.0,10074.0,10086.0,958.84197072
2020-05-31,9740.1,9401.2,9432.8,9436.7,9431.0,9434.6,242.77856821
2020-05-30,9740.1,9335.4,9701.8,9702.7,9700.6,9703.0,336.54771213
2020-05-29,9625.8,9332.9,9427.8,9426.8,9426.7,9428.9,287.75776799
2020-05-28,9544.9,9121.3,9511.05,9515.3,9505.9,9516.2,521.29368681
2020-05-27,9231.9,8812.8,9098.3,9102.5,9093.9,9102.7,427.65422431
2020-05-26,9005.0,8708.3,8833.6,8834.8,8832.2,8835.0,332.79797474000003
2020-05-25,9006.7,8649.4,8924.15,8929.5,8920.7,8927.6,659.68905246
2020-05-24,9293.9,8859.5,9013.95,9017.8,9008.8,9019.1,309.28981586
2020-05-23,9300.7,9079.9,9220.8,9224.2,9219.5,9222.1,336.08413465
2020-05-22,9253.3,8942.0,9197.75,9197.7,9197.7,9197.8,247.50878816
2020-05-21,9573.9,8804.2,9105.05,9105.1,9105.0,9105.1,579.70748422
2020-05-20,9835.6,9099.2,9520.35,9522.3,9518.5,9522.2,892.94619209
2020-05-19,9888.0,9483.0,9734.55,9737.3,9729.2,9739.9,226.67820395
2020-05-18,9945.0,9476.3,9726.0,9728.6,9722.9,9729.1,349.16644174
2020-05-17,9875.3,9330.9,9697.45,9700.0,9695.0,9699.9,572.55972624
2020-05-16,9581.2,9225.0,9421.75,9421.7,9421.7,9421.8,185.35582289
2020-05-15,9842.9,9136.4,9377.3,9383.3,9373.9,9380.7,779.37757726
2020-05-14,9929.6,9254.0,9763.45,9761.6,9761.4,9765.5,1069.82360878
2020-05-13,9390.3,8780.4,9335.95,9341.3,9332.3,9339.6,566.69489613
2020-05-12,8968.6,8495.0,8827.05,8823.6,8823.6,8830.5,252.9311372
2020-05-11,9145.3,8205.5,8581.25,8582.9,8581.2,8581.3,882.20429899
2020-05-10,9624.8,8100.8,8762.0,8763.0,8757.8,8766.2,1390.39303376
2020-05-09,9903.2,9523.5,9581.1,9573.5,9579.1,9583.1,603.8557092
2020-05-08,10040.0,9720.2,9904.25,9903.5,9903.0,9905.5,821.62078924
2020-05-07,9949.9,9032.7,9871.1,9875.1,9867.3,9874.9,936.34773658
2020-05-06,9391.6,8921.7,9340.25,9338.1,9338.3,9342.2,345.23511667
2020-05-05,9099.5,8771.9,8985.75,8985.6,8984.6,8986.9,279.66543712
2020-05-04,8950.7,8532.7,8895.5,8889.3,8892.8,8898.2,294.38991053
2020-05-03,9186.9,8723.6,8894.6,8892.9,8892.1,8897.1,388.45606423
2020-05-02,9008.8,8758.3,8969.2,8965.4,8964.9,8973.5,180.83450051
2020-05-01,9049.5,8592.2,8850.45,8850.5,8850.4,8850.5,235.99037311
2020-04-30,9441.2,8409.3,8689.0,8690.3,8686.5,8691.5,2526.23020681
2020-04-29,8917.1,7711.2,8773.6,8773.8,8769.7,8777.5,4603.18398657
2020-04-28,7774.2,7661.6,7749.2,7748.0,7747.7,7750.7,417.50482369
2020-04-27,7781.7,7627.1,7752.35,7753.8,7751.0,7753.7,401.80657709
2020-04-26,7694.9,7483.3,7629.75,7629.6,7629.7,7629.8,459.80441132
2020-04-25,7690.0,7438.0,7528.1,7534.1,7524.4,7531.8,252.37598873
2020-04-24,7596.6,7392.7,7493.85,7496.0,7490.9,7496.8,476.49202284
2020-04-23,7690.3,7022.6,7517.05,7521.5,7517.0,7517.1,991.23024817
2020-04-22,7150.0,6820.9,7112.95,7115.2,7112.0,7113.9,138.52980266
2020-04-21,6932.0,6767.0,6893.4,6895.6,6891.0,6895.8,300.61672814
2020-04-20,7211.3,6758.8,6854.1,6854.9,6853.3,6854.9,323.35349378
2020-04-19,7276.2,7063.4,7180.15,7185.4,7176.3,7184.0,56.16626571
2020-04-18,7288.3,7012.9,7259.45,7263.7,7255.5,7263.4,159.4041047
2020-04-17,7183.2,6999.7,7064.15,7059.2,7061.0,7067.3,95.0314912
2020-04-16,7183.2,6480.8,7140.85,7142.6,7138.5,7143.2,668.20291881
2020-04-15,6926.4,6621.8,6637.85,6632.1,6633.5,6642.2,180.71603882
2020-04-14,6976.8,6764.7,6876.5,6868.0,6874.4,6878.6,169.25736977
2020-04-13,7027.7,6580.0,6867.05,6856.9,6863.2,6870.9,340.86983503
2020-04-12,7180.9,6785.1,7020.9,7011.0,7018.6,7023.2,134.57345263
2020-04-11,6937.0,6764.4,6850.8,6849.1,6849.1,6852.5,53.81462413
2020-04-10,7309.9,6743.9,6854.35,6861.7,6852.3,6856.4,277.77611637
2020-04-09,7387.3,7114.8,7292.8,7297.1,7287.8,7297.8,106.07350676
2020-04-08,7414.7,7155.8,7346.75,7348.5,7345.0,7348.5,251.63562457
2020-04-07,7444.6,7081.7,7184.45,7178.1,7180.5,7188.4,744.02921512
2020-04-06,7297.0,6770.8,7257.2,7257.8,7252.3,7262.1,751.42287467
2020-04-05,6893.2,6680.0,6787.5,6797.9,6784.6,6790.4,278.43355982
2020-04-04,6987.9,6648.9,6852.95,6854.1,6851.8,6854.1,268.32388399
2020-04-03,7034.4,6603.2,6760.55,6772.1,6753.8,6767.3,236.25928349
2020-04-02,7222.8,6504.2,6801.6,6803.9,6795.1,6808.1,935.74897695
2020-04-01,6594.0,6157.0,6526.75,6521.1,6522.6,6530.9,268.97490551
2020-03-31,6512.8,6325.7,6427.0,6421.2,6423.1,6430.9,130.99399847
2020-03-30,6598.0,5850.0,6452.5,6447.4,6447.1,6457.9,390.41705413
2020-03-29,6266.0,5873.8,5923.25,5924.8,5921.9,5924.6,243.84980464
2020-03-28,6650.0,6026.2,6205.6,6205.1,6203.3,6207.9,456.17517194
2020-03-27,6834.8,6573.2,6646.4,6640.7,6642.9,6649.9,291.75563394
2020-03-26,6773.5,6510.0,6728.95,6712.8,6727.4,6730.5,237.02094429
2020-03-25,6949.4,6437.2,6665.65,6663.6,6663.4,6667.9,708.94571849
2020-03-24,6802.0,6385.2,6751.35,6752.8,6749.9,6752.8,1629.44080342
2020-03-23,6596.1,5688.0,6483.55,6473.7,6477.4,6489.7,622.72962061
2020-03-22,6403.3,5790.0,5844.75,5840.5,5839.3,5850.2,365.89981381
2020-03-21,6447.2,5864.1,6183.85,6178.4,6179.8,6187.9,345.81321112
2020-03-20,6897.0,5675.2,6126.4,6122.2,6122.3,6130.5,1034.62786447
2020-03-19,6396.7,5254.5,6198.4,6203.7,6192.8,6204.0,1319.44703712
2020-03-18,5433.2,5010.5,5345.0,5342.0,5338.1,5351.9,719.73323138
2020-03-17,5514.3,4928.3,5403.2,5404.0,5397.2,5409.2,592.78396902
2020-03-16,5415.5,4461.0,4942.45,4945.1,4938.5,4946.4,2655.99719976
2020-03-15,5933.7,5091.4,5415.0,5411.5,5408.4,5421.6,2330.14956957
2020-03-14,5662.6,5093.2,5104.5,5105.0,5098.7,5110.3,742.65978
2020-03-13,5867.5,3891.2,5642.35,5640.0,5630.7,5654.0,15200.91212944
2020-03-12,7967.0,5487.3,5536.8,5522.8,5526.8,5546.8,7508.6409616
2020-03-11,7979.2,7631.7,7912.65,7905.3,7909.0,7916.3,2925.76777811
2020-03-10,8146.0,7778.9,7885.15,7884.0,7885.1,7885.2,2154.44584033
2020-03-09,8209.4,7668.9,7855.4,7858.7,7850.3,7860.5,1930.17878235
2020-03-08,8789.8,8019.2,8059.15,8067.5,8053.5,8064.8,901.20529409
2020-03-07,9180.3,8843.1,8853.1,8864.7,8849.3,8856.9,173.76907042
2020-03-06,9160.9,8993.2,9117.65,9115.0,9115.0,9120.3,139.88302407
2020-03-05,9145.3,8790.8,9047.55,9045.1,9046.2,9048.9,303.92508408
2020-03-04,8840.0,8665.4,8798.15,8791.5,8792.8,8803.5,111.30725778
2020-03-03,8896.0,8652.8,8748.05,8750.0,8746.1,8750.0,265.19575398
2020-03-02,8960.0,8514.4,8850.05,8850.0,8850.0,8850.1,157.39851756
2020-03-01,8742.9,8430.0,8545.7,8544.4,8544.4,8547.0,298.92232427
2020-02-29,8784.3,8529.4,8593.05,8591.1,8589.5,8596.6,386.95175856
2020-02-28,8894.8,8449.3,8742.25,8742.3,8742.2,8742.3,653.69327687
2020-02-27,8973.4,8536.5,8821.45,8821.5,8821.4,8821.5,459.1984088
2020-02-26,9365.1,8617.2,8698.9,8694.2,8693.9,8703.9,819.54202372
2020-02-25,9674.7,9250.0,9364.65,9363.2,9363.2,9366.1,182.63810198
2020-02-24,9982.3,9487.0,9630.4,9627.9,9625.9,9634.9,206.1902235
2020-02-23,9979.5,9657.7,9958.3,9954.7,9956.2,9960.4,293.31525136
2020-02-22,9699.9,9563.1,9657.95,9660.7,9655.2,9660.7,514.9501451
2020-02-21,9754.5,9577.6,9692.7,9690.9,9692.1,9693.3,293.16608663
2020-02-20,9697.1,9402.4,9597.85,9593.3,9593.3,9602.4,213.04899082
2020-02-19,10259.0,9326.5,9598.8,9604.7,9595.1,9602.5,427.25132987
2020-02-18,10246.0,9596.0,10150.5,10136.0,10150.0,10151.0,204.61108429
2020-02-17,9899.5,9462.5,9659.25,9656.8,9657.1,9661.4,293.51812356
2020-02-16,10051.0,9632.8,9916.75,9908.0,9909.2,9924.3,138.19672064
2020-02-15,10358.0,9800.0,9898.25,9901.9,9894.4,9902.1,209.18067155
2020-02-14,10378.0,10118.0,10356.5,10358.0,10356.0,10357.0,287.44928052
2020-02-13,10480.0,10094.0,10192.0,10184.0,10187.0,10197.0,692.3289352
2020-02-12,10437.0,10221.0,10349.5,10350.0,10349.0,10350.0,899.46481331
2020-02-11,10309.0,9721.9,10282.5,10289.0,10277.0,10288.0,580.1585299
2020-02-10,10176.0,9759.0,9825.2,9829.8,9821.1,9829.3,279.73007759
2020-02-09,10176.0,9910.0,10165.5,10163.0,10158.0,10173.0,641.79632584
2020-02-08,9925.9,9670.1,9914.6,9916.0,9913.2,9916.0,441.86156098
2020-02-07,9880.2,9731.6,9809.05,9808.2,9808.2,9809.9,294.62614253
2020-02-06,9856.5,9535.2,9789.5,9781.4,9787.7,9791.3,303.02870788
2020-02-05,9720.6,9187.2,9569.55,9572.0,9566.6,9572.5,802.82741477
2020-02-04,9350.0,9100.1,9211.35,9201.9,9207.0,9215.7,167.17050939
2020-02-03,9586.8,9234.4,9329.5,9323.2,9325.2,9333.8,356.3835761
2020-02-02,9470.7,9176.2,9358.8,9362.7,9355.8,9361.8,186.01260349
2020-02-01,9458.6,9300.0,9363.2,9364.0,9357.8,9368.6,88.49532132
2020-01-31,9520.7,9212.1,9372.1,9365.4,9367.2,9377.0,142.82090616
2020-01-30,9561.3,9191.9,9519.35,9517.8,9515.2,9523.5,1076.3852681
2020-01-29,9440.0,9244.5,9276.3,9279.9,9273.7,9278.9,310.30203482
2020-01-28,9414.8,8900.9,9397.2,9396.6,9396.6,9397.8,554.95528782
2020-01-27,8997.9,8563.8,8947.05,8950.9,8944.3,8949.8,649.74525193
2020-01-26,8650.6,8300.3,8650.5,8650.6,8650.4,8650.6,237.47296997
2020-01-25,8424.6,8280.0,8323.85,8331.2,8319.5,8328.2,161.45308386
2020-01-24,8517.4,8246.0,8421.35,8424.6,8420.0,8422.7,98.79947636
2020-01-23,8664.3,8313.6,8393.7,8394.6,8392.1,8395.3,716.87421614
2020-01-22,8815.7,8602.3,8663.6,8663.9,8662.5,8664.7,273.78085871
2020-01-21,8780.0,8500.0,8742.4,8751.5,8740.5,8744.3,109.88709177
2020-01-20,8737.4,8520.2,8623.8,8630.6,8620.5,8627.1,199.06349921
2020-01-19,9191.0,8500.0,8715.35,8704.8,8711.4,8719.3,510.3817993
2020-01-18,8980.0,8800.0,8907.95,8910.4,8905.4,8910.5,868.91917767
2020-01-17,8988.0,8676.2,8942.1,8943.2,8939.1,8945.1,2479.7409036
2020-01-16,8859.1,8602.0,8701.85,8737.0,8699.0,8704.7,222.89814571
2020-01-15,8900.0,8575.0,8805.45,8807.2,8800.8,8810.1,948.41143662
2020-01-14,8857.8,8100.0,8858.9,8857.8,8851.1,8866.7,3584.69924292
2020-01-13,8190.4,8055.0,8134.95,8133.6,8132.2,8137.7,309.8475562
2020-01-12,8190.4,7964.1,8173.9,8173.4,8170.6,8177.2,268.48681658
2020-01-11,8285.8,7964.1,8017.9,8011.4,8015.0,8020.8,302.84531102
2020-01-10,8191.5,7674.7,8167.85,8166.2,8162.9,8172.8,567.67086767
2020-01-09,8045.0,7758.7,7845.2,7831.4,7843.2,7847.2,167.05381786
2020-01-08,8448.9,7862.0,7973.2,7987.3,7970.9,7975.5,310.71607881
2020-01-07,8342.0,7738.9,8283.7,8285.3,8282.2,8285.2,1577.28460574
2020-01-06,7848.0,7353.6,7841.95,7842.0,7841.9,7842.0,1176.02197673
2020-01-05,7486.0,7315.0,7358.35,7366.2,7357.2,7359.5,191.01792192
2020-01-04,7400.7,7276.6,7385.9,7370.4,7383.2,7388.6,130.42715141
2020-01-03,7399.0,6878.3,7318.9,7327.0,7318.3,7319.5,297.68045439
2020-01-02,7207.6,6935.1,6962.15,6962.1,6962.1,6962.2,228.68865216
2020-01-01,7250.4,7182.2,7198.75,7197.4,7196.1,7201.4,103.3907974
2019-12-31,7313.8,7149.2,7190.05,7190.1,7190.0,7190.1,161.97623192
2019-12-30,7399.2,7206.5,7230.5,7229.3,7229.1,7231.9,129.62764135
2019-12-29,7521.9,7292.4,7338.25,7343.8,7338.2,7338.3,69.06194272
2019-12-28,7361.6,7248.9,7295.75,7322.0,7293.2,7298.3,158.17529942
2019-12-27,7270.8,7085.9,7251.9,7250.6,7251.4,7252.4,247.61262495
2019-12-26,7432.2,7160.1,7205.3,7209.7,7204.3,7206.3,245.81547312
2019-12-25,7270.8,7135.4,7213.85,7213.8,7213.8,7213.9,427.05980072
2019-12-24,7420.5,7167.4,7247.35,7253.9,7247.3,7247.4,422.53923197
2019-12-23,7686.4,7276.6,7317.75,7317.8,7314.4,7321.1,211.52443366
2019-12-22,7584.0,7128.0,7590.65,7583.6,7587.0,7594.3,107.78006792
2019-12-21,7186.4,7115.0,7127.4,7130.8,7125.7,7129.1,86.92738413
2019-12-20,7212.6,7087.9,7175.65,7186.4,7174.5,7176.8,447.60573243
2019-12-19,7357.6,7051.4,7150.4,7153.7,7147.2,7153.6,842.29352469
2019-12-18,7443.2,6442.8,7282.95,7281.1,7276.1,7289.8,673.62402472
2019-12-17,6939.6,6575.0,6619.6,6619.7,6618.5,6620.7,1249.89242498
2019-12-16,7148.8,6849.6,6906.6,6905.9,6905.5,6907.7,840.86956265
2019-12-15,7193.0,7018.2,7102.9,7096.6,7099.9,7105.9,336.78560068
2019-12-14,7270.9,7021.4,7053.75,7053.8,7053.7,7053.8,324.52182352
2019-12-13,7300.9,7197.9,7251.25,7252.3,7250.7,7251.8,176.70795256
2019-12-12,7293.0,7096.0,7213.55,7212.4,7212.5,7214.6,411.11162581
2019-12-11,7293.0,7133.2,7194.35,7190.0,7189.6,7199.1,1042.01790125
2019-12-10,7399.2,7166.2,7242.9,7242.9,7241.3,7244.5,449.59674395
2019-12-09,7650.0,7288.6,7337.8,7335.8,7337.7,7337.9,824.73029208
2019-12-08,7556.6,7382.8,7523.05,7523.0,7523.0,7523.1,559.28388675
2019-12-07,7609.1,7473.3,7493.3,7495.2,7492.3,7494.3,82.22988557
2019-12-06,7633.1,7306.3,7511.5,7516.6,7501.6,7521.4,347.51539343
2019-12-05,7472.9,7160.0,7326.25,7315.0,7319.1,7333.4,473.5103395
2019-12-04,7799.9,7090.0,7201.0,7205.7,7197.6,7204.4,642.99828188
2019-12-03,7399.2,7247.0,7271.45,7267.0,7269.4,7273.5,377.96290588
2019-12-02,7420.4,7160.0,7319.35,7319.4,7319.3,7319.4,167.68530732
2019-12-01,7516.3,7240.0,7394.55,7402.5,7390.1,7399.0,590.45915006
2019-11-30,7800.0,7448.6,7500.5,7503.3,7496.5,7504.5,164.00233384
2019-11-29,7842.9,7410.0,7745.15,7736.8,7742.8,7747.5,297.5648292
2019-11-28,7650.0,7375.0,7438.3,7436.6,7438.2,7438.4,192.9158386
2019-11-27,7650.0,6854.0,7517.05,7526.9,7511.7,7522.4,490.825264
2019-11-26,7336.0,7032.4,7145.15,7144.5,7141.9,7148.4,327.05649391
2019-11-25,7368.7,6522.9,7125.65,7124.7,7124.7,7126.6,1496.38206679
2019-11-24,7289.2,6852.0,6866.85,6865.0,6865.0,6868.7,865.98092742
2019-11-23,7339.9,7092.9,7275.5,7271.7,7271.9,7279.1,619.10347557
2019-11-22,7728.0,6793.8,7200.9,7196.1,7197.4,7204.4,1272.27406924
2019-11-21,8132.5,7443.7,7629.8,7628.6,7628.5,7631.1,487.20643462
2019-11-20,8229.5,8050.0,8087.75,8084.1,8085.4,8090.1,310.26336859
2019-11-19,8215.1,8007.2,8100.9,8109.3,8099.2,8102.6,374.75077892
2019-11-18,8500.5,8068.9,8199.1,8197.7,8196.9,8201.3,958.20003359
2019-11-17,8617.0,8386.8,8463.75,8470.3,8459.7,8467.8,170.52152751
2019-11-16,8534.5,8443.0,8494.85,8491.8,8494.8,8494.9,968.4299239
2019-11-15,8785.6,8405.9,8466.75,8467.6,8466.7,8466.8,291.9833505
2019-11-14,8796.3,8591.4,8648.95,8653.0,8645.1,8652.8,201.22885341
2019-11-13,8833.8,8715.8,8789.9,8796.3,8787.8,8792.0,141.57692523
2019-11-12,8889.0,8582.1,8790.25,8787.7,8790.2,8790.3,116.52794768
2019-11-11,9060.9,8619.4,8724.65,8727.1,8723.4,8725.9,102.04786025
2019-11-10,9146.7,8761.2,9034.3,9040.6,9030.4,9038.2,147.98502983
2019-11-09,8872.2,8733.0,8798.25,8798.3,8798.2,8798.3,45.5557079
2019-11-08,9250.7,8686.8,8775.25,8759.9,8774.1,8776.4,424.09988853
2019-11-07,9363.2,9099.0,9180.15,9186.1,9180.0,9180.3,483.15523772
2019-11-06,9435.7,9268.1,9332.85,9334.9,9332.8,9332.9,131.75986137
2019-11-05,9452.4,9171.4,9302.2,9327.2,9299.0,9305.4,148.6753829
2019-11-04,9538.4,9127.8,9355.85,9364.6,9354.0,9357.7,593.54520481
2019-11-03,9359.0,9073.8,9186.55,9200.8,9185.0,9188.1,535.43303619
2019-11-02,9365.1,9195.2,9300.15,9292.8,9298.2,9302.1,196.30576934
2019-11-01,9281.5,9047.5,9212.05,9210.9,9210.6,9213.5,206.175823
2019-10-31,9400.0,8947.3,9132.5,9126.2,9129.8,9135.2,440.42745124
2019-10-30,9441.9,9003.6,9166.45,9209.9,9161.8,9171.1,675.15656543
2019-10-29,9528.7,9100.0,9403.25,9423.8,9401.5,9405.0,743.93465736
2019-10-28,9900.0,9266.7,9447.3,9447.0,9443.2,9451.4,456.45607919
2019-10-27,9773.4,9079.9,9543.4,9532.7,9541.1,9545.7,640.24212584
2019-10-26,10414.0,8596.1,9183.6,9178.0,9180.6,9186.6,1457.47163535
2019-10-25,8775.0,7390.4,8621.3,8654.0,8614.8,8627.8,967.7305456
2019-10-24,7507.5,7347.0,7456.55,7453.4,7456.5,7456.6,606.75197881
2019-10-23,8061.4,7316.1,7450.6,7445.0,7445.3,7455.9,673.32148561
2019-10-22,8285.3,8030.1,8027.75,8030.1,8025.3,8030.2,64.08539979
2019-10-21,8325.3,8150.1,8197.85,8191.2,8191.9,8203.8,62.77357857
2019-10-20,8292.2,7876.6,8181.3,8187.8,8180.2,8182.4,139.79733263
2019-10-19,8080.7,7879.5,7935.7,7935.8,7933.5,7937.9,84.36178721
2019-10-18,8108.9,7827.4,7961.35,7963.4,7961.3,7961.4,227.77774548
2019-10-17,8121.0,7940.7,8072.9,8067.5,8071.2,8074.6,105.05320155
2019-10-16,8185.1,7923.3,7999.75,8001.9,7999.2,8000.3,337.05664431
2019-10-15,8401.9,8106.1,8155.15,8150.6,8150.7,8159.6,173.43005408
2019-10-14,8383.1,8210.5,8334.05,8322.3,8331.7,8336.4,54.58360755
2019-10-13,8438.1,8163.5,8304.85,8300.0,8298.5,8311.2,121.35672488
2019-10-12,8389.5,8222.0,8317.95,8320.2,8314.3,8321.6,224.22667668
2019-10-11,8768.1,8275.9,8315.9,8320.6,8315.5,8316.3,196.81140057
2019-10-10,8637.6,8431.5,8549.55,8547.9,8547.5,8551.6,171.56326109
2019-10-09,8655.6,8126.1,8567.7,8550.8,8565.0,8570.4,833.21186385
2019-10-08,8320.1,8110.0,8169.85,8175.1,8166.0,8173.7,194.88103903
2019-10-07,8292.8,7771.0,8241.5,8254.3,8239.6,8243.4,175.58995359
2019-10-06,8139.9,7795.4,7832.4,7831.0,7828.9,7835.9,262.72015348
2019-10-05,8183.8,8020.6,8116.25,8109.0,8113.3,8119.2,49.99106535
2019-10-04,8280.6,8007.8,8154.1,8152.5,8150.7,8157.5,95.27931173
2019-10-03,8380.2,8077.6,8253.95,8257.1,8250.5,8257.4,171.13399545
2019-10-02,8358.5,8150.1,8328.0,8336.5,8324.4,8331.6,146.22045307
2019-10-01,8488.3,8179.6,8307.7,8309.3,8304.1,8311.3,167.6249544
2019-09-30,8329.0,7742.7,8253.3,8244.1,8249.7,8256.9,1217.14125679
2019-09-29,8228.4,7906.4,8046.4,8050.3,8042.3,8050.5,578.51579636
2019-09-28,8317.0,8017.6,8174.15,8174.1,8174.0,8174.3,1410.73844603
2019-09-27,8265.6,7872.3,8163.2,8160.4,8161.4,8165.0,756.77451977
2019-09-26,8467.1,7780.6,8100.0,8089.4,8096.2,8103.8,1165.77546017
2019-09-25,8718.2,8229.6,8398.5,8384.6,8395.6,8401.4,1458.09645355
2019-09-24,9831.2,7986.6,8657.05,8660.5,8645.3,8668.8,1834.89861946
2019-09-23,10064.0,9629.1,9731.6,9731.0,9730.9,9732.3,162.64082308
2019-09-22,10087.0,9867.7,10037.0,10029.0,10032.0,10042.0,50.40534921
2019-09-21,10177.0,9950.0,10009.0,9966.4,10007.0,10011.0,40.07215518
2019-09-20,10286.0,10067.0,10178.0,10177.0,10174.0,10182.0,172.67986046
2019-09-19,10333.0,9653.0,10229.0,10230.0,10228.0,10230.0,387.64185717
2019-09-18,10250.0,10100.0,10171.0,10170.0,10168.0,10174.0,136.73538032
2019-09-17,10290.0,10127.0,10211.5,10206.0,10208.0,10215.0,102.47865403
2019-09-16,10352.0,10069.0,10256.5,10260.0,10255.0,10258.0,156.93103194
2019-09-15,10357.0,10257.0,10302.0,10296.0,10299.0,10305.0,16.52087997
2019-09-14,10417.0,10241.0,10341.0,10341.0,10340.0,10342.0,27.36941112
2019-09-13,10438.0,10165.0,10315.5,10313.0,10315.0,10316.0,211.68126507
2019-09-12,10445.0,10050.0,10394.5,10374.0,10389.0,10400.0,154.51980608
2019-09-11,10294.0,9872.5,10136.0,10141.0,10134.0,10138.0,200.11063674
2019-09-10,10383.0,9954.8,10064.0,10071.0,10060.0,10068.0,83.24662597
2019-09-09,10500.0,10077.0,10355.0,10332.0,10350.0,10360.0,115.56056898
2019-09-08,10568.0,10223.0,10401.0,10363.0,10397.0,10405.0,69.47366049
2019-09-07,10544.0,10280.0,10454.5,10467.0,10452.0,10457.0,43.43032342
2019-09-06,10900.0,10187.0,10324.5,10320.0,10321.0,10328.0,398.37864034
2019-09-05,10640.0,10451.0,10586.0,10575.0,10583.0,10589.0,130.73540314
2019-09-04,10803.0,10375.0,10566.0,10559.0,10564.0,10568.0,319.92791685
2019-09-03,10787.0,10273.0,10546.0,10542.0,10537.0,10555.0,245.37223526
2019-09-02,10442.0,9722.5,10358.0,10352.0,10353.0,10363.0,328.64402231
2019-09-01,9814.1,9528.2,9750.2,9756.0,9746.9,9753.5,116.79333749
2019-08-31,9678.2,9445.6,9609.75,9606.4,9607.5,9612.0,70.27271201
2019-08-30,9684.5,9350.0,9588.65,9587.5,9585.4,9591.9,64.23260336
2019-08-29,9755.0,9333.8,9469.25,9462.7,9465.9,9472.6,271.80110008
2019-08-28,10292.0,9600.0,9750.4,9751.2,9750.1,9750.7,356.40479914
2019-08-27,10407.0,10045.0,10171.0,10175.0,10168.0,10174.0,164.33541449
2019-08-26,10627.0,10064.0,10361.5,10350.0,10358.0,10365.0,203.8545611
2019-08-25,10326.0,9870.0,10074.0,10101.0,10071.0,10077.0,54.14295974
2019-08-24,10405.0,9882.6,10155.0,10139.0,10151.0,10159.0,269.69184004
2019-08-23,10435.0,10036.0,10375.5,10381.0,10374.0,10377.0,349.75545115
2019-08-22,10234.0,9771.4,10134.0,10132.0,10131.0,10137.0,220.44992229
2019-08-21,10828.0,9882.6,10065.0,10044.0,10061.0,10069.0,226.68950965
2019-08-20,10953.0,10564.0,10774.5,10785.0,10770.0,10779.0,176.76274782
2019-08-19,10899.0,10270.0,10883.0,10884.0,10879.0,10887.0,221.885197
2019-08-18,10500.0,10080.0,10348.5,10352.0,10345.0,10352.0,51.24383225
2019-08-17,10447.0,9995.2,10233.5,10215.0,10232.0,10235.0,119.34706096
2019-08-16,10514.0,9761.0,10380.0,10381.0,10379.0,10381.0,409.1977336
2019-08-15,10446.0,9530.0,10312.0,10308.0,10305.0,10319.0,494.57249619
2019-08-14,10915.0,10105.0,10169.5,10169.0,10169.0,10170.0,630.6080558
2019-08-13,11452.0,10792.0,10920.5,10926.0,10917.0,10924.0,546.91995315
2019-08-12,11591.0,11249.0,11397.5,11411.0,11395.0,11400.0,303.81515926
2019-08-11,11559.0,11124.0,11515.5,11534.0,11511.0,11520.0,257.31127809
2019-08-10,11999.0,11248.0,11339.5,11341.0,11339.0,11340.0,1030.79756364
2019-08-09,12088.0,11668.0,11861.0,11862.0,11855.0,11867.0,927.47810076
2019-08-08,12027.0,11517.0,11946.5,11942.0,11943.0,11950.0,1041.7577898
2019-08-07,12164.0,11298.0,12003.5,12012.0,12003.0,12004.0,1664.95440226
2019-08-06,12309.0,11246.0,11370.5,11365.0,11364.0,11377.0,1661.95281039
2019-08-05,11930.0,10918.0,11792.5,11780.0,11789.0,11796.0,529.24346357
2019-08-04,11045.0,10554.0,10933.0,10937.0,10927.0,10939.0,1402.25489343
2019-08-03,10903.0,10513.0,10810.0,10815.0,10808.0,10812.0,239.89574742
2019-08-02,10655.0,10318.0,10517.5,10502.0,10512.0,10523.0,444.13271649
2019-08-01,10482.0,9882.3,10397.5,10397.0,10395.0,10400.0,414.65463532
2019-07-31,10116.0,9560.2,10025.5,10010.0,10022.0,10029.0,383.59213349
2019-07-30,9719.9,9401.6,9578.85,9593.7,9573.8,9583.9,141.61254499
2019-07-29,9719.8,9400.3,9537.05,9500.0,9533.9,9540.2,145.44242133
2019-07-28,9642.8,9164.8,9506.85,9500.0,9497.6,9516.1,233.44805111
2019-07-27,10181.0,9331.8,9466.4,9458.6,9460.8,9472.0,768.70932289
2019-07-26,9929.9,9650.0,9787.85,9782.8,9785.5,9790.2,119.47670855
2019-07-25,10183.0,9739.4,9909.3,9910.0,9902.9,9915.7,255.29918738
2019-07-24,10001.0,9550.0,9765.15,9765.0,9762.4,9767.9,142.90112455
2019-07-23,10359.0,9870.0,9916.5,9900.8,9908.8,9924.2,159.95148829
2019-07-22,10688.0,10077.0,10332.0,10305.0,10327.0,10337.0,419.45364074
2019-07-21,11058.0,10315.0,10543.0,10545.0,10539.0,10547.0,275.69129358
2019-07-20,11058.0,10383.0,10975.0,10952.0,10963.0,10987.0,533.65999587
2019-07-19,10770.0,10115.0,10530.0,10516.0,10525.0,10535.0,424.18875837
2019-07-18,9999.0,9292.5,9478.9,9474.1,9469.8,9488.0,417.73989498
2019-07-16,11058.0,9370.1,9464.85,9442.2,9452.9,9476.8,933.30266269
2019-07-15,11058.0,9860.0,11025.5,11058.0,11016.0,11035.0,769.26531992
2019-07-02,10930.0,9726.0,10785.5,10759.0,10779.0,10792.0,587.24551151113
2019-07-01,11204.0,10048.0,10615.0,10644.0,10609.0,10621.0,578.79553424208
2019-06-30,12210.0,10926.0,11016.0,11034.0,11009.0,11023.0,772.73788913261
2019-06-29,12493.0,11489.0,12002.0,12010.0,11996.0,12008.0,523.8495891542
2019-06-28,12493.0,10976.0,12470.5,12466.0,12462.0,12479.0,987.48168044016
2019-06-27,13401.0,10501.0,11452.5,11468.0,11435.0,11470.0,1326.4567346739
2019-06-26,13969.0,11691.0,12832.5,12848.0,12816.0,12849.0,1572.8110731218
2019-06-25,11760.0,11027.0,11720.5,11757.0,11712.0,11729.0,329.32185566
2019-06-24,11121.0,10599.0,11004.0,11045.0,10998.0,11010.0,1163.53603613
2019-06-23,11370.0,10553.0,10900.0,10908.0,10891.0,10909.0,628.60638283
2019-06-22,11169.0,9899.7,10762.0,10676.0,10750.0,10774.0,1743.48278005
2019-06-21,9941.1,9508.3,9930.2,9939.5,9926.0,9934.4,657.52670669
2019-06-20,9580.4,9183.1,9550.0,9569.1,9545.8,9554.2,405.46679792
2019-06-19,9300.0,9002.0,9287.45,9300.0,9282.2,9292.7,222.09222153
2019-06-18,9440.3,8957.3,8988.35,9002.0,8984.1,8992.6,530.90115234
2019-06-17,9440.3,8950.0,9345.5,9354.9,9332.4,9358.6,878.29794638
2019-06-16,9326.5,8776.8,9033.85,9048.6,9029.8,9037.9,891.74723111
2019-06-15,8850.0,8577.8,8826.3,8824.6,8823.5,8829.1,336.73512956
2019-06-14,8655.5,8116.1,8629.7,8621.7,8623.6,8635.8,325.24272003
2019-06-13,8302.4,8009.7,8230.2,8261.0,8222.2,8238.2,251.21261022
2019-06-12,8249.5,7800.4,8087.65,8118.6,8084.6,8090.7,527.55251321
2019-06-11,8011.3,7700.0,7894.75,7888.4,7891.9,7897.6,354.4687321
2019-06-10,8015.9,7525.4,7939.45,7942.7,7937.2,7941.7,369.83291332
2019-06-09,7939.3,7516.8,7592.2,7553.1,7585.4,7599.0,221.08747517
2019-06-08,8023.2,7787.1,7933.85,7939.3,7931.2,7936.5,133.27141291
2019-06-07,8089.2,7712.0,8025.2,8023.2,8024.4,8026.0,239.14696295
2019-06-06,7851.3,7455.3,7711.9,7734.8,7707.2,7716.6,204.01473436
2019-06-05,7881.3,7576.1,7767.6,7800.0,7764.6,7770.6,517.28952103
2019-06-04,8472.1,7486.5,7646.35,7644.6,7644.6,7648.1,1321.99577066
2019-06-03,8746.3,8343.6,8394.25,8402.0,8386.5,8402.0,356.00051098
2019-06-02,8800.0,8500.3,8741.45,8746.3,8737.4,8745.5,180.2201698
2019-06-01,8600.0,8451.7,8563.3,8578.4,8560.4,8566.2,102.76596903
2019-05-31,8537.9,8127.4,8540.75,8530.3,8538.6,8542.9,408.68817616
2019-05-30,9050.0,8009.7,8232.65,8244.8,8225.4,8239.9,1440.99470607
2019-05-29,8743.1,8400.0,8655.25,8670.5,8650.6,8659.9,234.82379435
2019-05-28,8822.0,8550.0,8687.8,8691.3,8683.1,8692.5,557.33224823
2019-05-27,8899.9,8578.3,8817.05,8800.0,8805.1,8829.0,1080.99057427
2019-05-26,8735.9,7857.8,8649.45,8645.9,8645.9,8653.0,2245.81880691
2019-05-25,8085.5,7904.0,8024.45,8033.4,8023.3,8025.6,848.74066512
2019-05-24,8125.2,7778.4,7969.15,7940.6,7960.5,7977.8,931.06173095
2019-05-23,7930.7,7467.8,7865.15,7867.2,7859.8,7870.5,367.00215722
2019-05-22,8000.0,7495.5,7689.05,7652.1,7683.3,7694.8,794.42148988
2019-05-21,8031.6,7789.4,7945.95,7950.0,7941.9,7950.0,255.55504418
2019-05-20,8221.7,7550.0,7917.8,7894.7,7903.5,7932.1,1046.60351704
2019-05-19,8212.8,7250.0,8187.35,8212.8,8162.9,8211.8,1151.81456186
2019-05-18,7450.0,7200.0,7252.65,7250.0,7242.7,7262.6,267.35955531
2019-05-17,7917.3,6934.3,7274.15,7279.7,7268.4,7279.9,1725.32830325
2019-05-16,8304.8,7704.3,7845.45,7848.8,7838.2,7852.7,1557.32122294
2019-05-15,8219.1,7845.6,8162.95,8131.4,8150.3,8175.6,339.72726164
2019-05-14,8299.9,7636.5,7911.8,7960.2,7900.7,7922.9,3054.46523886
2019-05-13,8076.7,6875.8,7683.4,7712.1,7654.7,7712.1,5703.45779326
2019-05-12,7479.0,6790.6,6886.35,6882.0,6878.5,6894.2,3323.79606092
2019-05-11,7283.6,6383.0,7234.85,7252.0,7217.7,7252.0,2019.78691001
2019-05-10,6458.9,6131.6,6400.7,6403.9,6396.8,6404.6,226.04872195
2019-05-09,6190.8,5913.1,6172.2,6190.8,6167.6,6176.8,142.05300921
2019-05-08,5987.5,5777.4,5978.95,5983.6,5976.5,5981.4,185.85679865
2019-05-07,6010.0,5745.7,5962.4,5950.3,5954.9,5969.9,1001.1538297
2019-05-06,5807.6,5642.2,5754.3,5772.2,5752.7,5755.9,97.75018209
2019-05-05,5874.2,5719.7,5786.0,5792.3,5784.1,5787.9,26.92527696
2019-05-04,5925.0,5610.9,5837.3,5831.3,5831.7,5842.9,382.56014417
2019-05-03,5841.2,5479.8,5759.85,5770.3,5758.2,5761.5,338.46157997
2019-05-02,5536.2,5372.5,5502.6,5489.5,5499.9,5505.3,83.58858
2019-05-01,5395.0,5311.1,5378.55,5370.8,5376.8,5380.3,13.12292847
2019-04-30,5347.3,5199.2,5318.5,5325.3,5315.0,5322.0,43.67979029
2019-04-29,5333.3,5196.4,5240.45,5226.6,5239.3,5241.6,23.72638967
2019-04-28,5355.8,5276.5,5303.7,5305.6,5301.7,5305.7,44.28573738
2019-04-27,5340.0,5262.8,5321.9,5329.2,5319.1,5324.7,158.07989702
2019-04-26,5507.9,5170.1,5293.4,5289.6,5292.4,5294.4,611.43550139
2019-04-25,5479.0,5048.2,5195.2,5187.0,5188.7,5201.7,335.90979084
2019-04-24,5589.9,5336.3,5397.4,5403.4,5395.7,5399.1,280.80847574
2019-04-23,5597.5,5337.6,5530.8,5530.9,5527.1,5534.5,105.75765808
2019-04-22,5395.9,5213.3,5361.3,5374.6,5359.2,5363.4,67.06084942
2019-04-21,5304.5,5186.3,5240.5,5244.9,5237.5,5243.5,111.79139551
2019-04-20,5321.0,5240.2,5274.85,5240.2,5269.9,5279.8,9.46314614
2019-04-19,5320.2,5182.7,5252.6,5253.9,5249.7,5255.5,8.04118374
2019-04-18,5284.7,5202.8,5252.0,5252.8,5244.7,5259.3,18.62759507
2019-04-17,5220.4,5163.7,5187.85,5208.3,5185.2,5190.5,45.37759316
2019-04-16,5200.7,5014.0,5168.0,5175.2,5164.7,5171.3,53.63828453
2019-04-15,5153.0,4977.6,5056.35,5030.1,5054.1,5058.6,67.85981086
2019-04-14,5158.6,5033.5,5126.2,5125.0,5121.5,5130.9,13.87567435
2019-04-13,5080.6,5023.5,5055.95,5050.0,5053.0,5058.9,17.87706752
2019-04-12,5062.3,4880.3,5060.55,5062.3,5057.1,5064.0,177.79608166
2019-04-11,5329.8,4955.1,5018.6,4971.6,5016.1,5021.1,159.09805338
2019-04-10,5396.0,5152.6,5283.2,5263.9,5280.1,5286.3,80.05511047
2019-04-09,5233.8,5103.4,5168.45,5157.7,5165.1,5171.8,71.59847389
2019-04-08,5297.4,5049.3,5212.05,5222.0,5207.9,5216.2,1025.29155927
2019-04-07,5227.2,5027.1,5181.55,5182.8,5178.3,5184.8,60.81370555
2019-04-06,5196.8,4910.7,5043.3,5032.4,5039.3,5047.3,78.42992967
2019-04-05,5032.2,4888.2,5001.35,4981.0,4997.7,5005.0,17.10452543
2019-04-04,5044.5,4764.8,4896.05,4899.1,4891.2,4900.9,47.97215391
2019-04-03,5283.3,4764.8,4867.55,4853.7,4853.7,4881.4,176.5612348
2019-04-02,4912.4,4148.8,4856.95,4867.5,4846.5,4867.4,346.46832251
2019-04-01,4150.6,4065.3,4149.4,4141.8,4148.2,4150.6,8.25089129
2019-03-31,4104.9,4088.4,4105.8,4102.4,4104.4,4107.2,1.08310926
2019-03-30,4121.7,4052.4,4105.4,4080.2,4102.4,4108.4,104.92682733
2019-03-29,4117.5,4026.3,4096.95,4091.7,4095.0,4098.9,12.487572
2019-03-28,4030.8,4012.7,4023.75,4026.3,4021.5,4026.0,10.13182055
2019-03-27,4039.7,3944.9,4032.55,4027.1,4029.9,4035.2,60.46754653
2019-03-26,3945.1,3906.0,3932.95,3940.2,3930.3,3935.6,8.20304099
2019-03-25,3994.4,3888.8,3935.15,3936.4,3933.9,3936.4,39.58120577
2019-03-24,3998.1,3963.8,3990.75,3978.1,3989.1,3992.4,8.04523303
2019-03-23,4010.0,3984.9,4001.95,3998.1,3999.9,4004.0,1.65574769
2019-03-22,4000.0,3978.1,3993.5,3987.7,3992.4,3994.6,42.00707913
2019-03-21,4052.6,3915.9,3982.35,3983.7,3982.0,3982.7,161.27090278
2019-03-20,4043.9,3985.2,4033.75,4034.3,4030.6,4036.9,24.7982498
2019-03-19,4017.4,3979.4,4009.85,4015.6,4008.0,4011.7,20.9642934
2019-03-18,4028.7,3961.9,3991.05,3991.0,3989.4,3992.7,12.73427897
2019-03-17,4004.3,3970.0,3985.45,3986.5,3983.6,3987.3,24.24439014
2019-03-16,4044.6,3926.2,4006.0,3994.0,4003.5,4008.5,16.56196526
2019-03-15,3932.9,3886.6,3920.7,3927.9,3918.5,3922.9,8.24896939
2019-03-14,3897.0,3800.9,3875.75,3870.8,3873.7,3877.8,33.16404045
2019-03-13,3889.1,3846.1,3865.2,3861.9,3862.6,3867.8,9.11779055
2019-03-12,3900.7,3821.9,3886.65,3881.3,3885.1,3888.2,46.99700026
2019-03-11,3907.7,3850.0,3872.4,3864.1,3869.6,3875.2,8.65373491
