DATETIME,PRICE_CONTRACT,PRICE,FORWARD,CARRY,CARRY_CONTRACT,FORWARD_CONTRACT
2014/01/02 00:00:00,20140500,6080,,,,
2014/01/03 00:00:00,20140500,6110,,,,
2014/01/06 00:00:00,20140500,6054,,,,
2014/01/07 00:00:00,20140500,5992,,,,
2014/01/08 00:00:00,20140500,5920,,,,
2014/01/09 00:00:00,20140500,5800,,,,
2014/01/10 00:00:00,20140500,5832,,,,
2014/01/13 00:00:00,20140500,5862,,,,
2014/01/14 00:00:00,20140500,5806,,,,
2014/01/15 00:00:00,20140500,5830,,,,
2014/01/16 00:00:00,20140500,5818,,,,
2014/01/17 00:00:00,20140500,5830,,,,
2014/01/20 00:00:00,20140500,5806,,,,
2014/01/21 00:00:00,20140500,5910,,,,
2014/01/22 00:00:00,20140500,5880,,,,
2014/01/23 00:00:00,20140500,5854,,,,
2014/01/24 00:00:00,20140500,5860,,,,
2014/01/27 00:00:00,20140500,5840,,,,
2014/01/28 00:00:00,20140500,5744,,,,
2014/01/29 00:00:00,20140500,5694,,,,
2014/01/30 00:00:00,20140500,5662,,,,
2014/02/07 00:00:00,20140500,5780,,,,
2014/02/10 00:00:00,20140500,5790,,,,
2014/02/11 00:00:00,20140500,5886,,,,
2014/02/12 00:00:00,20140500,5868,,,,
2014/02/13 00:00:00,20140500,5906,,,,
2014/02/14 00:00:00,20140500,5976,,,,
2014/02/17 00:00:00,20140500,5976,,,,
2014/02/18 00:00:00,20140500,6028,,,,
2014/02/19 00:00:00,20140500,6120,,,,
2014/02/20 00:00:00,20140500,6092,,,,
2014/02/21 00:00:00,20140500,6140,,,,
2014/02/24 00:00:00,20140500,6120,,,,
2014/02/25 00:00:00,20140500,6120,6208.0,,,
2014/02/26 00:00:00,20140900,6200,,,,
2014/02/27 00:00:00,20140900,6300,,,,
2014/02/28 00:00:00,20140900,6240,,,,
2014/03/03 00:00:00,20140900,6268,,,,
2014/03/04 00:00:00,20140900,6276,,,,
2014/03/05 00:00:00,20140900,6322,,,,
2014/03/06 00:00:00,20140900,6340,,,,
2014/03/07 00:00:00,20140900,6410,,,,
2014/03/10 00:00:00,20140900,6406,,,,
2014/03/11 00:00:00,20140900,6344,,,,
2014/03/12 00:00:00,20140900,6448,,,,
2014/03/13 00:00:00,20140900,6392,,,,
2014/03/14 00:00:00,20140900,6368,,,,
2014/03/17 00:00:00,20140900,6248,,,,
2014/03/18 00:00:00,20140900,6194,,,,
2014/03/19 00:00:00,20140900,6230,,,,
2014/03/20 00:00:00,20140900,6248,,,,
2014/03/21 00:00:00,20140900,6122,,,,
2014/03/24 00:00:00,20140900,6140,,,,
2014/03/25 00:00:00,20140900,6122,,,,
2014/03/26 00:00:00,20140900,6126,,,,
2014/03/27 00:00:00,20140900,6172,,,,
2014/03/28 00:00:00,20140900,6184,,,,
2014/03/31 00:00:00,20140900,6162,,,,
2014/04/01 00:00:00,20140900,6180,,,,
2014/04/02 00:00:00,20140900,6266,,,,
2014/04/03 00:00:00,20140900,6230,,,,
2014/04/04 00:00:00,20140900,6246,,,,
2014/04/08 00:00:00,20140900,6200,,,,
2014/04/09 00:00:00,20140900,6260,,,,
2014/04/10 00:00:00,20140900,6250,,,,
2014/04/11 00:00:00,20140900,6146,,,,
2014/04/14 00:00:00,20140900,6088,,,,
2014/04/15 00:00:00,20140900,6108,,,,
2014/04/16 00:00:00,20140900,6124,,,,
2014/04/17 00:00:00,20140900,6250,,,,
2014/04/18 00:00:00,20140900,6192,,,,
2014/04/21 00:00:00,20140900,6192,,,,
2014/04/22 00:00:00,20140900,6138,,,,
2014/04/23 00:00:00,20140900,6156,,,,
2014/04/24 00:00:00,20140900,6138,,,,
2014/04/25 00:00:00,20140900,6160,,,,
2014/04/28 00:00:00,20140900,6186,,,,
2014/04/29 00:00:00,20140900,6150,,,,
2014/04/30 00:00:00,20140900,6166,,,,
2014/05/05 00:00:00,20140900,6070,,,,
2014/05/06 00:00:00,20140900,5986,,,,
2014/05/07 00:00:00,20140900,5972,,,,
2014/05/08 00:00:00,20140900,6008,,,,
2014/05/09 00:00:00,20140900,5996,,,,
2014/05/12 00:00:00,20140900,5996,,,,
2014/05/13 00:00:00,20140900,5952,,,,
2014/05/14 00:00:00,20140900,6030,,,,
2014/05/15 00:00:00,20140900,6026,,,,
2014/05/16 00:00:00,20140900,6022,,,,
2014/05/19 00:00:00,20140900,5974,,,,
2014/05/20 00:00:00,20140900,5922,,,,
2014/05/21 00:00:00,20140900,5874,,,,
2014/05/22 00:00:00,20140900,5918,,,,
2014/05/23 00:00:00,20140900,5928,,,,
2014/05/26 00:00:00,20140900,5916,,,,
2014/05/27 00:00:00,20140900,5900,,,,
2014/05/28 00:00:00,20140900,5870,,,,
2014/05/29 00:00:00,20140900,5928,,,,
2014/05/30 00:00:00,20140900,5896,,,,
2014/06/03 00:00:00,20140900,5828,,,,
2014/06/04 00:00:00,20140900,5800,,,,
2014/06/05 00:00:00,20140900,5876,,,,
2014/06/06 00:00:00,20140900,5826,,,,
2014/06/09 00:00:00,20140900,5844,,,,
2014/06/10 00:00:00,20140900,5858,,,,
2014/06/11 00:00:00,20140900,5830,,,,
2014/06/12 00:00:00,20140900,5750,,,,
2014/06/13 00:00:00,20140900,5788,5894.0,,,
2014/06/16 00:00:00,20150100,5944,,,,
2014/06/17 00:00:00,20150100,5896,,,,
2014/06/18 00:00:00,20150100,5878,,,,
2014/06/19 00:00:00,20150100,5930,,,,
2014/06/20 00:00:00,20150100,5910,,,,
2014/06/23 00:00:00,20150100,5938,,,,
2014/06/24 00:00:00,20150100,6032,,,,
2014/06/25 00:00:00,20150100,6064,,,,
2014/06/26 00:00:00,20150100,6052,,,,
2014/06/27 00:00:00,20150100,6040,,,,
2014/06/30 00:00:00,20150100,5968,,,,
2014/07/01 00:00:00,20150100,5796,,,,
2014/07/02 00:00:00,20150100,5810,,,,
2014/07/03 00:00:00,20150100,5800,,,,
2014/07/04 00:00:00,20150100,5792,,,,
2014/07/07 00:00:00,20150100,5794,,,,
2014/07/08 00:00:00,20150100,5798,,,,
2014/07/09 00:00:00,20150100,5820,,,,
2014/07/10 00:00:00,20150100,5784,,,,
2014/07/11 00:00:00,20150100,5836,,,,
2014/07/14 00:00:00,20150100,5828,,,,
2014/07/15 00:00:00,20150100,5716,,,,
2014/07/16 00:00:00,20150100,5686,,,,
2014/07/17 00:00:00,20150100,5708,,,,
2014/07/18 00:00:00,20150100,5716,,,,
2014/07/21 00:00:00,20150100,5696,,,,
2014/07/22 00:00:00,20150100,5688,,,,
2014/07/23 00:00:00,20150100,5632,,,,
2014/07/24 00:00:00,20150100,5596,,,,
2014/07/25 00:00:00,20150100,5628,,,,
2014/07/28 00:00:00,20150100,5652,,,,
2014/07/29 00:00:00,20150100,5606,,,,
2014/07/30 00:00:00,20150100,5642,,,,
2014/07/31 00:00:00,20150100,5630,,,,
2014/08/01 00:00:00,20150100,5640,,,,
2014/08/04 00:00:00,20150100,5646,,,,
2014/08/05 00:00:00,20150100,5630,,,,
2014/08/06 00:00:00,20150100,5632,,,,
2014/08/07 00:00:00,20150100,5612,,,,
2014/08/08 00:00:00,20150100,5626,,,,
2014/08/11 00:00:00,20150100,5628,,,,
2014/08/12 00:00:00,20150100,5570,,,,
2014/08/13 00:00:00,20150100,5578,,,,
2014/08/14 00:00:00,20150100,5566,,,,
2014/08/15 00:00:00,20150100,5448,,,,
2014/08/18 00:00:00,20150100,5372,,,,
2014/08/19 00:00:00,20150100,5296,,,,
2014/08/20 00:00:00,20150100,5286,,,,
2014/08/21 00:00:00,20150100,5236,,,,
2014/08/22 00:00:00,20150100,5250,,,,
2014/08/25 00:00:00,20150100,5212,,,,
2014/08/26 00:00:00,20150100,5208,,,,
2014/08/27 00:00:00,20150100,5178,,,,
2014/08/28 00:00:00,20150100,5186,,,,
2014/08/29 00:00:00,20150100,5194,,,,
2014/09/01 00:00:00,20150100,5148,,,,
2014/09/02 00:00:00,20150100,5160,,,,
2014/09/03 00:00:00,20150100,5188,,,,
2014/09/04 00:00:00,20150100,5202,,,,
2014/09/05 00:00:00,20150100,5250,,,,
2014/09/09 00:00:00,20150100,5230,,,,
2014/09/10 00:00:00,20150100,5192,,,,
2014/09/11 00:00:00,20150100,5142,,,,
2014/09/12 00:00:00,20150100,5182,,,,
2014/09/15 00:00:00,20150100,5210,,,,
2014/09/16 00:00:00,20150100,5216,,,,
2014/09/17 00:00:00,20150100,5228,,,,
2014/09/18 00:00:00,20150100,5258,,,,
2014/09/19 00:00:00,20150100,5252,,,,
2014/09/22 00:00:00,20150100,5172,,,,
2014/09/23 00:00:00,20150100,5084,,,,
2014/09/24 00:00:00,20150100,5126,,,,
2014/09/25 00:00:00,20150100,5170,,,,
2014/09/26 00:00:00,20150100,5270,,,,
2014/09/29 00:00:00,20150100,5170,,,,
2014/09/30 00:00:00,20150100,5188,,,,
2014/10/08 00:00:00,20150100,5234,,,,
2014/10/09 00:00:00,20150100,5242,,,,
2014/10/10 00:00:00,20150100,5260,,,,
2014/10/13 00:00:00,20150100,5222,,,,
2014/10/14 00:00:00,20150100,5200,,,,
2014/10/15 00:00:00,20150100,5258,,,,
2014/10/16 00:00:00,20150100,5220,,,,
2014/10/17 00:00:00,20150100,5170,,,,
2014/10/20 00:00:00,20150100,5200,,,,
2014/10/21 00:00:00,20150100,5142,,,,
2014/10/22 00:00:00,20150100,5124,,,,
2014/10/23 00:00:00,20150100,5158,,,,
2014/10/24 00:00:00,20150100,5170,,,,
2014/10/27 00:00:00,20150100,5172,,,,
2014/10/28 00:00:00,20150100,5130,,,,
2014/10/29 00:00:00,20150100,5178,,,,
2014/10/30 00:00:00,20150100,5316,,,,
2014/10/31 00:00:00,20150100,5342,,,,
2014/11/03 00:00:00,20150100,5374,,,,
2014/11/04 00:00:00,20150100,5410,,,,
2014/11/05 00:00:00,20150100,5316,5240.0,,,
2014/11/06 00:00:00,20150500,5268,,,,
2014/11/07 00:00:00,20150500,5260,,,,
2014/11/10 00:00:00,20150500,5300,,,,
2014/11/11 00:00:00,20150500,5388,,,,
2014/11/12 00:00:00,20150500,5380,,,,
2014/11/13 00:00:00,20150500,5410,,,,
2014/11/14 00:00:00,20150500,5352,,,,
2014/11/17 00:00:00,20150500,5320,,,,
2014/11/18 00:00:00,20150500,5346,,,,
2014/11/19 00:00:00,20150500,5366,,,,
2014/11/20 00:00:00,20150500,5340,,,,
2014/11/21 00:00:00,20150500,5296,,,,
2014/11/24 00:00:00,20150500,5356,,,,
2014/11/25 00:00:00,20150500,5298,,,,
2014/11/26 00:00:00,20150500,5338,,,,
2014/11/27 00:00:00,20150500,5330,,,,
2014/11/28 00:00:00,20150500,5308,,,,
2014/12/01 00:00:00,20150500,5208,,,,
2014/12/02 00:00:00,20150500,5060,,,,
2014/12/03 00:00:00,20150500,5050,,,,
2014/12/04 00:00:00,20150500,5062,,,,
2014/12/05 00:00:00,20150500,5020,,,,
2014/12/08 00:00:00,20150500,5046,,,,
2014/12/09 00:00:00,20150500,5022,,,,
2014/12/10 00:00:00,20150500,5002,,,,
2014/12/11 00:00:00,20150500,5048,,,,
2014/12/12 00:00:00,20150500,5030,,,,
2014/12/15 00:00:00,20150500,5004,,,,
2014/12/16 00:00:00,20150500,5022,,,,
2014/12/17 00:00:00,20150500,4928,,,,
2014/12/18 00:00:00,20150500,4940,,,,
2014/12/19 00:00:00,20150500,4950,,,,
2014/12/22 00:00:00,20150500,4924,,,,
2014/12/23 00:00:00,20150500,4950,,,,
2014/12/24 00:00:00,20150500,4938,,,,
2014/12/25 00:00:00,20150500,4922,,,,
2014/12/26 00:00:00,20150500,4938,,,,
2014/12/29 00:00:00,20150500,4952,,,,
2014/12/30 00:00:00,20150500,5066,,,,
2014/12/31 00:00:00,20150500,5068,,,,
2015/01/05 00:00:00,20150500,5048,,,,
2015/01/06 00:00:00,20150500,5000,,,,
2015/01/07 00:00:00,20150500,5040,,,,
2015/01/08 00:00:00,20150500,5070,,,,
2015/01/09 00:00:00,20150500,5086,,,,
2015/01/12 00:00:00,20150500,5050,,,,
2015/01/13 00:00:00,20150500,5058,,,,
2015/01/14 00:00:00,20150500,4986,,,,
2015/01/15 00:00:00,20150500,4926,,,,
2015/01/16 00:00:00,20150500,4956,,,,
2015/01/19 00:00:00,20150500,4936,,,,
2015/01/20 00:00:00,20150500,4880,,,,
2015/01/21 00:00:00,20150500,4888,,,,
2015/01/22 00:00:00,20150500,4870,,,,
2015/01/23 00:00:00,20150500,4890,,,,
2015/01/26 00:00:00,20150500,4852,,,,
2015/01/27 00:00:00,20150500,4840,,,,
2015/01/28 00:00:00,20150500,4834,,,,
2015/01/29 00:00:00,20150500,4814,,,,
2015/01/30 00:00:00,20150500,4722,,,,
2015/02/02 00:00:00,20150500,4680,,,,
2015/02/03 00:00:00,20150500,4718,,,,
2015/02/04 00:00:00,20150500,4740,,,,
2015/02/05 00:00:00,20150500,4778,,,,
2015/02/06 00:00:00,20150500,4888,,,,
2015/02/09 00:00:00,20150500,4930,,,,
2015/02/10 00:00:00,20150500,4892,,,,
2015/02/11 00:00:00,20150500,4912,,,,
2015/02/12 00:00:00,20150500,4918,,,,
2015/02/13 00:00:00,20150500,4902,,,,
2015/02/16 00:00:00,20150500,4990,,,,
2015/02/17 00:00:00,20150500,5002,,,,
2015/02/25 00:00:00,20150500,4976,,,,
2015/02/26 00:00:00,20150500,4952,,,,
2015/02/27 00:00:00,20150500,4974,,,,
2015/03/02 00:00:00,20150500,5100,,,,
2015/03/03 00:00:00,20150500,5164,,,,
2015/03/04 00:00:00,20150500,5124,4998.0,,,
2015/03/05 00:00:00,20150900,4990,,,,
2015/03/06 00:00:00,20150900,4900,,,,
2015/03/09 00:00:00,20150900,4830,,,,
2015/03/10 00:00:00,20150900,4804,,,,
2015/03/11 00:00:00,20150900,4744,,,,
2015/03/12 00:00:00,20150900,4754,,,,
2015/03/13 00:00:00,20150900,4742,,,,
2015/03/16 00:00:00,20150900,4724,,,,
2015/03/17 00:00:00,20150900,4660,,,,
2015/03/18 00:00:00,20150900,4602,,,,
2015/03/19 00:00:00,20150900,4652,,,,
2015/03/20 00:00:00,20150900,4730,,,,
2015/03/23 00:00:00,20150900,4650,,,,
2015/03/24 00:00:00,20150900,4730,,,,
2015/03/25 00:00:00,20150900,4740,,,,
2015/03/26 00:00:00,20150900,4752,,,,
2015/03/27 00:00:00,20150900,4750,,,,
2015/03/30 00:00:00,20150900,4700,,,,
2015/03/31 00:00:00,20150900,4680,,,,
2015/04/01 00:00:00,20150900,4626,,,,
2015/04/02 00:00:00,20150900,4650,,,,
2015/04/03 00:00:00,20150900,4652,,,,
2015/04/07 00:00:00,20150900,4706,,,,
2015/04/08 00:00:00,20150900,4726,,,,
2015/04/09 00:00:00,20150900,4696,,,,
2015/04/10 00:00:00,20150900,4630,,,,
2015/04/13 00:00:00,20150900,4644,,,,
2015/04/14 00:00:00,20150900,4670,,,,
2015/04/15 00:00:00,20150900,4666,,,,
2015/04/16 00:00:00,20150900,4704,,,,
2015/04/17 00:00:00,20150900,4742,,,,
2015/04/20 00:00:00,20150900,4752,,,,
2015/04/21 00:00:00,20150900,4824,,,,
2015/04/22 00:00:00,20150900,4912,,,,
2015/04/23 00:00:00,20150900,4902,,,,
2015/04/24 00:00:00,20150900,4898,,,,
2015/04/27 00:00:00,20150900,4870,,,,
2015/04/28 00:00:00,20150900,4886,,,,
2015/04/29 00:00:00,20150900,4870,,,,
2015/04/30 00:00:00,20150900,4860,,,,
2015/05/04 00:00:00,20150900,4870,,,,
2015/05/05 00:00:00,20150900,4990,,,,
2015/05/06 00:00:00,20150900,5070,,,,
2015/05/07 00:00:00,20150900,5154,,,,
2015/05/08 00:00:00,20150900,5098,,,,
2015/05/11 00:00:00,20150900,5032,,,,
2015/05/12 00:00:00,20150900,5106,,,,
2015/05/13 00:00:00,20150900,5122,,,,
2015/05/14 00:00:00,20150900,5114,,,,
2015/05/15 00:00:00,20150900,5124,,,,
2015/05/18 00:00:00,20150900,5110,,,,
2015/05/19 00:00:00,20150900,5096,,,,
2015/05/20 00:00:00,20150900,5000,,,,
2015/05/21 00:00:00,20150900,4910,,,,
2015/05/22 00:00:00,20150900,4936,,,,
2015/05/25 00:00:00,20150900,4898,,,,
2015/05/26 00:00:00,20150900,4930,,,,
2015/05/27 00:00:00,20150900,5054,,,,
2015/05/28 00:00:00,20150900,5060,,,,
2015/05/29 00:00:00,20150900,5138,,,,
2015/06/01 00:00:00,20150900,5130,,,,
2015/06/02 00:00:00,20150900,5238,,,,
2015/06/03 00:00:00,20150900,5202,5318.0,,,
2015/06/04 00:00:00,20160100,5336,,,,
2015/06/05 00:00:00,20160100,5340,,,,
2015/06/08 00:00:00,20160100,5372,,,,
2015/06/09 00:00:00,20160100,5334,,,,
2015/06/10 00:00:00,20160100,5286,,,,
2015/06/11 00:00:00,20160100,5268,,,,
2015/06/12 00:00:00,20160100,5244,,,,
2015/06/15 00:00:00,20160100,5162,,,,
2015/06/16 00:00:00,20160100,5128,,,,
2015/06/17 00:00:00,20160100,5198,,,,
2015/06/18 00:00:00,20160100,5192,,,,
2015/06/19 00:00:00,20160100,5076,,,,
2015/06/23 00:00:00,20160100,5146,,,,
2015/06/24 00:00:00,20160100,5070,,,,
2015/06/25 00:00:00,20160100,5166,,,,
2015/06/26 00:00:00,20160100,5168,,,,
2015/06/29 00:00:00,20160100,5170,,,,
2015/06/30 00:00:00,20160100,5120,,,,
2015/07/01 00:00:00,20160100,5010,,,,
2015/07/02 00:00:00,20160100,5152,,,,
2015/07/03 00:00:00,20160100,5104,,,,
2015/07/06 00:00:00,20160100,5118,,,,
2015/07/07 00:00:00,20160100,4986,,,,
2015/07/08 00:00:00,20160100,4916,,,,
2015/07/09 00:00:00,20160100,4700,,,,
2015/07/10 00:00:00,20160100,4842,,,,
2015/07/13 00:00:00,20160100,4882,,,,
2015/07/14 00:00:00,20160100,4870,,,,
2015/07/15 00:00:00,20160100,4930,,,,
2015/07/16 00:00:00,20160100,4892,,,,
2015/07/17 00:00:00,20160100,4882,,,,
2015/07/20 00:00:00,20160100,4820,,,,
2015/07/21 00:00:00,20160100,4890,,,,
2015/07/22 00:00:00,20160100,4970,,,,
2015/07/23 00:00:00,20160100,4920,,,,
2015/07/24 00:00:00,20160100,4876,,,,
2015/07/27 00:00:00,20160100,4850,,,,
2015/07/28 00:00:00,20160100,4722,,,,
2015/07/29 00:00:00,20160100,4756,,,,
2015/07/30 00:00:00,20160100,4750,,,,
2015/07/31 00:00:00,20160100,4790,,,,
2015/08/03 00:00:00,20160100,4736,,,,
2015/08/04 00:00:00,20160100,4606,,,,
2015/08/05 00:00:00,20160100,4660,,,,
2015/08/06 00:00:00,20160100,4640,,,,
2015/08/07 00:00:00,20160100,4580,,,,
2015/08/10 00:00:00,20160100,4560,,,,
2015/08/11 00:00:00,20160100,4560,,,,
2015/08/12 00:00:00,20160100,4620,,,,
2015/08/13 00:00:00,20160100,4670,,,,
2015/08/14 00:00:00,20160100,4614,,,,
2015/08/17 00:00:00,20160100,4574,,,,
2015/08/18 00:00:00,20160100,4622,,,,
2015/08/19 00:00:00,20160100,4578,,,,
2015/08/20 00:00:00,20160100,4544,,,,
2015/08/21 00:00:00,20160100,4476,,,,
2015/08/24 00:00:00,20160100,4424,,,,
2015/08/25 00:00:00,20160100,4180,,,,
2015/08/26 00:00:00,20160100,4216,,,,
2015/08/27 00:00:00,20160100,4134,,,,
2015/08/28 00:00:00,20160100,4216,,,,
2015/08/31 00:00:00,20160100,4310,,,,
2015/09/01 00:00:00,20160100,4240,,,,
2015/09/02 00:00:00,20160100,4300,,,,
2015/09/07 00:00:00,20160100,4232,,,,
2015/09/08 00:00:00,20160100,4252,,,,
2015/09/09 00:00:00,20160100,4310,,,,
2015/09/10 00:00:00,20160100,4336,,,,
2015/09/11 00:00:00,20160100,4356,,,,
2015/09/14 00:00:00,20160100,4308,,,,
2015/09/15 00:00:00,20160100,4358,,,,
2015/09/16 00:00:00,20160100,4294,,,,
2015/09/17 00:00:00,20160100,4318,,,,
2015/09/18 00:00:00,20160100,4252,,,,
2015/09/21 00:00:00,20160100,4240,,,,
2015/09/22 00:00:00,20160100,4300,,,,
2015/09/23 00:00:00,20160100,4260,,,,
2015/09/24 00:00:00,20160100,4332,,,,
2015/09/25 00:00:00,20160100,4382,,,,
2015/09/28 00:00:00,20160100,4548,,,,
2015/09/29 00:00:00,20160100,4528,,,,
2015/09/30 00:00:00,20160100,4458,,,,
2015/10/08 00:00:00,20160100,4478,,,,
2015/10/09 00:00:00,20160100,4488,,,,
2015/10/12 00:00:00,20160100,4510,,,,
2015/10/13 00:00:00,20160100,4598,,,,
2015/10/14 00:00:00,20160100,4660,,,,
2015/10/15 00:00:00,20160100,4668,,,,
2015/10/16 00:00:00,20160100,4636,,,,
2015/10/19 00:00:00,20160100,4610,,,,
2015/10/20 00:00:00,20160100,4540,,,,
2015/10/21 00:00:00,20160100,4526,,,,
2015/10/22 00:00:00,20160100,4548,,,,
2015/10/23 00:00:00,20160100,4620,,,,
2015/10/26 00:00:00,20160100,4560,,,,
2015/10/27 00:00:00,20160100,4438,,,,
2015/10/28 00:00:00,20160100,4454,,,,
2015/10/29 00:00:00,20160100,4430,,,,
2015/10/30 00:00:00,20160100,4440,,,,
2015/11/02 00:00:00,20160100,4394,,,,
2015/11/03 00:00:00,20160100,4398,,,,
2015/11/04 00:00:00,20160100,4328,,,,
2015/11/05 00:00:00,20160100,4386,,,,
2015/11/06 00:00:00,20160100,4344,,,,
2015/11/09 00:00:00,20160100,4264,,,,
2015/11/10 00:00:00,20160100,4274,,,,
2015/11/11 00:00:00,20160100,4244,,,,
2015/11/12 00:00:00,20160100,4166,,,,
2015/11/13 00:00:00,20160100,4178,,,,
2015/11/16 00:00:00,20160100,4130,,,,
2015/11/17 00:00:00,20160100,4150,,,,
2015/11/18 00:00:00,20160100,4162,,,,
2015/11/19 00:00:00,20160100,4164,,,,
2015/11/20 00:00:00,20160100,4088,,,,
2015/11/23 00:00:00,20160100,4100,,,,
2015/11/24 00:00:00,20160100,4100,,,,
2015/11/25 00:00:00,20160100,4196,,,,
2015/11/26 00:00:00,20160100,4190,4548.0,,,
2015/11/27 00:00:00,20160500,4560,,,,
2015/11/30 00:00:00,20160500,4620,,,,
2015/12/01 00:00:00,20160500,4592,,,,
2015/12/02 00:00:00,20160500,4636,,,,
2015/12/03 00:00:00,20160500,4660,,,,
2015/12/04 00:00:00,20160500,4648,,,,
2015/12/07 00:00:00,20160500,4660,,,,
2015/12/08 00:00:00,20160500,4798,,,,
2015/12/09 00:00:00,20160500,4672,,,,
2015/12/10 00:00:00,20160500,4642,,,,
2015/12/11 00:00:00,20160500,4650,,,,
2015/12/14 00:00:00,20160500,4732,,,,
2015/12/15 00:00:00,20160500,4672,,,,
2015/12/16 00:00:00,20160500,4668,,,,
2015/12/17 00:00:00,20160500,4646,,,,
2015/12/18 00:00:00,20160500,4562,,,,
2015/12/21 00:00:00,20160500,4580,,,,
2015/12/22 00:00:00,20160500,4686,,,,
2015/12/23 00:00:00,20160500,4722,,,,
2015/12/24 00:00:00,20160500,4740,,,,
2015/12/25 00:00:00,20160500,4696,,,,
2015/12/28 00:00:00,20160500,4738,,,,
2015/12/29 00:00:00,20160500,4632,,,,
2015/12/30 00:00:00,20160500,4796,,,,
2015/12/31 00:00:00,20160500,4848,,,,
2016/01/04 00:00:00,20160500,4850,,,,
2016/01/05 00:00:00,20160500,4790,,,,
2016/01/06 00:00:00,20160500,4830,,,,
2016/01/07 00:00:00,20160500,4732,,,,
2016/01/08 00:00:00,20160500,4730,,,,
2016/01/11 00:00:00,20160500,4740,,,,
2016/01/12 00:00:00,20160500,4680,,,,
2016/01/13 00:00:00,20160500,4634,,,,
2016/01/14 00:00:00,20160500,4660,,,,
2016/01/15 00:00:00,20160500,4626,,,,
2016/01/18 00:00:00,20160500,4646,,,,
2016/01/19 00:00:00,20160500,4690,,,,
2016/01/20 00:00:00,20160500,4718,,,,
2016/01/21 00:00:00,20160500,4632,,,,
2016/01/22 00:00:00,20160500,4562,,,,
2016/01/25 00:00:00,20160500,4650,,,,
2016/01/26 00:00:00,20160500,4648,,,,
2016/01/27 00:00:00,20160500,4700,,,,
2016/01/28 00:00:00,20160500,4748,,,,
2016/01/29 00:00:00,20160500,4740,,,,
2016/02/01 00:00:00,20160500,4702,,,,
2016/02/02 00:00:00,20160500,4714,,,,
2016/02/03 00:00:00,20160500,4780,,,,
2016/02/04 00:00:00,20160500,4770,,,,
2016/02/05 00:00:00,20160500,4790,,,,
2016/02/15 00:00:00,20160500,4930,,,,
2016/02/16 00:00:00,20160500,4980,,,,
2016/02/17 00:00:00,20160500,4974,,,,
2016/02/18 00:00:00,20160500,4990,,,,
2016/02/19 00:00:00,20160500,5006,,,,
2016/02/22 00:00:00,20160500,5000,,,,
2016/02/23 00:00:00,20160500,5044,,,,
2016/02/24 00:00:00,20160500,5000,,,,
2016/02/25 00:00:00,20160500,4882,,,,
2016/02/26 00:00:00,20160500,4932,,,,
2016/02/29 00:00:00,20160500,4928,,,,
2016/03/01 00:00:00,20160500,4948,,,,
2016/03/02 00:00:00,20160500,4962,,,,
2016/03/03 00:00:00,20160500,4900,,,,
2016/03/04 00:00:00,20160500,4970,,,,
2016/03/07 00:00:00,20160500,5050,,,,
2016/03/08 00:00:00,20160500,5108,,,,
2016/03/09 00:00:00,20160500,5110,,,,
2016/03/10 00:00:00,20160500,5152,,,,
2016/03/11 00:00:00,20160500,5072,,,,
2016/03/14 00:00:00,20160500,5140,5204.0,,,
2016/03/15 00:00:00,20160900,5198,,,,
2016/03/16 00:00:00,20160900,5192,,,,
2016/03/17 00:00:00,20160900,5204,,,,
2016/03/18 00:00:00,20160900,5320,,,,
2016/03/21 00:00:00,20160900,5350,,,,
2016/03/22 00:00:00,20160900,5380,,,,
2016/03/23 00:00:00,20160900,5450,,,,
2016/03/24 00:00:00,20160900,5404,,,,
2016/03/25 00:00:00,20160900,5338,,,,
2016/03/28 00:00:00,20160900,5498,,,,
2016/03/29 00:00:00,20160900,5512,,,,
2016/03/30 00:00:00,20160900,5570,,,,
2016/03/31 00:00:00,20160900,5494,,,,
2016/04/01 00:00:00,20160900,5498,,,,
2016/04/05 00:00:00,20160900,5570,,,,
2016/04/06 00:00:00,20160900,5572,,,,
2016/04/07 00:00:00,20160900,5504,,,,
2016/04/08 00:00:00,20160900,5522,,,,
2016/04/11 00:00:00,20160900,5450,,,,
2016/04/12 00:00:00,20160900,5434,,,,
2016/04/13 00:00:00,20160900,5432,,,,
2016/04/14 00:00:00,20160900,5504,,,,
2016/04/15 00:00:00,20160900,5556,,,,
2016/04/18 00:00:00,20160900,5510,,,,
2016/04/19 00:00:00,20160900,5610,,,,
2016/04/20 00:00:00,20160900,5692,,,,
2016/04/21 00:00:00,20160900,5744,,,,
2016/04/22 00:00:00,20160900,5850,,,,
2016/04/25 00:00:00,20160900,5700,,,,
2016/04/26 00:00:00,20160900,5658,,,,
2016/04/27 00:00:00,20160900,5690,,,,
2016/04/28 00:00:00,20160900,5584,,,,
2016/04/29 00:00:00,20160900,5480,,,,
2016/05/03 00:00:00,20160900,5400,,,,
2016/05/04 00:00:00,20160900,5398,,,,
2016/05/05 00:00:00,20160900,5472,,,,
2016/05/06 00:00:00,20160900,5480,,,,
2016/05/09 00:00:00,20160900,5388,,,,
2016/05/10 00:00:00,20160900,5490,,,,
2016/05/11 00:00:00,20160900,5470,,,,
2016/05/12 00:00:00,20160900,5520,,,,
2016/05/13 00:00:00,20160900,5352,,,,
2016/05/16 00:00:00,20160900,5104,,,,
2016/05/17 00:00:00,20160900,5200,,,,
2016/05/18 00:00:00,20160900,5258,,,,
2016/05/19 00:00:00,20160900,5170,,,,
2016/05/20 00:00:00,20160900,5052,,,,
2016/05/23 00:00:00,20160900,5150,,,,
2016/05/24 00:00:00,20160900,5000,,,,
2016/05/25 00:00:00,20160900,5060,,,,
2016/05/26 00:00:00,20160900,5120,,,,
2016/05/27 00:00:00,20160900,5250,,,,
2016/05/30 00:00:00,20160900,5204,,,,
2016/05/31 00:00:00,20160900,5268,,,,
2016/06/01 00:00:00,20160900,5246,,,,
2016/06/02 00:00:00,20160900,5210,,,,
2016/06/03 00:00:00,20160900,5330,,,,
2016/06/06 00:00:00,20160900,5388,,,,
2016/06/07 00:00:00,20160900,5398,,,,
2016/06/08 00:00:00,20160900,5430,,,,
2016/06/13 00:00:00,20160900,5436,,,,
2016/06/14 00:00:00,20160900,5230,,,,
2016/06/15 00:00:00,20160900,5160,,,,
2016/06/16 00:00:00,20160900,5106,,,,
2016/06/17 00:00:00,20160900,5040,,,,
2016/06/20 00:00:00,20160900,5118,,,,
2016/06/21 00:00:00,20160900,5086,,,,
2016/06/22 00:00:00,20160900,5012,,,,
2016/06/23 00:00:00,20160900,5108,,,,
2016/06/24 00:00:00,20160900,5096,,,,
2016/06/27 00:00:00,20160900,5008,,,,
2016/06/28 00:00:00,20160900,5100,,,,
2016/06/29 00:00:00,20160900,5234,,,,
2016/06/30 00:00:00,20160900,5160,,,,
2016/07/01 00:00:00,20160900,5222,,,,
2016/07/04 00:00:00,20160900,5232,,,,
2016/07/05 00:00:00,20160900,5364,5210.0,,,
2016/07/06 00:00:00,20170100,5218,,,,
2016/07/07 00:00:00,20170100,4990,,,,
2016/07/08 00:00:00,20170100,4894,,,,
2016/07/11 00:00:00,20170100,4858,,,,
2016/07/12 00:00:00,20170100,4926,,,,
2016/07/13 00:00:00,20170100,4850,,,,
2016/07/14 00:00:00,20170100,4950,,,,
2016/07/15 00:00:00,20170100,5012,,,,
2016/07/18 00:00:00,20170100,5050,,,,
2016/07/19 00:00:00,20170100,5070,,,,
2016/07/20 00:00:00,20170100,5064,,,,
2016/07/21 00:00:00,20170100,5112,,,,
2016/07/22 00:00:00,20170100,5080,,,,
2016/07/25 00:00:00,20170100,4922,,,,
2016/07/26 00:00:00,20170100,4876,,,,
2016/07/27 00:00:00,20170100,4918,,,,
2016/07/28 00:00:00,20170100,4956,,,,
2016/07/29 00:00:00,20170100,4910,,,,
2016/08/01 00:00:00,20170100,4992,,,,
2016/08/02 00:00:00,20170100,5100,,,,
2016/08/03 00:00:00,20170100,5120,,,,
2016/08/04 00:00:00,20170100,5220,,,,
2016/08/05 00:00:00,20170100,5230,,,,
2016/08/08 00:00:00,20170100,5166,,,,
2016/08/09 00:00:00,20170100,5216,,,,
2016/08/10 00:00:00,20170100,5298,,,,
2016/08/11 00:00:00,20170100,5348,,,,
2016/08/12 00:00:00,20170100,5238,,,,
2016/08/15 00:00:00,20170100,5328,,,,
2016/08/16 00:00:00,20170100,5500,,,,
2016/08/17 00:00:00,20170100,5496,,,,
2016/08/18 00:00:00,20170100,5600,,,,
2016/08/19 00:00:00,20170100,5550,,,,
2016/08/22 00:00:00,20170100,5546,,,,
2016/08/23 00:00:00,20170100,5478,,,,
2016/08/24 00:00:00,20170100,5532,,,,
2016/08/25 00:00:00,20170100,5604,,,,
2016/08/26 00:00:00,20170100,5518,,,,
2016/08/29 00:00:00,20170100,5490,,,,
2016/08/30 00:00:00,20170100,5428,,,,
2016/08/31 00:00:00,20170100,5446,,,,
2016/09/01 00:00:00,20170100,5344,,,,
2016/09/02 00:00:00,20170100,5346,,,,
2016/09/05 00:00:00,20170100,5462,,,,
2016/09/06 00:00:00,20170100,5580,,,,
2016/09/07 00:00:00,20170100,5568,,,,
2016/09/08 00:00:00,20170100,5532,,,,
2016/09/09 00:00:00,20170100,5542,,,,
2016/09/12 00:00:00,20170100,5598,,,,
2016/09/13 00:00:00,20170100,5476,,,,
2016/09/14 00:00:00,20170100,5500,,,,
2016/09/19 00:00:00,20170100,5410,,,,
2016/09/20 00:00:00,20170100,5534,,,,
2016/09/21 00:00:00,20170100,5686,,,,
2016/09/22 00:00:00,20170100,5688,,,,
2016/09/23 00:00:00,20170100,5752,,,,
2016/09/26 00:00:00,20170100,5706,,,,
2016/09/27 00:00:00,20170100,5802,,,,
2016/09/28 00:00:00,20170100,5716,,,,
2016/09/29 00:00:00,20170100,5600,,,,
2016/09/30 00:00:00,20170100,5594,,,,
2016/10/10 00:00:00,20170100,5430,,,,
2016/10/11 00:00:00,20170100,5448,,,,
2016/10/12 00:00:00,20170100,5554,,,,
2016/10/13 00:00:00,20170100,5530,,,,
2016/10/14 00:00:00,20170100,5460,,,,
2016/10/17 00:00:00,20170100,5520,,,,
2016/10/18 00:00:00,20170100,5800,,,,
2016/10/19 00:00:00,20170100,5784,,,,
2016/10/20 00:00:00,20170100,5816,,,,
2016/10/21 00:00:00,20170100,5776,,,,
2016/10/24 00:00:00,20170100,5738,,,,
2016/10/25 00:00:00,20170100,6000,,,,
2016/10/26 00:00:00,20170100,5892,,,,
2016/10/27 00:00:00,20170100,6050,,,,
2016/10/28 00:00:00,20170100,5974,,,,
2016/10/31 00:00:00,20170100,6010,,,,
2016/11/01 00:00:00,20170100,5932,,,,
2016/11/02 00:00:00,20170100,5868,,,,
2016/11/03 00:00:00,20170100,5888,,,,
2016/11/04 00:00:00,20170100,5900,,,,
2016/11/07 00:00:00,20170100,5874,,,,
2016/11/08 00:00:00,20170100,6020,,,,
2016/11/09 00:00:00,20170100,6148,,,,
2016/11/10 00:00:00,20170100,6094,,,,
2016/11/11 00:00:00,20170100,6192,,,,
2016/11/14 00:00:00,20170100,6330,,,,
2016/11/15 00:00:00,20170100,5976,,,,
2016/11/16 00:00:00,20170100,5924,,,,
2016/11/17 00:00:00,20170100,6128,,,,
2016/11/18 00:00:00,20170100,6150,,,,
2016/11/21 00:00:00,20170100,6146,,,,
2016/11/22 00:00:00,20170100,6270,6060.0,,,
2016/11/23 00:00:00,20170500,6036,,,,
2016/11/24 00:00:00,20170500,6092,,,,
2016/11/25 00:00:00,20170500,6250,,,,
2016/11/28 00:00:00,20170500,6322,,,,
2016/11/29 00:00:00,20170500,6350,,,,
2016/11/30 00:00:00,20170500,6210,,,,
2016/12/01 00:00:00,20170500,6274,,,,
2016/12/02 00:00:00,20170500,6266,,,,
2016/12/05 00:00:00,20170500,6332,,,,
2016/12/06 00:00:00,20170500,6390,,,,
2016/12/07 00:00:00,20170500,6420,,,,
2016/12/08 00:00:00,20170500,6372,,,,
2016/12/09 00:00:00,20170500,6304,,,,
2016/12/12 00:00:00,20170500,6266,,,,
2016/12/13 00:00:00,20170500,6336,,,,
2016/12/14 00:00:00,20170500,6310,,,,
2016/12/15 00:00:00,20170500,6296,,,,
2016/12/16 00:00:00,20170500,6416,,,,
2016/12/19 00:00:00,20170500,6418,,,,
2016/12/20 00:00:00,20170500,6350,,,,
2016/12/21 00:00:00,20170500,6258,,,,
2016/12/22 00:00:00,20170500,6260,,,,
2016/12/23 00:00:00,20170500,6152,,,,
2016/12/26 00:00:00,20170500,6106,,,,
2016/12/27 00:00:00,20170500,6120,,,,
2016/12/28 00:00:00,20170500,6248,,,,
2016/12/29 00:00:00,20170500,6232,,,,
2016/12/30 00:00:00,20170500,6256,,,,
2017/01/03 00:00:00,20170500,6200,,,,
2017/01/04 00:00:00,20170500,6262,,,,
2017/01/05 00:00:00,20170500,6188,,,,
2017/01/06 00:00:00,20170500,6114,,,,
2017/01/09 00:00:00,20170500,6094,,,,
2017/01/10 00:00:00,20170500,6124,,,,
2017/01/11 00:00:00,20170500,6148,,,,
2017/01/12 00:00:00,20170500,6252,,,,
2017/01/13 00:00:00,20170500,6272,,,,
2017/01/16 00:00:00,20170500,6264,,,,
2017/01/17 00:00:00,20170500,6330,,,,
2017/01/18 00:00:00,20170500,6352,,,,
2017/01/19 00:00:00,20170500,6304,,,,
2017/01/20 00:00:00,20170500,6302,,,,
2017/01/23 00:00:00,20170500,6280,,,,
2017/01/24 00:00:00,20170500,6246,,,,
2017/01/25 00:00:00,20170500,6378,,,,
2017/01/26 00:00:00,20170500,6310,,,,
2017/02/03 00:00:00,20170500,6228,,,,
2017/02/06 00:00:00,20170500,6122,,,,
2017/02/07 00:00:00,20170500,6152,,,,
2017/02/08 00:00:00,20170500,6124,,,,
2017/02/09 00:00:00,20170500,6218,,,,
2017/02/10 00:00:00,20170500,6192,,,,
2017/02/13 00:00:00,20170500,6240,,,,
2017/02/14 00:00:00,20170500,6144,,,,
2017/02/15 00:00:00,20170500,6100,,,,
2017/02/16 00:00:00,20170500,6114,,,,
2017/02/17 00:00:00,20170500,6014,,,,
2017/02/20 00:00:00,20170500,5900,,,,
2017/02/21 00:00:00,20170500,5908,,,,
2017/02/22 00:00:00,20170500,5868,,,,
2017/02/23 00:00:00,20170500,5890,,,,
2017/02/24 00:00:00,20170500,5800,,,,
2017/02/27 00:00:00,20170500,5842,,,,
2017/02/28 00:00:00,20170500,5780,,,,
2017/03/01 00:00:00,20170500,5826,,,,
2017/03/02 00:00:00,20170500,5898,,,,
2017/03/03 00:00:00,20170500,5880,,,,
2017/03/06 00:00:00,20170500,5894,,,,
2017/03/07 00:00:00,20170500,5920,,,,
2017/03/08 00:00:00,20170500,5870,5648.0,,,
2017/03/09 00:00:00,20170900,5670,,,,
2017/03/10 00:00:00,20170900,5638,,,,
2017/03/13 00:00:00,20170900,5524,,,,
2017/03/14 00:00:00,20170900,5500,,,,
2017/03/15 00:00:00,20170900,5494,,,,
2017/03/16 00:00:00,20170900,5544,,,,
2017/03/17 00:00:00,20170900,5610,,,,
2017/03/20 00:00:00,20170900,5624,,,,
2017/03/21 00:00:00,20170900,5626,,,,
2017/03/22 00:00:00,20170900,5638,,,,
2017/03/23 00:00:00,20170900,5650,,,,
2017/03/24 00:00:00,20170900,5536,,,,
2017/03/27 00:00:00,20170900,5508,,,,
2017/03/28 00:00:00,20170900,5404,,,,
2017/03/29 00:00:00,20170900,5420,,,,
2017/03/30 00:00:00,20170900,5436,,,,
2017/03/31 00:00:00,20170900,5350,,,,
2017/04/05 00:00:00,20170900,5306,,,,
2017/04/06 00:00:00,20170900,5402,,,,
2017/04/07 00:00:00,20170900,5420,,,,
2017/04/10 00:00:00,20170900,5358,,,,
2017/04/11 00:00:00,20170900,5226,,,,
2017/04/12 00:00:00,20170900,5250,,,,
2017/04/13 00:00:00,20170900,5186,,,,
2017/04/14 00:00:00,20170900,5206,,,,
2017/04/17 00:00:00,20170900,5216,,,,
2017/04/18 00:00:00,20170900,5220,,,,
2017/04/19 00:00:00,20170900,5154,,,,
2017/04/20 00:00:00,20170900,5106,,,,
2017/04/21 00:00:00,20170900,5156,,,,
2017/04/24 00:00:00,20170900,5168,,,,
2017/04/25 00:00:00,20170900,5190,,,,
2017/04/26 00:00:00,20170900,5084,,,,
2017/04/27 00:00:00,20170900,5142,,,,
2017/04/28 00:00:00,20170900,5150,,,,
2017/05/02 00:00:00,20170900,5196,,,,
2017/05/03 00:00:00,20170900,5246,,,,
2017/05/04 00:00:00,20170900,5210,,,,
2017/05/05 00:00:00,20170900,5206,,,,
2017/05/08 00:00:00,20170900,5240,,,,
2017/05/09 00:00:00,20170900,5336,,,,
2017/05/10 00:00:00,20170900,5360,,,,
2017/05/11 00:00:00,20170900,5350,,,,
2017/05/12 00:00:00,20170900,5500,,,,
2017/05/15 00:00:00,20170900,5462,,,,
2017/05/16 00:00:00,20170900,5500,,,,
2017/05/17 00:00:00,20170900,5500,,,,
2017/05/18 00:00:00,20170900,5556,,,,
2017/05/19 00:00:00,20170900,5450,,,,
2017/05/22 00:00:00,20170900,5500,,,,
2017/05/23 00:00:00,20170900,5552,,,,
2017/05/24 00:00:00,20170900,5476,,,,
2017/05/25 00:00:00,20170900,5458,,,,
2017/05/26 00:00:00,20170900,5462,,,,
2017/05/31 00:00:00,20170900,5310,,,,
2017/06/01 00:00:00,20170900,5254,,,,
2017/06/02 00:00:00,20170900,5252,,,,
2017/06/05 00:00:00,20170900,5210,,,,
2017/06/06 00:00:00,20170900,5258,,,,
2017/06/07 00:00:00,20170900,5250,,,,
2017/06/08 00:00:00,20170900,5170,,,,
2017/06/09 00:00:00,20170900,5158,,,,
2017/06/12 00:00:00,20170900,5176,,,,
2017/06/13 00:00:00,20170900,5300,,,,
2017/06/14 00:00:00,20170900,5212,,,,
2017/06/15 00:00:00,20170900,5252,,,,
2017/06/16 00:00:00,20170900,5260,,,,
2017/06/19 00:00:00,20170900,5332,,,,
2017/06/20 00:00:00,20170900,5366,,,,
2017/06/21 00:00:00,20170900,5240,,,,
2017/06/22 00:00:00,20170900,5212,,,,
2017/06/23 00:00:00,20170900,5188,,,,
2017/06/26 00:00:00,20170900,5206,,,,
2017/06/27 00:00:00,20170900,5202,,,,
2017/06/28 00:00:00,20170900,5240,,,,
2017/06/29 00:00:00,20170900,5210,,,,
2017/06/30 00:00:00,20170900,5276,,,,
2017/07/03 00:00:00,20170900,5280,,,,
2017/07/04 00:00:00,20170900,5352,5090.0,,,
2017/07/05 00:00:00,20180100,5110,,,,
2017/07/06 00:00:00,20180100,5144,,,,
2017/07/07 00:00:00,20180100,5208,,,,
2017/07/10 00:00:00,20180100,5210,,,,
2017/07/11 00:00:00,20180100,5286,,,,
2017/07/12 00:00:00,20180100,5294,,,,
2017/07/13 00:00:00,20180100,5290,,,,
2017/07/14 00:00:00,20180100,5264,,,,
2017/07/17 00:00:00,20180100,5244,,,,
2017/07/18 00:00:00,20180100,5250,,,,
2017/07/19 00:00:00,20180100,5216,,,,
2017/07/20 00:00:00,20180100,5224,,,,
2017/07/21 00:00:00,20180100,5302,,,,
2017/07/24 00:00:00,20180100,5310,,,,
2017/07/25 00:00:00,20180100,5250,,,,
2017/07/26 00:00:00,20180100,5386,,,,
2017/07/27 00:00:00,20180100,5366,,,,
2017/07/28 00:00:00,20180100,5464,,,,
2017/07/31 00:00:00,20180100,5396,,,,
2017/08/01 00:00:00,20180100,5452,,,,
2017/08/02 00:00:00,20180100,5422,,,,
2017/08/03 00:00:00,20180100,5418,,,,
2017/08/04 00:00:00,20180100,5312,,,,
2017/08/07 00:00:00,20180100,5354,,,,
2017/08/08 00:00:00,20180100,5304,,,,
2017/08/09 00:00:00,20180100,5396,,,,
2017/08/10 00:00:00,20180100,5426,,,,
2017/08/11 00:00:00,20180100,5436,,,,
2017/08/14 00:00:00,20180100,5410,,,,
2017/08/15 00:00:00,20180100,5432,,,,
2017/08/16 00:00:00,20180100,5356,,,,
2017/08/17 00:00:00,20180100,5312,,,,
2017/08/18 00:00:00,20180100,5342,,,,
2017/08/21 00:00:00,20180100,5420,,,,
2017/08/22 00:00:00,20180100,5468,,,,
2017/08/23 00:00:00,20180100,5548,,,,
2017/08/24 00:00:00,20180100,5558,,,,
2017/08/25 00:00:00,20180100,5600,,,,
2017/08/28 00:00:00,20180100,5540,,,,
2017/08/29 00:00:00,20180100,5536,,,,
2017/08/30 00:00:00,20180100,5468,,,,
2017/08/31 00:00:00,20180100,5452,,,,
2017/09/01 00:00:00,20180100,5472,,,,
2017/09/04 00:00:00,20180100,5526,,,,
2017/09/05 00:00:00,20180100,5534,,,,
2017/09/06 00:00:00,20180100,5572,,,,
2017/09/07 00:00:00,20180100,5540,,,,
2017/09/08 00:00:00,20180100,5576,,,,
2017/09/11 00:00:00,20180100,5498,,,,
2017/09/12 00:00:00,20180100,5650,,,,
2017/09/13 00:00:00,20180100,5680,,,,
2017/09/14 00:00:00,20180100,5730,,,,
2017/09/15 00:00:00,20180100,5788,,,,
2017/09/18 00:00:00,20180100,5776,,,,
2017/09/19 00:00:00,20180100,5708,,,,
2017/09/20 00:00:00,20180100,5730,,,,
2017/09/21 00:00:00,20180100,5726,,,,
2017/09/22 00:00:00,20180100,5648,,,,
2017/09/25 00:00:00,20180100,5644,,,,
2017/09/26 00:00:00,20180100,5588,,,,
2017/09/27 00:00:00,20180100,5642,,,,
2017/09/28 00:00:00,20180100,5640,,,,
2017/09/29 00:00:00,20180100,5500,,,,
2017/10/09 00:00:00,20180100,5574,,,,
2017/10/10 00:00:00,20180100,5582,,,,
2017/10/11 00:00:00,20180100,5518,,,,
2017/10/12 00:00:00,20180100,5516,,,,
2017/10/13 00:00:00,20180100,5560,,,,
2017/10/16 00:00:00,20180100,5600,,,,
2017/10/17 00:00:00,20180100,5596,,,,
2017/10/18 00:00:00,20180100,5598,,,,
2017/10/19 00:00:00,20180100,5558,,,,
2017/10/20 00:00:00,20180100,5500,,,,
2017/10/23 00:00:00,20180100,5608,,,,
2017/10/24 00:00:00,20180100,5670,,,,
2017/10/25 00:00:00,20180100,5672,,,,
2017/10/26 00:00:00,20180100,5720,,,,
2017/10/27 00:00:00,20180100,5688,,,,
2017/10/30 00:00:00,20180100,5694,,,,
2017/10/31 00:00:00,20180100,5740,,,,
2017/11/01 00:00:00,20180100,5706,,,,
2017/11/02 00:00:00,20180100,5678,,,,
2017/11/03 00:00:00,20180100,5686,,,,
2017/11/06 00:00:00,20180100,5646,,,,
2017/11/07 00:00:00,20180100,5626,,,,
2017/11/08 00:00:00,20180100,5644,,,,
2017/11/09 00:00:00,20180100,5650,,,,
2017/11/10 00:00:00,20180100,5688,,,,
2017/11/13 00:00:00,20180100,5624,,,,
2017/11/14 00:00:00,20180100,5604,,,,
2017/11/15 00:00:00,20180100,5514,,,,
2017/11/16 00:00:00,20180100,5484,,,,
2017/11/17 00:00:00,20180100,5492,5580.0,,,
2017/11/20 00:00:00,20180500,5572,,,,
2017/11/21 00:00:00,20180500,5518,,,,
2017/11/22 00:00:00,20180500,5500,,,,
2017/11/23 00:00:00,20180500,5522,,,,
2017/11/24 00:00:00,20180500,5476,,,,
2017/11/27 00:00:00,20180500,5500,,,,
2017/11/28 00:00:00,20180500,5418,,,,
2017/11/29 00:00:00,20180500,5430,,,,
2017/11/30 00:00:00,20180500,5400,,,,
2017/12/01 00:00:00,20180500,5460,,,,
2017/12/04 00:00:00,20180500,5456,,,,
2017/12/05 00:00:00,20180500,5472,,,,
2017/12/06 00:00:00,20180500,5392,,,,
2017/12/07 00:00:00,20180500,5384,,,,
2017/12/08 00:00:00,20180500,5294,,,,
2017/12/11 00:00:00,20180500,5322,,,,
2017/12/12 00:00:00,20180500,5310,,,,
2017/12/13 00:00:00,20180500,5336,,,,
2017/12/14 00:00:00,20180500,5318,,,,
2017/12/15 00:00:00,20180500,5254,,,,
2017/12/18 00:00:00,20180500,5288,,,,
2017/12/19 00:00:00,20180500,5278,,,,
2017/12/20 00:00:00,20180500,5262,,,,
2017/12/21 00:00:00,20180500,5248,,,,
2017/12/22 00:00:00,20180500,5166,,,,
2017/12/25 00:00:00,20180500,5144,,,,
2017/12/26 00:00:00,20180500,5160,,,,
2017/12/27 00:00:00,20180500,5206,,,,
2017/12/28 00:00:00,20180500,5248,,,,
2017/12/29 00:00:00,20180500,5230,,,,
2018/01/02 00:00:00,20180500,5242,,,,
2018/01/03 00:00:00,20180500,5320,,,,
2018/01/04 00:00:00,20180500,5366,,,,
2018/01/05 00:00:00,20180500,5342,,,,
2018/01/08 00:00:00,20180500,5348,,,,
2018/01/09 00:00:00,20180500,5344,,,,
2018/01/10 00:00:00,20180500,5342,,,,
2018/01/11 00:00:00,20180500,5348,,,,
2018/01/12 00:00:00,20180500,5306,,,,
2018/01/15 00:00:00,20180500,5258,,,,
2018/01/16 00:00:00,20180500,5274,,,,
2018/01/17 00:00:00,20180500,5224,,,,
2018/01/18 00:00:00,20180500,5180,,,,
2018/01/19 00:00:00,20180500,5194,,,,
2018/01/22 00:00:00,20180500,5150,,,,
2018/01/23 00:00:00,20180500,5198,,,,
2018/01/24 00:00:00,20180500,5220,,,,
2018/01/25 00:00:00,20180500,5236,,,,
2018/01/26 00:00:00,20180500,5206,,,,
2018/01/29 00:00:00,20180500,5222,,,,
2018/01/30 00:00:00,20180500,5260,,,,
2018/01/31 00:00:00,20180500,5198,,,,
2018/02/01 00:00:00,20180500,5184,,,,
2018/02/02 00:00:00,20180500,5136,,,,
2018/02/05 00:00:00,20180500,5082,,,,
2018/02/06 00:00:00,20180500,5100,,,,
2018/02/07 00:00:00,20180500,5092,,,,
2018/02/08 00:00:00,20180500,5106,,,,
2018/02/09 00:00:00,20180500,5136,,,,
2018/02/12 00:00:00,20180500,5136,,,,
2018/02/13 00:00:00,20180500,5190,,,,
2018/02/14 00:00:00,20180500,5154,,,,
2018/02/22 00:00:00,20180500,5162,,,,
2018/02/23 00:00:00,20180500,5148,,,,
2018/02/26 00:00:00,20180500,5256,,,,
2018/02/27 00:00:00,20180500,5284,,,,
2018/02/28 00:00:00,20180500,5278,,,,
2018/03/01 00:00:00,20180500,5338,,,,
2018/03/02 00:00:00,20180500,5318,,,,
2018/03/05 00:00:00,20180500,5252,,,,
2018/03/06 00:00:00,20180500,5248,,,,
2018/03/07 00:00:00,20180500,5272,,,,
2018/03/08 00:00:00,20180500,5190,,,,
2018/03/09 00:00:00,20180500,5118,,,,
2018/03/12 00:00:00,20180500,5070,,,,
2018/03/13 00:00:00,20180500,5082,,,,
2018/03/14 00:00:00,20180500,5120,,,,
2018/03/15 00:00:00,20180500,5118,,,,
2018/03/16 00:00:00,20180500,5118,,,,
2018/03/19 00:00:00,20180500,5090,,,,
2018/03/20 00:00:00,20180500,5102,5120.0,,,
2018/03/21 00:00:00,20180900,5120,,,,
2018/03/22 00:00:00,20180900,5110,,,,
2018/03/23 00:00:00,20180900,5120,,,,
2018/03/26 00:00:00,20180900,5106,,,,
2018/03/27 00:00:00,20180900,5100,,,,
2018/03/28 00:00:00,20180900,5086,,,,
2018/03/29 00:00:00,20180900,5060,,,,
2018/03/30 00:00:00,20180900,5004,,,,
2018/04/02 00:00:00,20180900,5050,,,,
2018/04/03 00:00:00,20180900,5128,,,,
2018/04/04 00:00:00,20180900,5098,,,,
2018/04/09 00:00:00,20180900,5304,,,,
2018/04/10 00:00:00,20180900,5158,,,,
2018/04/11 00:00:00,20180900,5126,,,,
2018/04/12 00:00:00,20180900,5126,,,,
2018/04/13 00:00:00,20180900,5058,,,,
2018/04/16 00:00:00,20180900,5042,,,,
2018/04/17 00:00:00,20180900,5004,,,,
2018/04/18 00:00:00,20180900,5000,,,,
2018/04/19 00:00:00,20180900,5018,,,,
2018/04/20 00:00:00,20180900,5016,,,,
2018/04/23 00:00:00,20180900,5020,,,,
2018/04/24 00:00:00,20180900,5006,,,,
2018/04/25 00:00:00,20180900,4980,,,,
2018/04/26 00:00:00,20180900,4990,,,,
2018/04/27 00:00:00,20180900,4986,,,,
2018/05/02 00:00:00,20180900,4954,,,,
2018/05/03 00:00:00,20180900,4976,,,,
2018/05/04 00:00:00,20180900,4956,,,,
2018/05/07 00:00:00,20180900,4950,,,,
2018/05/08 00:00:00,20180900,4984,,,,
2018/05/09 00:00:00,20180900,4986,,,,
2018/05/10 00:00:00,20180900,5042,,,,
2018/05/11 00:00:00,20180900,5090,,,,
2018/05/14 00:00:00,20180900,5088,,,,
2018/05/15 00:00:00,20180900,5082,,,,
2018/05/16 00:00:00,20180900,5088,,,,
2018/05/17 00:00:00,20180900,5060,,,,
2018/05/18 00:00:00,20180900,5080,,,,
2018/05/21 00:00:00,20180900,5128,,,,
2018/05/22 00:00:00,20180900,5138,,,,
2018/05/23 00:00:00,20180900,5190,,,,
2018/05/24 00:00:00,20180900,5148,,,,
2018/05/25 00:00:00,20180900,5190,,,,
2018/05/28 00:00:00,20180900,5116,,,,
2018/05/29 00:00:00,20180900,5042,,,,
2018/05/30 00:00:00,20180900,5072,,,,
2018/05/31 00:00:00,20180900,5100,,,,
2018/06/01 00:00:00,20180900,5098,,,,
2018/06/04 00:00:00,20180900,5094,,,,
2018/06/05 00:00:00,20180900,5086,,,,
2018/06/06 00:00:00,20180900,5034,,,,
2018/06/07 00:00:00,20180900,5018,,,,
2018/06/08 00:00:00,20180900,5020,,,,
2018/06/11 00:00:00,20180900,4978,,,,
2018/06/12 00:00:00,20180900,4964,,,,
2018/06/13 00:00:00,20180900,4912,,,,
2018/06/14 00:00:00,20180900,4858,,,,
2018/06/15 00:00:00,20180900,4882,,,,
2018/06/19 00:00:00,20180900,4856,,,,
2018/06/20 00:00:00,20180900,4630,,,,
2018/06/21 00:00:00,20180900,4668,,,,
2018/06/22 00:00:00,20180900,4708,,,,
2018/06/25 00:00:00,20180900,4724,,,,
2018/06/26 00:00:00,20180900,4740,,,,
2018/06/27 00:00:00,20180900,4742,,,,
2018/06/28 00:00:00,20180900,4802,,,,
2018/06/29 00:00:00,20180900,4828,,,,
2018/07/02 00:00:00,20180900,4856,,,,
2018/07/03 00:00:00,20180900,4870,,,,
2018/07/04 00:00:00,20180900,4860,,,,
2018/07/05 00:00:00,20180900,4812,,,,
2018/07/06 00:00:00,20180900,4804,,,,
2018/07/09 00:00:00,20180900,4804,,,,
2018/07/10 00:00:00,20180900,4782,,,,
2018/07/11 00:00:00,20180900,4704,,,,
2018/07/12 00:00:00,20180900,4640,,,,
2018/07/13 00:00:00,20180900,4630,,,,
2018/07/16 00:00:00,20180900,4570,,,,
2018/07/17 00:00:00,20180900,4632,,,,
2018/07/18 00:00:00,20180900,4630,,,,
2018/07/19 00:00:00,20180900,4674,4774.0,,,
2018/07/20 00:00:00,20190100,4774,,,,
2018/07/23 00:00:00,20190100,4748,,,,
2018/07/24 00:00:00,20190100,4750,,,,
2018/07/25 00:00:00,20190100,4770,,,,
2018/07/26 00:00:00,20190100,4774,,,,
2018/07/27 00:00:00,20190100,4804,,,,
2018/07/30 00:00:00,20190100,4832,,,,
2018/07/31 00:00:00,20190100,4850,,,,
2018/08/01 00:00:00,20190100,4850,,,,
2018/08/02 00:00:00,20190100,4888,,,,
2018/08/03 00:00:00,20190100,4888,,,,
2018/08/06 00:00:00,20190100,4876,,,,
2018/08/07 00:00:00,20190100,4894,,,,
2018/08/08 00:00:00,20190100,4926,,,,
2018/08/09 00:00:00,20190100,4940,,,,
2018/08/10 00:00:00,20190100,4950,,,,
2018/08/13 00:00:00,20190100,4968,,,,
2018/08/14 00:00:00,20190100,4908,,,,
2018/08/15 00:00:00,20190100,4900,,,,
2018/08/16 00:00:00,20190100,4884,,,,
2018/08/17 00:00:00,20190100,4890,,,,
2018/08/20 00:00:00,20190100,4928,,,,
2018/08/21 00:00:00,20190100,4948,,,,
2018/08/22 00:00:00,20190100,4940,,,,
2018/08/23 00:00:00,20190100,4958,,,,
2018/08/24 00:00:00,20190100,4926,,,,
2018/08/27 00:00:00,20190100,4920,,,,
2018/08/28 00:00:00,20190100,4846,,,,
2018/08/29 00:00:00,20190100,4906,,,,
2018/08/30 00:00:00,20190100,4876,,,,
2018/08/31 00:00:00,20190100,4898,,,,
2018/09/03 00:00:00,20190100,4868,,,,
2018/09/04 00:00:00,20190100,4900,,,,
2018/09/05 00:00:00,20190100,4960,,,,
2018/09/06 00:00:00,20190100,4938,,,,
2018/09/07 00:00:00,20190100,4946,,,,
2018/09/10 00:00:00,20190100,4896,,,,
2018/09/11 00:00:00,20190100,4928,,,,
2018/09/12 00:00:00,20190100,4922,,,,
2018/09/13 00:00:00,20190100,4872,,,,
2018/09/14 00:00:00,20190100,4872,,,,
2018/09/17 00:00:00,20190100,4850,,,,
2018/09/18 00:00:00,20190100,4852,,,,
2018/09/19 00:00:00,20190100,4766,,,,
2018/09/20 00:00:00,20190100,4724,,,,
2018/09/21 00:00:00,20190100,4688,,,,
2018/09/25 00:00:00,20190100,4694,,,,
2018/09/26 00:00:00,20190100,4706,,,,
2018/09/27 00:00:00,20190100,4732,,,,
2018/09/28 00:00:00,20190100,4702,,,,
2018/10/08 00:00:00,20190100,4750,,,,
2018/10/09 00:00:00,20190100,4742,,,,
2018/10/10 00:00:00,20190100,4808,,,,
2018/10/11 00:00:00,20190100,4798,,,,
2018/10/12 00:00:00,20190100,4720,,,,
2018/10/15 00:00:00,20190100,4802,,,,
2018/10/16 00:00:00,20190100,4806,,,,
2018/10/17 00:00:00,20190100,4784,,,,
2018/10/18 00:00:00,20190100,4810,,,,
2018/10/19 00:00:00,20190100,4728,,,,
2018/10/22 00:00:00,20190100,4748,,,,
2018/10/23 00:00:00,20190100,4768,,,,
2018/10/24 00:00:00,20190100,4752,,,,
2018/10/25 00:00:00,20190100,4704,,,,
2018/10/26 00:00:00,20190100,4668,,,,
2018/10/29 00:00:00,20190100,4640,,,,
2018/10/30 00:00:00,20190100,4680,,,,
2018/10/31 00:00:00,20190100,4634,,,,
2018/11/01 00:00:00,20190100,4640,,,,
2018/11/02 00:00:00,20190100,4636,,,,
2018/11/05 00:00:00,20190100,4552,,,,
2018/11/06 00:00:00,20190100,4550,,,,
2018/11/07 00:00:00,20190100,4528,,,,
2018/11/08 00:00:00,20190100,4512,,,,
2018/11/09 00:00:00,20190100,4468,,,,
2018/11/12 00:00:00,20190100,4390,,,,
2018/11/13 00:00:00,20190100,4380,,,,
2018/11/14 00:00:00,20190100,4350,,,,
2018/11/15 00:00:00,20190100,4280,,,,
2018/11/16 00:00:00,20190100,4288,,,,
2018/11/19 00:00:00,20190100,4236,,,,
2018/11/20 00:00:00,20190100,4224,,,,
2018/11/21 00:00:00,20190100,4210,,,,
2018/11/22 00:00:00,20190100,4202,,,,
2018/11/23 00:00:00,20190100,4210,,,,
2018/11/26 00:00:00,20190100,4220,,,,
2018/11/27 00:00:00,20190100,4150,,,,
2018/11/28 00:00:00,20190100,4140,,,,
2018/11/29 00:00:00,20190100,4180,,,,
2018/11/30 00:00:00,20190100,4216,4522.0,,,
2018/12/03 00:00:00,20190500,4528,,,,
2018/12/04 00:00:00,20190500,4500,,,,
2018/12/05 00:00:00,20190500,4526,,,,
2018/12/06 00:00:00,20190500,4512,,,,
2018/12/07 00:00:00,20190500,4530,,,,
2018/12/10 00:00:00,20190500,4492,,,,
2018/12/11 00:00:00,20190500,4556,,,,
2018/12/12 00:00:00,20190500,4510,,,,
2018/12/13 00:00:00,20190500,4502,,,,
2018/12/14 00:00:00,20190500,4492,,,,
2018/12/17 00:00:00,20190500,4510,,,,
2018/12/18 00:00:00,20190500,4498,,,,
2018/12/19 00:00:00,20190500,4558,,,,
2018/12/20 00:00:00,20190500,4608,,,,
2018/12/21 00:00:00,20190500,4608,,,,
2018/12/24 00:00:00,20190500,4590,,,,
2018/12/25 00:00:00,20190500,4536,,,,
2018/12/26 00:00:00,20190500,4480,,,,
2018/12/27 00:00:00,20190500,4490,,,,
2018/12/28 00:00:00,20190500,4502,,,,
2019/01/02 00:00:00,20190500,4494,,,,
2019/01/03 00:00:00,20190500,4606,,,,
2019/01/04 00:00:00,20190500,4610,,,,
2019/01/07 00:00:00,20190500,4650,,,,
2019/01/08 00:00:00,20190500,4626,,,,
2019/01/09 00:00:00,20190500,4654,,,,
2019/01/10 00:00:00,20190500,4680,,,,
2019/01/11 00:00:00,20190500,4636,,,,
2019/01/14 00:00:00,20190500,4628,,,,
2019/01/15 00:00:00,20190500,4612,,,,
2019/01/16 00:00:00,20190500,4612,,,,
2019/01/17 00:00:00,20190500,4612,,,,
2019/01/18 00:00:00,20190500,4596,,,,
2019/01/21 00:00:00,20190500,4688,,,,
2019/01/22 00:00:00,20190500,4752,,,,
2019/01/23 00:00:00,20190500,4740,,,,
2019/01/24 00:00:00,20190500,4768,,,,
2019/01/25 00:00:00,20190500,4786,,,,
2019/01/28 00:00:00,20190500,4770,,,,
2019/01/29 00:00:00,20190500,4846,,,,
2019/01/30 00:00:00,20190500,4812,,,,
2019/01/31 00:00:00,20190500,4808,,,,
2019/02/01 00:00:00,20190500,4780,,,,
2019/02/11 00:00:00,20190500,4802,,,,
2019/02/12 00:00:00,20190500,4762,,,,
2019/02/13 00:00:00,20190500,4766,,,,
2019/02/14 00:00:00,20190500,4762,,,,
2019/02/15 00:00:00,20190500,4780,,,,
2019/02/18 00:00:00,20190500,4762,,,,
2019/02/19 00:00:00,20190500,4778,,,,
2019/02/20 00:00:00,20190500,4796,,,,
2019/02/21 00:00:00,20190500,4726,,,,
2019/02/22 00:00:00,20190500,4732,,,,
2019/02/25 00:00:00,20190500,4712,,,,
2019/02/26 00:00:00,20190500,4650,,,,
2019/02/27 00:00:00,20190500,4576,,,,
2019/02/28 00:00:00,20190500,4536,,,,
2019/03/01 00:00:00,20190500,4546,,,,
2019/03/04 00:00:00,20190500,4648,,,,
2019/03/05 00:00:00,20190500,4648,,,,
2019/03/06 00:00:00,20190500,4634,,,,
2019/03/07 00:00:00,20190500,4628,,,,
2019/03/08 00:00:00,20190500,4580,,,,
2019/03/11 00:00:00,20190500,4582,,,,
2019/03/12 00:00:00,20190500,4580,,,,
2019/03/13 00:00:00,20190500,4586,,,,
2019/03/14 00:00:00,20190500,4514,,,,
2019/03/15 00:00:00,20190500,4474,,,,
2019/03/18 00:00:00,20190500,4454,,,,
2019/03/19 00:00:00,20190500,4462,,,,
2019/03/20 00:00:00,20190500,4456,,,,
2019/03/21 00:00:00,20190500,4494,,,,
2019/03/22 00:00:00,20190500,4492,,,,
2019/03/25 00:00:00,20190500,4456,,,,
2019/03/26 00:00:00,20190500,4434,,,,
2019/03/27 00:00:00,20190500,4434,,,,
2019/03/28 00:00:00,20190500,4444,,,,
2019/03/29 00:00:00,20190500,4226,,,,
2019/04/01 00:00:00,20190500,4334,,,,
2019/04/02 00:00:00,20190500,4346,,,,
2019/04/03 00:00:00,20190500,4394,,,,
2019/04/04 00:00:00,20190500,4426,,,,
2019/04/08 00:00:00,20190500,4478,,,,
2019/04/09 00:00:00,20190500,4452,4754.0,,,
2019/04/10 00:00:00,20190900,4740,,,,
2019/04/11 00:00:00,20190900,4682,,,,
2019/04/12 00:00:00,20190900,4656,,,,
2019/04/15 00:00:00,20190900,4706,,,,
2019/04/16 00:00:00,20190900,4656,,,,
2019/04/17 00:00:00,20190900,4650,,,,
2019/04/18 00:00:00,20190900,4666,,,,
2019/04/19 00:00:00,20190900,4604,,,,
2019/04/22 00:00:00,20190900,4620,,,,
2019/04/23 00:00:00,20190900,4608,,,,
2019/04/24 00:00:00,20190900,4612,,,,
2019/04/25 00:00:00,20190900,4584,,,,
2019/04/26 00:00:00,20190900,4570,,,,
2019/04/29 00:00:00,20190900,4504,,,,
2019/04/30 00:00:00,20190900,4500,,,,
2019/05/06 00:00:00,20190900,4376,,,,
2019/05/07 00:00:00,20190900,4372,,,,
2019/05/08 00:00:00,20190900,4430,,,,
2019/05/09 00:00:00,20190900,4422,,,,
2019/05/10 00:00:00,20190900,4412,,,,
2019/05/13 00:00:00,20190900,4400,,,,
2019/05/14 00:00:00,20190900,4382,,,,
2019/05/15 00:00:00,20190900,4398,,,,
2019/05/16 00:00:00,20190900,4436,,,,
2019/05/17 00:00:00,20190900,4490,,,,
2019/05/20 00:00:00,20190900,4482,,,,
2019/05/21 00:00:00,20190900,4478,,,,
2019/05/22 00:00:00,20190900,4476,,,,
2019/05/23 00:00:00,20190900,4410,,,,
2019/05/24 00:00:00,20190900,4360,,,,
2019/05/27 00:00:00,20190900,4380,,,,
2019/05/28 00:00:00,20190900,4394,,,,
2019/05/29 00:00:00,20190900,4410,,,,
2019/05/30 00:00:00,20190900,4512,,,,
2019/05/31 00:00:00,20190900,4466,,,,
2019/06/03 00:00:00,20190900,4460,,,,
2019/06/04 00:00:00,20190900,4380,,,,
2019/06/05 00:00:00,20190900,4418,,,,
2019/06/06 00:00:00,20190900,4420,,,,
2019/06/10 00:00:00,20190900,4376,,,,
2019/06/11 00:00:00,20190900,4380,,,,
2019/06/12 00:00:00,20190900,4402,,,,
2019/06/13 00:00:00,20190900,4344,,,,
2019/06/14 00:00:00,20190900,4374,,,,
2019/06/17 00:00:00,20190900,4390,,,,
2019/06/18 00:00:00,20190900,4378,,,,
2019/06/19 00:00:00,20190900,4362,,,,
2019/06/20 00:00:00,20190900,4376,,,,
2019/06/21 00:00:00,20190900,4350,,,,
2019/06/24 00:00:00,20190900,4336,,,,
2019/06/25 00:00:00,20190900,4306,,,,
2019/06/26 00:00:00,20190900,4290,,,,
2019/06/27 00:00:00,20190900,4260,,,,
2019/06/28 00:00:00,20190900,4286,,,,
2019/07/01 00:00:00,20190900,4286,,,,
2019/07/02 00:00:00,20190900,4296,,,,
2019/07/03 00:00:00,20190900,4274,,,,
2019/07/04 00:00:00,20190900,4240,,,,
2019/07/05 00:00:00,20190900,4242,,,,
2019/07/08 00:00:00,20190900,4244,,,,
2019/07/09 00:00:00,20190900,4238,,,,
2019/07/10 00:00:00,20190900,4188,,,,
2019/07/11 00:00:00,20190900,4204,,,,
2019/07/12 00:00:00,20190900,4200,,,,
2019/07/15 00:00:00,20190900,4186,,,,
2019/07/16 00:00:00,20190900,4228,,,,
2019/07/17 00:00:00,20190900,4216,,,,
2019/07/18 00:00:00,20190900,4214,,,,
2019/07/19 00:00:00,20190900,4194,,,,
2019/07/22 00:00:00,20190900,4190,,,,
2019/07/23 00:00:00,20190900,4212,,,,
2019/07/24 00:00:00,20190900,4250,,,,
2019/07/25 00:00:00,20190900,4302,,,,
2019/07/26 00:00:00,20190900,4318,,,,
2019/07/29 00:00:00,20190900,4336,,,,
2019/07/30 00:00:00,20190900,4366,,,,
2019/07/31 00:00:00,20190900,4360,,,,
2019/08/01 00:00:00,20190900,4360,,,,
2019/08/02 00:00:00,20190900,4340,4528.0,,,
2019/08/05 00:00:00,20200100,4534,,,,
2019/08/06 00:00:00,20200100,4618,,,,
2019/08/07 00:00:00,20200100,4630,,,,
2019/08/08 00:00:00,20200100,4632,,,,
2019/08/09 00:00:00,20200100,4672,,,,
2019/08/12 00:00:00,20200100,4792,,,,
2019/08/13 00:00:00,20200100,4836,,,,
2019/08/14 00:00:00,20200100,4862,,,,
2019/08/15 00:00:00,20200100,4818,,,,
2019/08/16 00:00:00,20200100,4774,,,,
2019/08/19 00:00:00,20200100,4770,,,,
2019/08/20 00:00:00,20200100,4728,,,,
2019/08/21 00:00:00,20200100,4760,,,,
2019/08/22 00:00:00,20200100,4760,,,,
2019/08/23 00:00:00,20200100,4858,,,,
2019/08/26 00:00:00,20200100,4888,,,,
2019/08/27 00:00:00,20200100,4966,,,,
2019/08/28 00:00:00,20200100,4870,,,,
2019/08/29 00:00:00,20200100,4902,,,,
2019/08/30 00:00:00,20200100,4838,,,,
2019/09/02 00:00:00,20200100,4802,,,,
2019/09/03 00:00:00,20200100,4876,,,,
2019/09/04 00:00:00,20200100,4790,,,,
2019/09/05 00:00:00,20200100,4844,,,,
2019/09/06 00:00:00,20200100,4780,,,,
2019/09/09 00:00:00,20200100,4812,,,,
2019/09/10 00:00:00,20200100,4844,,,,
2019/09/11 00:00:00,20200100,4828,,,,
2019/09/12 00:00:00,20200100,4826,,,,
2019/09/16 00:00:00,20200100,4820,,,,
2019/09/17 00:00:00,20200100,4886,,,,
2019/09/18 00:00:00,20200100,4990,,,,
2019/09/19 00:00:00,20200100,4888,,,,
2019/09/20 00:00:00,20200100,4830,,,,
2019/09/23 00:00:00,20200100,4802,,,,
2019/09/24 00:00:00,20200100,4800,,,,
2019/09/25 00:00:00,20200100,4716,,,,
2019/09/26 00:00:00,20200100,4716,,,,
2019/09/27 00:00:00,20200100,4742,,,,
2019/09/30 00:00:00,20200100,4682,,,,
2019/10/08 00:00:00,20200100,4730,,,,
2019/10/09 00:00:00,20200100,4714,,,,
2019/10/10 00:00:00,20200100,4792,,,,
2019/10/11 00:00:00,20200100,4792,,,,
2019/10/14 00:00:00,20200100,4790,,,,
2019/10/15 00:00:00,20200100,4682,,,,
2019/10/16 00:00:00,20200100,4712,,,,
2019/10/17 00:00:00,20200100,4812,,,,
2019/10/18 00:00:00,20200100,4804,,,,
2019/10/21 00:00:00,20200100,4830,,,,
2019/10/22 00:00:00,20200100,4860,,,,
2019/10/23 00:00:00,20200100,4900,,,,
2019/10/24 00:00:00,20200100,4900,,,,
2019/10/25 00:00:00,20200100,5008,,,,
2019/10/28 00:00:00,20200100,5078,,,,
2019/10/29 00:00:00,20200100,5162,,,,
2019/10/30 00:00:00,20200100,5118,,,,
2019/10/31 00:00:00,20200100,5252,,,,
2019/11/01 00:00:00,20200100,5216,,,,
2019/11/04 00:00:00,20200100,5220,,,,
2019/11/05 00:00:00,20200100,5328,,,,
2019/11/06 00:00:00,20200100,5360,,,,
2019/11/07 00:00:00,20200100,5432,,,,
2019/11/08 00:00:00,20200100,5324,,,,
2019/11/11 00:00:00,20200100,5388,,,,
2019/11/12 00:00:00,20200100,5522,,,,
2019/11/13 00:00:00,20200100,5498,,,,
2019/11/14 00:00:00,20200100,5444,,,,
2019/11/15 00:00:00,20200100,5448,,,,
2019/11/18 00:00:00,20200100,5368,,,,
2019/11/19 00:00:00,20200100,5368,,,,
2019/11/20 00:00:00,20200100,5448,,,,
2019/11/21 00:00:00,20200100,5626,,,,
2019/11/22 00:00:00,20200100,5544,,,,
2019/11/25 00:00:00,20200100,5674,,,,
2019/11/26 00:00:00,20200100,5674,5686.0,,,
2019/11/27 00:00:00,20200500,5702,,,,
2019/11/28 00:00:00,20200500,5710,,,,
2019/11/29 00:00:00,20200500,5720,,,,
2019/12/02 00:00:00,20200500,5746,,,,
2019/12/03 00:00:00,20200500,5718,,,,
2019/12/04 00:00:00,20200500,5728,,,,
2019/12/05 00:00:00,20200500,5726,,,,
2019/12/06 00:00:00,20200500,5802,,,,
2019/12/09 00:00:00,20200500,5848,,,,
2019/12/10 00:00:00,20200500,5930,,,,
2019/12/11 00:00:00,20200500,5896,,,,
2019/12/12 00:00:00,20200500,5826,,,,
2019/12/13 00:00:00,20200500,5882,,,,
2019/12/16 00:00:00,20200500,5876,,,,
2019/12/17 00:00:00,20200500,5932,,,,
2019/12/18 00:00:00,20200500,5968,,,,
2019/12/19 00:00:00,20200500,5908,,,,
2019/12/20 00:00:00,20200500,5954,,,,
2019/12/23 00:00:00,20200500,6050,,,,
2019/12/24 00:00:00,20200500,6042,,,,
2019/12/25 00:00:00,20200500,6062,,,,
2019/12/26 00:00:00,20200500,6052,,,,
2019/12/27 00:00:00,20200500,6168,,,,
2019/12/30 00:00:00,20200500,6326,,,,
2019/12/31 00:00:00,20200500,6350,,,,
2020/01/02 00:00:00,20200500,6278,,,,
2020/01/03 00:00:00,20200500,6378,,,,
2020/01/06 00:00:00,20200500,6346,,,,
2020/01/07 00:00:00,20200500,6298,,,,
2020/01/08 00:00:00,20200500,6334,,,,
2020/01/09 00:00:00,20200500,6306,,,,
2020/01/10 00:00:00,20200500,6394,,,,
2020/01/13 00:00:00,20200500,6466,,,,
2020/01/14 00:00:00,20200500,6352,,,,
2020/01/15 00:00:00,20200500,6178,,,,
2020/01/16 00:00:00,20200500,6146,,,,
2020/01/17 00:00:00,20200500,6104,,,,
2020/01/20 00:00:00,20200500,6080,,,,
2020/01/21 00:00:00,20200500,6124,,,,
2020/01/22 00:00:00,20200500,5964,,,,
2020/01/23 00:00:00,20200500,6110,,,,
2020/02/03 00:00:00,20200500,5676,,,,
2020/02/04 00:00:00,20200500,5510,,,,
2020/02/05 00:00:00,20200500,5640,,,,
2020/02/06 00:00:00,20200500,5816,,,,
2020/02/07 00:00:00,20200500,5848,,,,
2020/02/10 00:00:00,20200500,5848,,,,
2020/02/11 00:00:00,20200500,5784,,,,
2020/02/12 00:00:00,20200500,5700,,,,
2020/02/13 00:00:00,20200500,5630,,,,
2020/02/14 00:00:00,20200500,5576,,,,
2020/02/17 00:00:00,20200500,5512,,,,
2020/02/18 00:00:00,20200500,5594,,,,
2020/02/19 00:00:00,20200500,5522,,,,
2020/02/20 00:00:00,20200500,5412,,,,
2020/02/21 00:00:00,20200500,5506,,,,
2020/02/24 00:00:00,20200500,5500,,,,
2020/02/25 00:00:00,20200500,5348,,,,
2020/02/26 00:00:00,20200500,5210,,,,
2020/02/27 00:00:00,20200500,5200,,,,
2020/02/28 00:00:00,20200500,5150,,,,
2020/03/02 00:00:00,20200500,4952,,,,
2020/03/03 00:00:00,20200500,5050,,,,
2020/03/04 00:00:00,20200500,5008,,,,
2020/03/05 00:00:00,20200500,5120,,,,
2020/03/06 00:00:00,20200500,5140,,,,
2020/03/09 00:00:00,20200500,4864,,,,
2020/03/10 00:00:00,20200500,4866,,,,
2020/03/11 00:00:00,20200500,4910,,,,
2020/03/12 00:00:00,20200500,4828,,,,
2020/03/13 00:00:00,20200500,4638,,,,
2020/03/16 00:00:00,20200500,4602,,,,
2020/03/17 00:00:00,20200500,4582,,,,
2020/03/18 00:00:00,20200500,4726,,,,
2020/03/19 00:00:00,20200500,4718,,,,
2020/03/20 00:00:00,20200500,4730,,,,
2020/03/23 00:00:00,20200500,4632,,,,
2020/03/24 00:00:00,20200500,4656,,,,
2020/03/25 00:00:00,20200500,4790,,,,
2020/03/26 00:00:00,20200500,4880,4720.0,,,
2020/03/27 00:00:00,20200900,4742,,,,
2020/03/30 00:00:00,20200900,4798,,,,
2020/03/31 00:00:00,20200900,4906,,,,
2020/04/01 00:00:00,20200900,4788,,,,
2020/04/02 00:00:00,20200900,4660,,,,
2020/04/03 00:00:00,20200900,4756,,,,
2020/04/07 00:00:00,20200900,4710,,,,
2020/04/08 00:00:00,20200900,4744,,,,
2020/04/09 00:00:00,20200900,4852,,,,
2020/04/10 00:00:00,20200900,4806,,,,
2020/04/13 00:00:00,20200900,4798,,,,
2020/04/14 00:00:00,20200900,4678,,,,
2020/04/15 00:00:00,20200900,4666,,,,
2020/04/16 00:00:00,20200900,4680,,,,
2020/04/17 00:00:00,20200900,4600,,,,
2020/04/20 00:00:00,20200900,4680,,,,
2020/04/21 00:00:00,20200900,4612,,,,
2020/04/22 00:00:00,20200900,4388,,,,
2020/04/23 00:00:00,20200900,4444,,,,
2020/04/24 00:00:00,20200900,4480,,,,
2020/04/27 00:00:00,20200900,4330,,,,
2020/04/28 00:00:00,20200900,4344,,,,
2020/04/29 00:00:00,20200900,4356,,,,
2020/04/30 00:00:00,20200900,4390,,,,
2020/05/06 00:00:00,20200900,4360,,,,
2020/05/07 00:00:00,20200900,4300,,,,
2020/05/08 00:00:00,20200900,4368,,,,
2020/05/11 00:00:00,20200900,4406,,,,
2020/05/12 00:00:00,20200900,4418,,,,
2020/05/13 00:00:00,20200900,4358,,,,
2020/05/14 00:00:00,20200900,4398,,,,
2020/05/15 00:00:00,20200900,4384,,,,
2020/05/18 00:00:00,20200900,4482,,,,
2020/05/19 00:00:00,20200900,4560,,,,
2020/05/20 00:00:00,20200900,4592,,,,
2020/05/21 00:00:00,20200900,4570,,,,
2020/05/22 00:00:00,20200900,4612,,,,
2020/05/25 00:00:00,20200900,4494,,,,
2020/05/26 00:00:00,20200900,4592,,,,
2020/05/27 00:00:00,20200900,4616,,,,
2020/05/28 00:00:00,20200900,4726,,,,
2020/05/29 00:00:00,20200900,4740,,,,
2020/06/01 00:00:00,20200900,4780,,,,
2020/06/02 00:00:00,20200900,4784,,,,
2020/06/03 00:00:00,20200900,4856,,,,
2020/06/04 00:00:00,20200900,4938,,,,
2020/06/05 00:00:00,20200900,4870,,,,
2020/06/08 00:00:00,20200900,4930,,,,
2020/06/09 00:00:00,20200900,4908,,,,
2020/06/10 00:00:00,20200900,5014,,,,
2020/06/11 00:00:00,20200900,4988,,,,
2020/06/12 00:00:00,20200900,4968,,,,
2020/06/15 00:00:00,20200900,4950,,,,
2020/06/16 00:00:00,20200900,4862,,,,
2020/06/17 00:00:00,20200900,5014,,,,
2020/06/18 00:00:00,20200900,5016,,,,
2020/06/19 00:00:00,20200900,5014,,,,
2020/06/22 00:00:00,20200900,5186,,,,
2020/06/23 00:00:00,20200900,5148,,,,
2020/06/24 00:00:00,20200900,5144,,,,
2020/06/29 00:00:00,20200900,5000,,,,
2020/06/30 00:00:00,20200900,4950,,,,
2020/07/01 00:00:00,20200900,4950,,,,
2020/07/02 00:00:00,20200900,4946,,,,
2020/07/03 00:00:00,20200900,4980,,,,
2020/07/06 00:00:00,20200900,5020,,,,
2020/07/07 00:00:00,20200900,5088,,,,
2020/07/08 00:00:00,20200900,4998,,,,
2020/07/09 00:00:00,20200900,5078,,,,
2020/07/10 00:00:00,20200900,5084,,,,
2020/07/13 00:00:00,20200900,5004,,,,
2020/07/14 00:00:00,20200900,5046,,,,
2020/07/15 00:00:00,20200900,5220,,,,
2020/07/16 00:00:00,20200900,5298,,,,
2020/07/17 00:00:00,20200900,5276,,,,
2020/07/20 00:00:00,20200900,5468,,,,
2020/07/21 00:00:00,20200900,5560,,,,
2020/07/22 00:00:00,20200900,5498,,,,
2020/07/23 00:00:00,20200900,5532,,,,
2020/07/24 00:00:00,20200900,5684,,,,
2020/07/27 00:00:00,20200900,5750,,,,
2020/07/28 00:00:00,20200900,5680,,,,
2020/07/29 00:00:00,20200900,5582,,,,
2020/07/30 00:00:00,20200900,5634,,,,
2020/07/31 00:00:00,20200900,5700,,,,
2020/08/03 00:00:00,20200900,5694,,,,
2020/08/04 00:00:00,20200900,5842,,,,
2020/08/05 00:00:00,20200900,5952,,,,
2020/08/06 00:00:00,20200900,5886,,,,
2020/08/07 00:00:00,20200900,5986,,,,
2020/08/10 00:00:00,20200900,5916,,,,
2020/08/11 00:00:00,20200900,5832,,,,
2020/08/12 00:00:00,20200900,5760,,,,
2020/08/13 00:00:00,20200900,5752,5682.0,,,
2020/08/14 00:00:00,20210100,5664,,,,
2020/08/17 00:00:00,20210100,5616,,,,
2020/08/18 00:00:00,20210100,5706,,,,
2020/08/19 00:00:00,20210100,5726,,,,
2020/08/20 00:00:00,20210100,5780,,,,
2020/08/21 00:00:00,20210100,5610,,,,
2020/08/24 00:00:00,20210100,5580,,,,
2020/08/25 00:00:00,20210100,5618,,,,
2020/08/26 00:00:00,20210100,5518,,,,
2020/08/27 00:00:00,20210100,5572,,,,
2020/08/28 00:00:00,20210100,5670,,,,
2020/08/31 00:00:00,20210100,5750,,,,
2020/09/01 00:00:00,20210100,5882,,,,
2020/09/02 00:00:00,20210100,5866,,,,
2020/09/03 00:00:00,20210100,5892,,,,
2020/09/04 00:00:00,20210100,5992,,,,
2020/09/07 00:00:00,20210100,5866,,,,
2020/09/08 00:00:00,20210100,5850,,,,
2020/09/09 00:00:00,20210100,5920,,,,
2020/09/10 00:00:00,20210100,5862,,,,
2020/09/11 00:00:00,20210100,5880,,,,
2020/09/14 00:00:00,20210100,5872,,,,
2020/09/15 00:00:00,20210100,6088,,,,
2020/09/16 00:00:00,20210100,6110,,,,
2020/09/17 00:00:00,20210100,6122,,,,
2020/09/18 00:00:00,20210100,6210,,,,
2020/09/21 00:00:00,20210100,6398,,,,
2020/09/22 00:00:00,20210100,6400,,,,
2020/09/23 00:00:00,20210100,6210,,,,
2020/09/24 00:00:00,20210100,5990,,,,
2020/09/25 00:00:00,20210100,5850,,,,
2020/09/28 00:00:00,20210100,5910,,,,
2020/09/29 00:00:00,20210100,5910,,,,
2020/09/30 00:00:00,20210100,5870,,,,
2020/10/09 00:00:00,20210100,5950,,,,
2020/10/12 00:00:00,20210100,6080,,,,
2020/10/13 00:00:00,20210100,6230,,,,
2020/10/14 00:00:00,20210100,6252,,,,
2020/10/15 00:00:00,20210100,6260,,,,
2020/10/16 00:00:00,20210100,6060,,,,
2020/10/19 00:00:00,20210100,6080,,,,
2020/10/20 00:00:00,20210100,5820,,,,
2020/10/21 00:00:00,20210100,5958,,,,
2020/10/22 00:00:00,20210100,6000,,,,
2020/10/23 00:00:00,20210100,6124,,,,
2020/10/26 00:00:00,20210100,6090,,,,
2020/10/27 00:00:00,20210100,6300,,,,
2020/10/28 00:00:00,20210100,6256,,,,
2020/10/29 00:00:00,20210100,6208,,,,
2020/10/30 00:00:00,20210100,6240,,,,
2020/11/02 00:00:00,20210100,6274,,,,
2020/11/03 00:00:00,20210100,6178,,,,
2020/11/04 00:00:00,20210100,6394,,,,
2020/11/05 00:00:00,20210100,6420,,,,
2020/11/06 00:00:00,20210100,6546,,,,
2020/11/09 00:00:00,20210100,6480,,,,
2020/11/10 00:00:00,20210100,6520,,,,
2020/11/11 00:00:00,20210100,6500,,,,
2020/11/12 00:00:00,20210100,6660,,,,
2020/11/13 00:00:00,20210100,6650,,,,
2020/11/16 00:00:00,20210100,6684,,,,
2020/11/17 00:00:00,20210100,6732,,,,
2020/11/18 00:00:00,20210100,6812,,,,
2020/11/19 00:00:00,20210100,6900,,,,
2020/11/20 00:00:00,20210100,6926,,,,
2020/11/23 00:00:00,20210100,6780,,,,
2020/11/24 00:00:00,20210100,6714,,,,
2020/11/25 00:00:00,20210100,6660,,,,
2020/11/26 00:00:00,20210100,6736,,,,
2020/11/27 00:00:00,20210100,6710,,,,
2020/11/30 00:00:00,20210100,6810,,,,
2020/12/01 00:00:00,20210100,6614,,,,
2020/12/02 00:00:00,20210100,6666,,,,
2020/12/03 00:00:00,20210100,6500,,,,
2020/12/04 00:00:00,20210100,6680,,,,
2020/12/07 00:00:00,20210100,6780,,,,
2020/12/08 00:00:00,20210100,6750,,,,
2020/12/09 00:00:00,20210100,6650,6794.0,,,
2020/12/10 00:00:00,20210200,6780,,,,
2020/12/11 00:00:00,20210200,6776,6562.0,,,
2020/12/14 00:00:00,20210500,6530,,,,
2020/12/15 00:00:00,20210500,6650,,,,
2020/12/16 00:00:00,20210500,6594,,,,
2020/12/17 00:00:00,20210500,6696,,,,
2020/12/18 00:00:00,20210500,6664,,,,
2020/12/21 00:00:00,20210500,6810,,,,
2020/12/22 00:00:00,20210500,6720,,,,
2020/12/23 00:00:00,20210500,6650,,,,
2020/12/24 00:00:00,20210500,6802,,,,
2020/12/25 00:00:00,20210500,6928,,,,
2020/12/28 00:00:00,20210500,7034,,,,
2020/12/29 00:00:00,20210500,6840,,,,
2020/12/30 00:00:00,20210500,6826,,,,
2020/12/31 00:00:00,20210500,6916,,,,
2021/01/04 00:00:00,20210500,6980,,,,
2021/01/05 00:00:00,20210500,7052,,,,
2021/01/06 00:00:00,20210500,7088,,,,
2021/01/07 00:00:00,20210500,7266,,,,
2021/01/08 00:00:00,20210500,7250,,,,
2021/01/11 00:00:00,20210500,7256,,,,
2021/01/12 00:00:00,20210500,7144,,,,
2021/01/13 00:00:00,20210500,7012,,,,
2021/01/14 00:00:00,20210500,7046,,,,
2021/01/15 00:00:00,20210500,6760,,,,
2021/01/18 00:00:00,20210500,6628,,,,
2021/01/19 00:00:00,20210500,6748,,,,
2021/01/20 00:00:00,20210500,6646,,,,
2021/01/21 00:00:00,20210500,6528,,,,
2021/01/22 00:00:00,20210500,6618,,,,
2021/01/25 00:00:00,20210500,6490,,,,
2021/01/26 00:00:00,20210500,6494,,,,
2021/01/27 00:00:00,20210500,6586,,,,
2021/01/28 00:00:00,20210500,6780,,,,
2021/01/29 00:00:00,20210500,6756,,,,
2021/02/01 00:00:00,20210500,6820,,,,
2021/02/02 00:00:00,20210500,6726,,,,
2021/02/03 00:00:00,20210500,6640,,,,
2021/02/04 00:00:00,20210500,6422,,,,
2021/02/05 00:00:00,20210500,6550,,,,
2021/02/08 00:00:00,20210500,6584,,,,
2021/02/09 00:00:00,20210500,6686,,,,
2021/02/10 00:00:00,20210500,6900,,,,
2021/02/18 00:00:00,20210500,7100,,,,
2021/02/19 00:00:00,20210500,7100,,,,
2021/02/22 00:00:00,20210500,7216,,,,
2021/02/23 00:00:00,20210500,7248,,,,
2021/02/24 00:00:00,20210500,7400,,,,
2021/02/25 00:00:00,20210500,7472,,,,
2021/02/26 00:00:00,20210500,7688,,,,
2021/03/01 00:00:00,20210500,7502,,,,
2021/03/02 00:00:00,20210500,7540,,,,
2021/03/03 00:00:00,20210500,7428,,,,
2021/03/04 00:00:00,20210500,7352,,,,
2021/03/05 00:00:00,20210500,7466,,,,
2021/03/08 00:00:00,20210500,7520,,,,
2021/03/09 00:00:00,20210500,7776,,,,
2021/03/10 00:00:00,20210500,7750,,,,
2021/03/11 00:00:00,20210500,7780,,,,
2021/03/12 00:00:00,20210500,7918,,,,
2021/03/15 00:00:00,20210500,7970,,,,
2021/03/16 00:00:00,20210500,8000,,,,
2021/03/17 00:00:00,20210500,7818,,,,
2021/03/18 00:00:00,20210500,7838,,,,
2021/03/19 00:00:00,20210500,7738,,,,
2021/03/22 00:00:00,20210500,7694,,,,
2021/03/23 00:00:00,20210500,7864,,,,
2021/03/24 00:00:00,20210500,8048,,,,
2021/03/25 00:00:00,20210500,8036,,,,
2021/03/26 00:00:00,20210500,7956,,,,
2021/03/29 00:00:00,20210500,7524,,,,
2021/03/30 00:00:00,20210500,7596,,,,
2021/03/31 00:00:00,20210500,7354,,,,
2021/04/01 00:00:00,20210500,7390,,,,
2021/04/02 00:00:00,20210500,7568,,,,
2021/04/06 00:00:00,20210500,7600,,,,
2021/04/07 00:00:00,20210500,7766,,,,
2021/04/08 00:00:00,20210500,7770,,,,
2021/04/09 00:00:00,20210500,7686,,,,
2021/04/12 00:00:00,20210500,7572,6728.0,,,
2021/04/13 00:00:00,20210900,6710,,,,
2021/04/14 00:00:00,20210900,6806,,,,
2021/04/15 00:00:00,20210900,6818,,,,
2021/04/16 00:00:00,20210900,6930,,,,
2021/04/19 00:00:00,20210900,7100,,,,
2021/04/20 00:00:00,20210900,7082,,,,
2021/04/21 00:00:00,20210900,7290,,,,
2021/04/22 00:00:00,20210900,7380,,,,
2021/04/23 00:00:00,20210900,7540,,,,
2021/04/26 00:00:00,20210900,7550,,,,
2021/04/27 00:00:00,20210900,7362,,,,
2021/04/28 00:00:00,20210900,7560,,,,
2021/04/29 00:00:00,20210900,7450,,,,
2021/04/30 00:00:00,20210900,7580,,,,
2021/05/06 00:00:00,20210900,7620,,,,
2021/05/07 00:00:00,20210900,7890,,,,
2021/05/10 00:00:00,20210900,8102,,,,
2021/05/11 00:00:00,20210900,7966,,,,
2021/05/12 00:00:00,20210900,8022,,,,
2021/05/13 00:00:00,20210900,8280,,,,
2021/05/14 00:00:00,20210900,8284,,,,
2021/05/17 00:00:00,20210900,8190,,,,
2021/05/18 00:00:00,20210900,8100,,,,
2021/05/19 00:00:00,20210900,8368,,,,
2021/05/20 00:00:00,20210900,8000,,,,
2021/05/21 00:00:00,20210900,7902,,,,
2021/05/24 00:00:00,20210900,7620,,,,
2021/05/25 00:00:00,20210900,7560,,,,
2021/05/26 00:00:00,20210900,7626,,,,
2021/05/27 00:00:00,20210900,7660,,,,
2021/05/28 00:00:00,20210900,7500,,,,
2021/05/31 00:00:00,20210900,7590,,,,
2021/06/01 00:00:00,20210900,7546,,,,
2021/06/02 00:00:00,20210900,7604,,,,
2021/06/03 00:00:00,20210900,7860,,,,
2021/06/04 00:00:00,20210900,8100,,,,
2021/06/07 00:00:00,20210900,8026,,,,
2021/06/08 00:00:00,20210900,7964,,,,
2021/06/09 00:00:00,20210900,7692,,,,
2021/06/10 00:00:00,20210900,7580,,,,
2021/06/11 00:00:00,20210900,7608,,,,
2021/06/15 00:00:00,20210900,6958,,,,
2021/06/16 00:00:00,20210900,7100,,,,
2021/06/17 00:00:00,20210900,6886,,,,
2021/06/18 00:00:00,20210900,6740,,,,
2021/06/21 00:00:00,20210900,6816,,,,
2021/06/22 00:00:00,20210900,6802,,,,
2021/06/23 00:00:00,20210900,6902,,,,
2021/06/24 00:00:00,20210900,6968,,,,
2021/06/25 00:00:00,20210900,6840,,,,
2021/06/28 00:00:00,20210900,7040,,,,
2021/06/29 00:00:00,20210900,7068,,,,
2021/06/30 00:00:00,20210900,7144,,,,
2021/07/01 00:00:00,20210900,7190,,,,
2021/07/02 00:00:00,20210900,7568,,,,
2021/07/05 00:00:00,20210900,7636,,,,
2021/07/06 00:00:00,20210900,7612,,,,
2021/07/07 00:00:00,20210900,7700,,,,
2021/07/08 00:00:00,20210900,7550,,,,
2021/07/09 00:00:00,20210900,7550,,,,
2021/07/12 00:00:00,20210900,7814,,,,
2021/07/13 00:00:00,20210900,7746,,,,
2021/07/14 00:00:00,20210900,7856,,,,
2021/07/15 00:00:00,20210900,7888,,,,
2021/07/16 00:00:00,20210900,8030,,,,
2021/07/19 00:00:00,20210900,8110,,,,
2021/07/20 00:00:00,20210900,8052,,,,
2021/07/21 00:00:00,20210900,8208,,,,
2021/07/22 00:00:00,20210900,8098,,,,
2021/07/23 00:00:00,20210900,8068,,,,
2021/07/26 00:00:00,20210900,8348,,,,
2021/07/27 00:00:00,20210900,8430,,,,
2021/07/28 00:00:00,20210900,8542,,,,
2021/07/29 00:00:00,20210900,8382,,,,
2021/07/30 00:00:00,20210900,8550,,,,
2021/08/02 00:00:00,20210900,8514,,,,
2021/08/03 00:00:00,20210900,8122,,,,
2021/08/04 00:00:00,20210900,8106,,,,
2021/08/05 00:00:00,20210900,8400,,,,
2021/08/06 00:00:00,20210900,8400,,,,
2021/08/09 00:00:00,20210900,8530,,,,
2021/08/10 00:00:00,20210900,8398,,,,
2021/08/11 00:00:00,20210900,8664,,,,
2021/08/12 00:00:00,20210900,9000,,,,
2021/08/13 00:00:00,20210900,8990,,,,
2021/08/16 00:00:00,20210900,8960,,,,
2021/08/17 00:00:00,20210900,8810,8420.0,,,
2021/08/18 00:00:00,20220100,8360,,,,
2021/08/19 00:00:00,20220100,8148,,,,
2021/08/20 00:00:00,20220100,8110,,,,
2021/08/23 00:00:00,20220100,8018,,,,
2021/08/24 00:00:00,20220100,8170,,,,
2021/08/25 00:00:00,20220100,8168,,,,
2021/08/26 00:00:00,20220100,8292,,,,
2021/08/27 00:00:00,20220100,8278,,,,
2021/08/30 00:00:00,20220100,8252,,,,
2021/08/31 00:00:00,20220100,8174,,,,
2021/09/01 00:00:00,20220100,8246,,,,
2021/09/02 00:00:00,20220100,8026,,,,
2021/09/03 00:00:00,20220100,8072,,,,
2021/09/06 00:00:00,20220100,8318,,,,
2021/09/07 00:00:00,20220100,8326,,,,
2021/09/08 00:00:00,20220100,8426,,,,
2021/09/09 00:00:00,20220100,8522,,,,
2021/09/10 00:00:00,20220100,8450,,,,
2021/09/13 00:00:00,20220100,8154,,,,
2021/09/14 00:00:00,20220100,8280,,,,
2021/09/15 00:00:00,20220100,8306,,,,
2021/09/16 00:00:00,20220100,8456,,,,
2021/09/17 00:00:00,20220100,8516,,,,
2021/09/22 00:00:00,20220100,8150,,,,
2021/09/23 00:00:00,20220100,8392,,,,
2021/09/24 00:00:00,20220100,8666,,,,
2021/09/27 00:00:00,20220100,8682,,,,
2021/09/28 00:00:00,20220100,8580,,,,
2021/09/29 00:00:00,20220100,8640,,,,
2021/09/30 00:00:00,20220100,8632,,,,
2021/10/08 00:00:00,20220100,9346,,,,
2021/10/11 00:00:00,20220100,9500,,,,
2021/10/12 00:00:00,20220100,9450,,,,
2021/10/13 00:00:00,20220100,9350,,,,
2021/10/14 00:00:00,20220100,9526,,,,
2021/10/15 00:00:00,20220100,9288,,,,
2021/10/18 00:00:00,20220100,9470,,,,
2021/10/19 00:00:00,20220100,9556,,,,
2021/10/20 00:00:00,20220100,9680,,,,
2021/10/21 00:00:00,20220100,9830,,,,
2021/10/22 00:00:00,20220100,9720,,,,
2021/10/25 00:00:00,20220100,9470,,,,
2021/10/26 00:00:00,20220100,9602,,,,
2021/10/27 00:00:00,20220100,9696,,,,
2021/10/28 00:00:00,20220100,9574,,,,
2021/10/29 00:00:00,20220100,9472,,,,
2021/11/01 00:00:00,20220100,9748,,,,
2021/11/02 00:00:00,20220100,9632,,,,
2021/11/03 00:00:00,20220100,9716,,,,
2021/11/04 00:00:00,20220100,9932,,,,
2021/11/05 00:00:00,20220100,9610,,,,
2021/11/08 00:00:00,20220100,9430,,,,
2021/11/09 00:00:00,20220100,9254,,,,
2021/11/10 00:00:00,20220100,8970,,,,
2021/11/11 00:00:00,20220100,9290,,,,
2021/11/12 00:00:00,20220100,9358,,,,
2021/11/15 00:00:00,20220100,9394,,,,
2021/11/16 00:00:00,20220100,9458,,,,
2021/11/17 00:00:00,20220100,9532,,,,
2021/11/18 00:00:00,20220100,9700,,,,
2021/11/19 00:00:00,20220100,9800,,,,
2021/11/22 00:00:00,20220100,9880,,,,
2021/11/23 00:00:00,20220100,9730,,,,
2021/11/24 00:00:00,20220100,9510,,,,
2021/11/25 00:00:00,20220100,9610,,,,
2021/11/26 00:00:00,20220100,9648,,,,
2021/11/29 00:00:00,20220100,9374,,,,
2021/11/30 00:00:00,20220100,9416,,,,
2021/12/01 00:00:00,20220100,9046,,,,
2021/12/02 00:00:00,20220100,9258,,,,
2021/12/03 00:00:00,20220100,9120,,,,
2021/12/06 00:00:00,20220100,9492,,,,
2021/12/07 00:00:00,20220100,9490,,,,
2021/12/08 00:00:00,20220100,9646,,,,
2021/12/09 00:00:00,20220100,9370,,,,
2021/12/10 00:00:00,20220100,9192,8048.0,,,
2021/12/13 00:00:00,20220500,8094,,,,
2021/12/14 00:00:00,20220500,7974,,,,
2021/12/15 00:00:00,20220500,7800,,,,
2021/12/16 00:00:00,20220500,7634,,,,
2021/12/17 00:00:00,20220500,7836,,,,
2021/12/20 00:00:00,20220500,7928,,,,
2021/12/21 00:00:00,20220500,7690,,,,
2021/12/22 00:00:00,20220500,7964,,,,
2021/12/23 00:00:00,20220500,8020,,,,
2021/12/24 00:00:00,20220500,8098,,,,
2021/12/27 00:00:00,20220500,8390,,,,
2021/12/28 00:00:00,20220500,8346,,,,
2021/12/29 00:00:00,20220500,8536,,,,
2021/12/30 00:00:00,20220500,8346,,,,
2021/12/31 00:00:00,20220500,8440,,,,
2022/01/04 00:00:00,20220500,8610,,,,
2022/01/05 00:00:00,20220500,8736,,,,
2022/01/06 00:00:00,20220500,8860,,,,
2022/01/07 00:00:00,20220500,8780,,,,
2022/01/10 00:00:00,20220500,8862,,,,
2022/01/11 00:00:00,20220500,8906,,,,
2022/01/12 00:00:00,20220500,8964,,,,
2022/01/13 00:00:00,20220500,8906,,,,
2022/01/14 00:00:00,20220500,9048,,,,
2022/01/17 00:00:00,20220500,9050,,,,
2022/01/18 00:00:00,20220500,9060,,,,
2022/01/19 00:00:00,20220500,9160,,,,
2022/01/20 00:00:00,20220500,9286,,,,
2022/01/21 00:00:00,20220500,9416,,,,
2022/01/24 00:00:00,20220500,9606,,,,
2022/01/25 00:00:00,20220500,9460,,,,
2022/01/26 00:00:00,20220500,9432,,,,
2022/01/27 00:00:00,20220500,9600,,,,
2022/01/28 00:00:00,20220500,9774,,,,
2022/02/07 00:00:00,20220500,10012,,,,
2022/02/08 00:00:00,20220500,10162,,,,
2022/02/09 00:00:00,20220500,9922,,,,
2022/02/10 00:00:00,20220500,10056,,,,
2022/02/11 00:00:00,20220500,9972,,,,
2022/02/14 00:00:00,20220500,9998,,,,
2022/02/15 00:00:00,20220500,10070,,,,
2022/02/16 00:00:00,20220500,10094,,,,
2022/02/17 00:00:00,20220500,10120,,,,
2022/02/18 00:00:00,20220500,10160,,,,
2022/02/21 00:00:00,20220500,10364,,,,
2022/02/22 00:00:00,20220500,10546,,,,
2022/02/23 00:00:00,20220500,10670,,,,
2022/02/24 00:00:00,20220500,11110,,,,
2022/02/25 00:00:00,20220500,11650,,,,
2022/02/28 00:00:00,20220500,11100,,,,
2022/03/01 00:00:00,20220500,11396,,,,
2022/03/02 00:00:00,20220500,12220,,,,
2022/03/03 00:00:00,20220500,12242,,,,
2022/03/04 00:00:00,20220500,12500,,,,
2022/03/07 00:00:00,20220500,11820,,,,
2022/03/08 00:00:00,20220500,11856,,,,
2022/03/09 00:00:00,20220500,11772,,,,
2022/03/10 00:00:00,20220500,12536,,,,
2022/03/11 00:00:00,20220500,12400,,,,
2022/03/14 00:00:00,20220500,12236,,,,
2022/03/15 00:00:00,20220500,11504,,,,
2022/03/16 00:00:00,20220500,11060,,,,
2022/03/17 00:00:00,20220500,11550,,,,
2022/03/18 00:00:00,20220500,11230,,,,
2022/03/21 00:00:00,20220500,10730,,,,
2022/03/22 00:00:00,20220500,10876,,,,
2022/03/23 00:00:00,20220500,11264,,,,
2022/03/24 00:00:00,20220500,11600,,,,
2022/03/25 00:00:00,20220500,11310,,,,
2022/03/28 00:00:00,20220500,11600,,,,
2022/03/29 00:00:00,20220500,11580,,,,
2022/03/30 00:00:00,20220500,11400,,,,
2022/03/31 00:00:00,20220500,11522,,,,
2022/04/01 00:00:00,20220500,11410,,,,
2022/04/06 00:00:00,20220500,11160,10194.0,,,
2022/04/07 00:00:00,20220900,10120,,,,
2022/04/08 00:00:00,20220900,10206,,,,
2022/04/11 00:00:00,20220900,10386,,,,
2022/04/12 00:00:00,20220900,10250,,,,
2022/04/13 00:00:00,20220900,10680,,,,
2022/04/14 00:00:00,20220900,10688,,,,
2022/04/15 00:00:00,20220900,10892,,,,
2022/04/18 00:00:00,20220900,11240,,,,
2022/04/19 00:00:00,20220900,11340,,,,
2022/04/20 00:00:00,20220900,11374,,,,
2022/04/21 00:00:00,20220900,11130,,,,
2022/04/22 00:00:00,20220900,11148,,,,
2022/04/25 00:00:00,20220900,11500,,,,
2022/04/26 00:00:00,20220900,11000,,,,
2022/04/27 00:00:00,20220900,11410,,,,
2022/04/28 00:00:00,20220900,12326,,,,
2022/04/29 00:00:00,20220900,11950,,,,
2022/05/05 00:00:00,20220900,11904,,,,
2022/05/06 00:00:00,20220900,11832,,,,
2022/05/09 00:00:00,20220900,11550,,,,
2022/05/10 00:00:00,20220900,11522,,,,
2022/05/11 00:00:00,20220900,11520,,,,
2022/05/12 00:00:00,20220900,11588,,,,
2022/05/13 00:00:00,20220900,11380,,,,
2022/05/16 00:00:00,20220900,11672,,,,
2022/05/17 00:00:00,20220900,11640,,,,
2022/05/18 00:00:00,20220900,11480,,,,
2022/05/19 00:00:00,20220900,11520,,,,
2022/05/20 00:00:00,20220900,11302,,,,
2022/05/23 00:00:00,20220900,11616,,,,
2022/05/24 00:00:00,20220900,11758,,,,
2022/05/25 00:00:00,20220900,11996,,,,
2022/05/26 00:00:00,20220900,11870,,,,
2022/05/27 00:00:00,20220900,11898,,,,
2022/05/30 00:00:00,20220900,11928,,,,
2022/05/31 00:00:00,20220900,11700,,,,
2022/06/01 00:00:00,20220900,11880,,,,
2022/06/02 00:00:00,20220900,11876,,,,
2022/06/06 00:00:00,20220900,12182,,,,
2022/06/07 00:00:00,20220900,12060,,,,
2022/06/08 00:00:00,20220900,12084,,,,
2022/06/09 00:00:00,20220900,12160,,,,
2022/06/10 00:00:00,20220900,11514,,,,
2022/06/13 00:00:00,20220900,11358,,,,
2022/06/14 00:00:00,20220900,11270,,,,
2022/06/15 00:00:00,20220900,11418,,,,
2022/06/16 00:00:00,20220900,11020,,,,
2022/06/17 00:00:00,20220900,10784,,,,
2022/06/20 00:00:00,20220900,10708,,,,
2022/06/21 00:00:00,20220900,10150,,,,
2022/06/22 00:00:00,20220900,10000,,,,
2022/06/23 00:00:00,20220900,9450,,,,
2022/06/24 00:00:00,20220900,9616,,,,
2022/06/27 00:00:00,20220900,9222,,,,
2022/06/28 00:00:00,20220900,9550,,,,
2022/06/29 00:00:00,20220900,9734,,,,
2022/06/30 00:00:00,20220900,9578,,,,
2022/07/01 00:00:00,20220900,9520,,,,
2022/07/04 00:00:00,20220900,9016,,,,
2022/07/05 00:00:00,20220900,8788,,,,
2022/07/06 00:00:00,20220900,8388,,,,
2022/07/07 00:00:00,20220900,8100,,,,
2022/07/08 00:00:00,20220900,8088,,,,
2022/07/11 00:00:00,20220900,8170,,,,
2022/07/12 00:00:00,20220900,8150,,,,
2022/07/13 00:00:00,20220900,7908,,,,
2022/07/14 00:00:00,20220900,7452,,,,
2022/07/15 00:00:00,20220900,7520,,,,
2022/07/18 00:00:00,20220900,7542,,,,
2022/07/19 00:00:00,20220900,8100,,,,
2022/07/20 00:00:00,20220900,7834,,,,
2022/07/21 00:00:00,20220900,8100,,,,
2022/07/22 00:00:00,20220900,7790,,,,
2022/07/25 00:00:00,20220900,7780,,,,
2022/07/26 00:00:00,20220900,7786,,,,
2022/07/27 00:00:00,20220900,8086,,,,
2022/07/28 00:00:00,20220900,7970,,,,
2022/07/29 00:00:00,20220900,8354,,,,
2022/08/01 00:00:00,20220900,8762,,,,
2022/08/02 00:00:00,20220900,8400,,,,
2022/08/03 00:00:00,20220900,8120,,,,
2022/08/04 00:00:00,20220900,8140,,,,
2022/08/05 00:00:00,20220900,7888,,,,
2022/08/08 00:00:00,20220900,8100,,,,
2022/08/09 00:00:00,20220900,8424,,,,
2022/08/10 00:00:00,20220900,8494,,,,
2022/08/11 00:00:00,20220900,8460,,,,
2022/08/12 00:00:00,20220900,8682,,,,
2022/08/15 00:00:00,20220900,8770,,,,
2022/08/16 00:00:00,20220900,8500,,,,
2022/08/17 00:00:00,20220900,8666,8454.0,,,
2022/08/18 00:00:00,20230100,8440,,,,
2022/08/19 00:00:00,20230100,8238,,,,
2022/08/22 00:00:00,20230100,8232,,,,
2022/08/23 00:00:00,20230100,8480,,,,
2022/08/24 00:00:00,20230100,8500,,,,
2022/08/25 00:00:00,20230100,8680,,,,
2022/08/26 00:00:00,20230100,8584,,,,
2022/08/29 00:00:00,20230100,8576,,,,
2022/08/30 00:00:00,20230100,8616,,,,
2022/08/31 00:00:00,20230100,8400,,,,
